Temps,Amplitude
1882893.0000,0
1882893.0625,0
1882893.1250,0
1882893.1875,0
1882893.2500,0
1882893.3125,0
1882893.3750,0
1882893.4375,0
1882893.5000,0
1882893.5625,0
1882893.6250,0
1882893.6875,0
1882893.7500,0
1882893.8125,0
1882893.8750,0
1882893.9375,0
1882894.0000,0
1882894.0625,0
1882894.1250,0
1882894.1875,0
1882894.2500,0
1882894.3125,0
1882894.3750,0
1882894.4375,0
1882894.5000,0
1882894.5625,0
1882894.6250,0
1882894.6875,0
1882894.7500,0
1882894.8125,0
1882894.8750,0
1882894.9375,0
1882895.0000,0
1882895.0625,0
1882895.1250,0
1882895.1875,0
1882895.2500,0
1882895.3125,0
1882895.3750,0
1882895.4375,0
1882895.5000,0
1882895.5625,0
1882895.6250,0
1882895.6875,0
1882895.7500,0
1882895.8125,0
1882895.8750,0
1882895.9375,0
1882896.0000,0
1882896.0625,0
1882896.1250,0
1882896.1875,0
1882896.2500,0
1882896.3125,0
1882896.3750,0
1882896.4375,0
1882896.5000,0
1882896.5625,0
1882896.6250,0
1882896.6875,0
1882896.7500,0
1882896.8125,0
1882896.8750,0
1882896.9375,0
1882897.0000,0
1882897.0625,0
1882897.1250,0
1882897.1875,0
1882897.2500,0
1882897.3125,0
1882897.3750,0
1882897.4375,0
1882897.5000,0
1882897.5625,0
1882897.6250,0
1882897.6875,0
1882897.7500,0
1882897.8125,0
1882897.8750,0
1882897.9375,0
1882898.0000,0
1882898.0625,0
1882898.1250,0
1882898.1875,0
1882898.2500,0
1882898.3125,0
1882898.3750,0
1882898.4375,0
1882898.5000,0
1882898.5625,0
1882898.6250,0
1882898.6875,0
1882898.7500,0
1882898.8125,0
1882898.8750,0
1882898.9375,0
1882899.0000,0
1882899.0625,0
1882899.1250,0
1882899.1875,0
1882899.2500,0
1882899.3125,0
1882899.3750,0
1882899.4375,0
1882899.5000,0
1882899.5625,0
1882899.6250,0
1882899.6875,0
1882899.7500,0
1882899.8125,0
1882899.8750,0
1882899.9375,0
1882900.0000,0
1882900.0625,0
1882900.1250,0
1882900.1875,0
1882900.2500,0
1882900.3125,0
1882900.3750,0
1882900.4375,0
1882900.5000,0
1882900.5625,0
1882900.6250,0
1882900.6875,0
1882900.7500,0
1882900.8125,0
1882900.8750,0
1882900.9375,0
1882894.0000,0
1882894.0625,0
1882894.1250,0
1882894.1875,0
1882894.2500,0
1882894.3125,0
1882894.3750,0
1882894.4375,0
1882894.5000,0
1882894.5625,0
1882894.6250,0
1882894.6875,0
1882894.7500,0
1882894.8125,0
1882894.8750,0
1882894.9375,0
1882895.0000,0
1882895.0625,0
1882895.1250,0
1882895.1875,0
1882895.2500,0
1882895.3125,0
1882895.3750,0
1882895.4375,0
1882895.5000,0
1882895.5625,0
1882895.6250,0
1882895.6875,0
1882895.7500,0
1882895.8125,0
1882895.8750,0
1882895.9375,0
1882896.0000,0
1882896.0625,0
1882896.1250,0
1882896.1875,0
1882896.2500,0
1882896.3125,0
1882896.3750,0
1882896.4375,0
1882896.5000,0
1882896.5625,0
1882896.6250,0
1882896.6875,0
1882896.7500,0
1882896.8125,0
1882896.8750,0
1882896.9375,0
1882897.0000,0
1882897.0625,0
1882897.1250,0
1882897.1875,0
1882897.2500,0
1882897.3125,0
1882897.3750,0
1882897.4375,0
1882897.5000,0
1882897.5625,0
1882897.6250,0
1882897.6875,0
1882897.7500,0
1882897.8125,0
1882897.8750,0
1882897.9375,0
1882898.0000,0
1882898.0625,0
1882898.1250,0
1882898.1875,0
1882898.2500,0
1882898.3125,0
1882898.3750,0
1882898.4375,0
1882898.5000,0
1882898.5625,0
1882898.6250,0
1882898.6875,0
1882898.7500,0
1882898.8125,0
1882898.8750,0
1882898.9375,0
1882899.0000,0
1882899.0625,0
1882899.1250,0
1882899.1875,0
1882899.2500,0
1882899.3125,0
1882899.3750,0
1882899.4375,0
1882899.5000,0
1882899.5625,0
1882899.6250,0
1882899.6875,0
1882899.7500,0
1882899.8125,0
1882899.8750,0
1882899.9375,0
1882900.0000,0
1882900.0625,0
1882900.1250,0
1882900.1875,0
1882900.2500,0
1882900.3125,0
1882900.3750,0
1882900.4375,0
1882900.5000,0
1882900.5625,0
1882900.6250,0
1882900.6875,0
1882900.7500,0
1882900.8125,0
1882900.8750,0
1882900.9375,0
1882901.0000,0
1882901.0625,0
1882901.1250,0
1882901.1875,0
1882901.2500,0
1882901.3125,0
1882901.3750,0
1882901.4375,0
1882901.5000,0
1882901.5625,0
1882901.6250,0
1882901.6875,0
1882901.7500,0
1882901.8125,0
1882901.8750,0
1882901.9375,0
1882896.0000,0
1882896.0625,0
1882896.1250,0
1882896.1875,0
1882896.2500,0
1882896.3125,0
1882896.3750,0
1882896.4375,0
1882896.5000,0
1882896.5625,0
1882896.6250,0
1882896.6875,0
1882896.7500,0
1882896.8125,0
1882896.8750,0
1882896.9375,0
1882897.0000,0
1882897.0625,0
1882897.1250,0
1882897.1875,0
1882897.2500,0
1882897.3125,0
1882897.3750,0
1882897.4375,0
1882897.5000,0
1882897.5625,0
1882897.6250,0
1882897.6875,0
1882897.7500,0
1882897.8125,0
1882897.8750,0
1882897.9375,0
1882898.0000,0
1882898.0625,0
1882898.1250,0
1882898.1875,0
1882898.2500,0
1882898.3125,0
1882898.3750,0
1882898.4375,0
1882898.5000,0
1882898.5625,0
1882898.6250,0
1882898.6875,0
1882898.7500,0
1882898.8125,0
1882898.8750,0
1882898.9375,0
1882899.0000,0
1882899.0625,0
1882899.1250,0
1882899.1875,0
1882899.2500,0
1882899.3125,0
1882899.3750,0
1882899.4375,0
1882899.5000,0
1882899.5625,0
1882899.6250,0
1882899.6875,0
1882899.7500,0
1882899.8125,0
1882899.8750,0
1882899.9375,0
1882900.0000,0
1882900.0625,0
1882900.1250,0
1882900.1875,0
1882900.2500,0
1882900.3125,0
1882900.3750,0
1882900.4375,0
1882900.5000,0
1882900.5625,0
1882900.6250,0
1882900.6875,0
1882900.7500,0
1882900.8125,0
1882900.8750,0
1882900.9375,0
1882901.0000,0
1882901.0625,0
1882901.1250,0
1882901.1875,0
1882901.2500,0
1882901.3125,0
1882901.3750,0
1882901.4375,0
1882901.5000,0
1882901.5625,0
1882901.6250,0
1882901.6875,0
1882901.7500,0
1882901.8125,0
1882901.8750,0
1882901.9375,0
1882902.0000,0
1882902.0625,0
1882902.1250,0
1882902.1875,0
1882902.2500,0
1882902.3125,0
1882902.3750,0
1882902.4375,0
1882902.5000,0
1882902.5625,0
1882902.6250,0
1882902.6875,0
1882902.7500,0
1882902.8125,0
1882902.8750,0
1882902.9375,0
1882903.0000,0
1882903.0625,0
1882903.1250,0
1882903.1875,0
1882903.2500,0
1882903.3125,0
1882903.3750,0
1882903.4375,0
1882903.5000,0
1882903.5625,0
1882903.6250,0
1882903.6875,0
1882903.7500,0
1882903.8125,0
1882903.8750,0
1882903.9375,0
1882898.0000,0
1882898.0625,0
1882898.1250,0
1882898.1875,0
1882898.2500,0
1882898.3125,0
1882898.3750,0
1882898.4375,0
1882898.5000,0
1882898.5625,0
1882898.6250,0
1882898.6875,0
1882898.7500,0
1882898.8125,0
1882898.8750,0
1882898.9375,0
1882899.0000,0
1882899.0625,0
1882899.1250,0
1882899.1875,0
1882899.2500,0
1882899.3125,0
1882899.3750,0
1882899.4375,0
1882899.5000,0
1882899.5625,0
1882899.6250,0
1882899.6875,0
1882899.7500,0
1882899.8125,0
1882899.8750,0
1882899.9375,0
1882900.0000,0
1882900.0625,0
1882900.1250,0
1882900.1875,0
1882900.2500,0
1882900.3125,0
1882900.3750,0
1882900.4375,0
1882900.5000,0
1882900.5625,0
1882900.6250,0
1882900.6875,0
1882900.7500,0
1882900.8125,0
1882900.8750,0
1882900.9375,0
1882901.0000,0
1882901.0625,0
1882901.1250,0
1882901.1875,0
1882901.2500,0
1882901.3125,4998
1882901.3750,7029
1882901.4375,2799
1882901.5000,-1741
1882901.5625,-2401
1882901.6250,-1306
1882901.6875,305
1882901.7500,1456
1882901.8125,1029
1882901.8750,-131
1882901.9375,-589
1882902.0000,-18
1882902.0625,541
1882902.1250,2110
1882902.1875,2867
1882902.2500,734
1882902.3125,-2259
1882902.3750,-3554
1882902.4375,-5294
1882902.5000,-5626
1882902.5625,-1539
1882902.6250,3068
1882902.6875,4822
1882902.7500,3686
1882902.8125,948
1882902.8750,-276
1882902.9375,278
1882903.0000,468
1882903.0625,1069
1882903.1250,1961
1882903.1875,248
1882903.2500,-2587
1882903.3125,-2545
1882903.3750,-771
1882903.4375,393
1882903.5000,2002
1882903.5625,2077
1882903.6250,120
1882903.6875,-1795
1882903.7500,-3177
1882903.8125,-4178
1882903.8750,-3038
1882903.9375,-659
1882904.0000,624
1882904.0625,823
1882904.1250,619
1882904.1875,252
1882904.2500,1357
1882904.3125,3259
1882904.3750,3254
1882904.4375,2167
1882904.5000,1637
1882904.5625,842
1882904.6250,391
1882904.6875,1333
1882904.7500,3263
1882904.8125,5260
1882904.8750,5185
1882904.9375,3060
1882905.0000,1857
1882905.0625,1243
1882905.1250,-117
1882905.1875,-209
1882905.2500,1431
1882905.3125,3235
1882905.3750,2587
1882905.4375,-93
1882905.5000,-1756
1882905.5625,-2521
1882905.6250,-4086
1882905.6875,-3741
1882905.7500,-2402
1882905.8125,-2595
1882905.8750,-2915
1882905.9375,-3632
1882906.0000,-5962
1882906.0625,-7130
1882906.1250,-6289
1882906.1875,-5996
1882906.2500,-6306
1882906.3125,-7534
1882906.3750,-9515
1882906.4375,-10384
1882906.5000,-9088
1882906.5625,-6678
1882906.6250,-4641
1882906.6875,-4213
1882906.7500,-4343
1882906.8125,-4386
1882906.8750,-3766
1882906.9375,-1776
1882907.0000,181
1882907.0625,422
1882907.1250,-20
1882907.1875,2144
1882907.2500,5893
1882907.3125,6230
1882907.3750,1970
1882907.4375,-1703
1882907.5000,-2871
1882907.5625,-3208
1882907.6250,-3289
1882907.6875,-3051
1882907.7500,-3001
1882907.8125,-3064
1882907.8750,-3238
1882907.9375,-2893
1882908.0000,-1966
1882908.0625,-1438
1882908.1250,-1268
1882908.1875,163
1882908.2500,2565
1882908.3125,2973
1882908.3750,1076
1882908.4375,693
1882908.5000,3346
1882908.5625,6027
1882908.6250,5443
1882908.6875,1858
1882908.7500,-1248
1882908.8125,-1006
1882908.8750,1005
1882908.9375,1474
1882909.0000,782
1882909.0625,-76
1882909.1250,-755
1882909.1875,-1001
1882909.2500,-1446
1882909.3125,-1813
1882909.3750,-1920
1882909.4375,-2285
1882909.5000,-2089
1882909.5625,-160
1882909.6250,1253
1882909.6875,-569
1882909.7500,-3794
1882909.8125,-3553
1882909.8750,-306
1882909.9375,1261
1882910.0000,-1715
1882910.0625,-6119
1882910.1250,-6973
1882910.1875,-5314
1882910.2500,-4120
1882910.3125,-4280
1882910.3750,-4326
1882910.4375,-3997
1882910.5000,-3046
1882910.5625,-2009
1882910.6250,-2846
1882910.6875,-4002
1882910.7500,-4926
1882910.8125,-4797
1882910.8750,-3322
1882910.9375,-770
1882911.0000,-1066
1882911.0625,-3749
1882911.1250,-3159
1882911.1875,-260
1882911.2500,672
1882911.3125,-352
1882911.3750,-2711
1882911.4375,-3848
1882911.5000,-1385
1882911.5625,2629
1882911.6250,2715
1882911.6875,862
1882911.7500,677
1882911.8125,3026
1882911.8750,4966
1882911.9375,3438
1882912.0000,-850
1882912.0625,-2877
1882912.1250,-2477
1882912.1875,-2171
1882912.2500,-2698
1882912.3125,-2971
1882912.3750,-2891
1882912.4375,-2032
1882912.5000,-1121
1882912.5625,-718
1882912.6250,-1485
1882912.6875,-2694
1882912.7500,-4133
1882912.8125,-4290
1882912.8750,-4290
1882912.9375,-6817
1882913.0000,-10226
1882913.0625,-10300
1882913.1250,-7655
1882913.1875,-7647
1882913.2500,-9802
1882913.3125,-11591
1882913.3750,-11863
1882913.4375,-10207
1882913.5000,-8182
1882913.5625,-7993
1882913.6250,-9121
1882913.6875,-9210
1882913.7500,-7098
1882913.8125,-4322
1882913.8750,-2864
1882913.9375,-4146
1882914.0000,-5607
1882914.0625,-3401
1882914.1250,697
1882914.1875,2969
1882914.2500,3003
1882914.3125,1936
1882914.3750,341
1882914.4375,-1081
1882914.5000,-2466
1882914.5625,-4053
1882914.6250,-5836
1882914.6875,-6972
1882914.7500,-6875
1882914.8125,-5657
1882914.8750,-4328
1882914.9375,-4149
1882915.0000,-3916
1882915.0625,-2619
1882915.1250,-1540
1882915.1875,-3246
1882915.2500,-6159
1882915.3125,-6692
1882915.3750,-2975
1882915.4375,453
1882915.5000,139
1882915.5625,-877
1882915.6250,23
1882915.6875,1461
1882915.7500,1992
1882915.8125,905
1882915.8750,-1504
1882915.9375,-4043
1882916.0000,-5633
1882916.0625,-6496
1882916.1250,-5025
1882916.1875,-3869
1882916.2500,-5970
1882916.3125,-8494
1882916.3750,-8321
1882916.4375,-5558
1882916.5000,-3254
1882916.5625,-3413
1882916.6250,-4956
1882916.6875,-5905
1882916.7500,-5435
1882916.8125,-3783
1882916.8750,-3643
1882916.9375,-5225
1882917.0000,-5593
1882917.0625,-5651
1882917.1250,-6124
1882917.1875,-6250
1882917.2500,-5925
1882917.3125,-5001
1882917.3750,-4083
1882917.4375,-3774
1882917.5000,-3824
1882917.5625,-4453
1882917.6250,-5631
1882917.6875,-5338
1882917.7500,-3150
1882917.8125,-1951
1882917.8750,-2463
1882917.9375,-2874
1882918.0000,-2047
1882918.0625,-299
1882918.1250,1410
1882918.1875,1701
1882918.2500,-736
1882918.3125,-4137
1882918.3750,-5282
1882918.4375,-3917
1882918.5000,-3033
1882918.5625,-4082
1882918.6250,-5758
1882918.6875,-5596
1882918.7500,-3417
1882918.8125,-1247
1882918.8750,-909
1882918.9375,-1953
1882919.0000,-2401
1882919.0625,-2282
1882919.1250,-2470
1882919.1875,-3606
1882919.2500,-5455
1882919.3125,-6527
1882919.3750,-5665
1882919.4375,-3918
1882919.5000,-3434
1882919.5625,-4734
1882919.6250,-5839
1882919.6875,-5337
1882919.7500,-5016
1882919.8125,-6654
1882919.8750,-10105
1882919.9375,-12743
1882920.0000,-12295
1882920.0625,-9927
1882920.1250,-8411
1882920.1875,-9302
1882920.2500,-11333
1882920.3125,-11557
1882920.3750,-9041
1882920.4375,-7589
1882920.5000,-9538
1882920.5625,-13015
1882920.6250,-15203
1882920.6875,-14665
1882920.7500,-12464
1882920.8125,-11124
1882920.8750,-10806
1882920.9375,-9889
1882921.0000,-7687
1882921.0625,-4430
1882921.1250,-1928
1882921.1875,-1288
1882921.2500,-1570
1882921.3125,-1841
1882921.3750,-1694
1882921.4375,-1438
1882921.5000,-1489
1882921.5625,-1730
1882921.6250,-746
1882921.6875,753
1882921.7500,454
1882921.8125,-2656
1882921.8750,-5852
1882921.9375,-7297
1882922.0000,-7358
1882922.0625,-6649
1882922.1250,-5861
1882922.1875,-5067
1882922.2500,-4721
1882922.3125,-4133
1882922.3750,-3959
1882922.4375,-4095
1882922.5000,-3890
1882922.5625,-1870
1882922.6250,2013
1882922.6875,5186
1882922.7500,4096
1882922.8125,895
1882922.8750,-2007
1882922.9375,-3324
1882923.0000,-1386
1882923.0625,1239
1882923.1250,10
1882923.1875,-4257
1882923.2500,-6086
1882923.3125,-4101
1882923.3750,-1886
1882923.4375,-1424
1882923.5000,-3106
1882923.5625,-5424
1882923.6250,-6412
1882923.6875,-6031
1882923.7500,-6969
1882923.8125,-7721
1882923.8750,-5705
1882923.9375,-3422
1882924.0000,-2151
1882924.0625,-1448
1882924.1250,-2913
1882924.1875,-6895
1882924.2500,-9876
1882924.3125,-9852
1882924.3750,-8092
1882924.4375,-7310
1882924.5000,-9036
1882924.5625,-10173
1882924.6250,-8129
1882924.6875,-4716
1882924.7500,-2125
1882924.8125,-650
1882924.8750,-1209
1882924.9375,-2573
1882925.0000,-2632
1882925.0625,-2117
1882925.1250,-2794
1882925.1875,-3117
1882925.2500,-1500
1882925.3125,683
1882925.3750,1365
1882925.4375,468
1882925.5000,-2166
1882925.5625,-3507
1882925.6250,-1802
1882925.6875,611
1882925.7500,861
1882925.8125,-632
1882925.8750,-2291
1882925.9375,-2442
1882926.0000,-821
1882926.0625,893
1882926.1250,1766
1882926.1875,1926
1882926.2500,2271
1882926.3125,3234
1882926.3750,3288
1882926.4375,1077
1882926.5000,-1141
1882926.5625,-1542
1882926.6250,-939
1882926.6875,-1268
1882926.7500,-2926
1882926.8125,-4505
1882926.8750,-5497
1882926.9375,-5976
1882927.0000,-5264
1882927.0625,-4703
1882927.1250,-5400
1882927.1875,-5823
1882927.2500,-5356
1882927.3125,-5372
1882927.3750,-5828
1882927.4375,-6150
1882927.5000,-6774
1882927.5625,-7091
1882927.6250,-6871
1882927.6875,-7770
1882927.7500,-9901
1882927.8125,-10325
1882927.8750,-8352
1882927.9375,-6337
1882928.0000,-5170
1882928.0625,-4504
1882928.1250,-3755
1882928.1875,-2346
1882928.2500,-186
1882928.3125,1658
1882928.3750,2039
1882928.4375,2286
1882928.5000,3839
1882928.5625,6093
1882928.6250,7676
1882928.6875,7476
1882928.7500,5094
1882928.8125,2565
1882928.8750,1842
1882928.9375,2160
1882929.0000,1476
1882929.0625,-951
1882929.1250,-3828
1882929.1875,-5124
1882929.2500,-4944
1882929.3125,-4741
1882929.3750,-3944
1882929.4375,-1471
1882929.5000,772
1882929.5625,1849
1882929.6250,3222
1882929.6875,4945
1882929.7500,5948
1882929.8125,6133
1882929.8750,5583
1882929.9375,5437
1882930.0000,6466
1882930.0625,6281
1882930.1250,4085
1882930.1875,2388
1882930.2500,3085
1882930.3125,4439
1882930.3750,3899
1882930.4375,1625
1882930.5000,343
1882930.5625,1134
1882930.6250,2198
1882930.6875,1603
1882930.7500,-487
1882930.8125,-1917
1882930.8750,-940
1882930.9375,1326
1882931.0000,2155
1882931.0625,1196
1882931.1250,435
1882931.1875,826
1882931.2500,2322
1882931.3125,3600
1882931.3750,3065
1882931.4375,39
1882931.5000,-2506
1882931.5625,-2161
1882931.6250,-1165
1882931.6875,-1432
1882931.7500,-1666
1882931.8125,-609
1882931.8750,1296
1882931.9375,3185
1882932.0000,4174
1882932.0625,3898
1882932.1250,3146
1882932.1875,3173
1882932.2500,4159
1882932.3125,4129
1882932.3750,3054
1882932.4375,2237
1882932.5000,2605
1882932.5625,3556
1882932.6250,4530
1882932.6875,4974
1882932.7500,4260
1882932.8125,3326
1882932.8750,3652
1882932.9375,4732
1882933.0000,4989
1882933.0625,4228
1882933.1250,4359
1882933.1875,5723
1882933.2500,6579
1882933.3125,6005
1882933.3750,5398
1882933.4375,5756
1882933.5000,6229
1882933.5625,5896
1882933.6250,4933
1882933.6875,3516
1882933.7500,2038
1882933.8125,1111
1882933.8750,586
1882933.9375,689
1882934.0000,1256
1882934.0625,1323
1882934.1250,434
1882934.1875,378
1882934.2500,1479
1882934.3125,1918
1882934.3750,955
1882934.4375,-625
1882934.5000,-1558
1882934.5625,-1187
1882934.6250,-1219
1882934.6875,-2244
1882934.7500,-2388
1882934.8125,-1598
1882934.8750,-1117
1882934.9375,-1291
1882935.0000,-1397
1882935.0625,-1782
1882935.1250,-3500
1882935.1875,-5371
1882935.2500,-5061
1882935.3125,-3054
1882935.3750,-1199
1882935.4375,164
1882935.5000,2001
1882935.5625,5465
1882935.6250,9228
1882935.6875,10965
1882935.7500,9837
1882935.8125,8448
1882935.8750,8904
1882935.9375,10160
1882936.0000,9095
1882936.0625,6768
1882936.1250,5402
1882936.1875,4951
1882936.2500,3860
1882936.3125,1897
1882936.3750,892
1882936.4375,1306
1882936.5000,1623
1882936.5625,1540
1882936.6250,1183
1882936.6875,670
1882936.7500,1439
1882936.8125,3249
1882936.8750,5202
1882936.9375,6373
1882937.0000,6331
1882937.0625,5713
1882937.1250,5808
1882937.1875,6647
1882937.2500,7855
1882937.3125,8685
1882937.3750,7654
1882937.4375,6296
1882937.5000,6158
1882937.5625,6312
1882937.6250,5751
1882937.6875,4290
1882937.7500,2770
1882937.8125,2148
1882937.8750,1709
1882937.9375,1446
1882938.0000,1821
1882938.0625,2388
1882938.1250,1928
1882938.1875,361
1882938.2500,192
1882938.3125,1175
1882938.3750,1584
1882938.4375,2157
1882938.5000,1084
1882938.5625,-3063
1882938.6250,-5521
1882938.6875,-4137
1882938.7500,-1017
1882938.8125,2083
1882938.8750,2146
1882938.9375,-358
1882939.0000,-1423
1882939.0625,-1016
1882939.1250,-2550
1882939.1875,-4315
1882939.2500,-611
1882939.3125,5044
1882939.3750,5267
1882939.4375,746
1882939.5000,-621
1882939.5625,868
1882939.6250,1375
1882939.6875,1214
1882939.7500,4010
1882939.8125,8484
1882939.8750,8575
1882939.9375,3169
1882940.0000,-1370
1882940.0625,-1751
1882940.1250,1876
1882940.1875,6711
1882940.2500,8090
1882940.3125,5898
1882940.3750,3175
1882940.4375,2245
1882940.5000,2268
1882940.5625,2073
1882940.6250,2662
1882940.6875,2643
1882940.7500,1576
1882940.8125,220
1882940.8750,-1957
1882940.9375,-5356
1882941.0000,-4395
1882941.0625,282
1882941.1250,2578
1882941.1875,1648
1882941.2500,-11
1882941.3125,-3022
1882941.3750,-6001
1882941.4375,-6378
1882941.5000,-4723
1882941.5625,-3232
1882941.6250,-3722
1882941.6875,-5417
1882941.7500,-5069
1882941.8125,-2433
1882941.8750,-2283
1882941.9375,-2830
1882942.0000,-1742
1882942.0625,-2193
1882942.1250,-4966
1882942.1875,-8072
1882942.2500,-10695
1882942.3125,-12031
1882942.3750,-11294
1882942.4375,-9070
1882942.5000,-5713
1882942.5625,-1590
1882942.6250,-42
1882942.6875,-718
1882942.7500,-440
1882942.8125,1629
1882942.8750,3189
1882942.9375,3929
1882943.0000,3768
1882943.0625,2723
1882943.1250,2670
1882943.1875,3727
1882943.2500,4153
1882943.3125,3171
1882943.3750,1718
1882943.4375,728
1882943.5000,-1192
1882943.5625,-5377
1882943.6250,-8191
1882943.6875,-6041
1882943.7500,-2556
1882943.8125,-1770
1882943.8750,-4133
1882943.9375,-5580
1882944.0000,-3168
1882944.0625,804
1882944.1250,2778
1882944.1875,4396
1882944.2500,4180
1882944.3125,1954
1882944.3750,1283
1882944.4375,1757
1882944.5000,1839
1882944.5625,1967
1882944.6250,539
1882944.6875,-1704
1882944.7500,-1094
1882944.8125,1532
1882944.8750,2772
1882944.9375,1828
1882945.0000,-300
1882945.0625,-2463
1882945.1250,-3753
1882945.1875,-4255
1882945.2500,-4969
1882945.3125,-5945
1882945.3750,-5819
1882945.4375,-4867
1882945.5000,-5484
1882945.5625,-7480
1882945.6250,-7153
1882945.6875,-3867
1882945.7500,-1050
1882945.8125,-703
1882945.8750,-2276
1882945.9375,-4032
1882946.0000,-4394
1882946.0625,-2339
1882946.1250,790
1882946.1875,2332
1882946.2500,1383
1882946.3125,-125
1882946.3750,-585
1882946.4375,378
1882946.5000,983
1882946.5625,-60
1882946.6250,-1987
1882946.6875,-3013
1882946.7500,-1916
1882946.8125,1076
1882946.8750,3473
1882946.9375,2695
1882947.0000,576
1882947.0625,738
1882947.1250,2805
1882947.1875,3759
1882947.2500,3539
1882947.3125,2630
1882947.3750,1470
1882947.4375,1030
1882947.5000,1144
1882947.5625,857
1882947.6250,240
1882947.6875,-1371
1882947.7500,-2492
1882947.8125,-1460
1882947.8750,-611
1882947.9375,-1307
1882948.0000,-1931
1882948.0625,-1820
1882948.1250,-1811
1882948.1875,-3514
1882948.2500,-5814
1882948.3125,-7149
1882948.3750,-6611
1882948.4375,-5895
1882948.5000,-5061
1882948.5625,-5224
1882948.6250,-6445
1882948.6875,-6912
1882948.7500,-4564
1882948.8125,-1577
1882948.8750,-2189
1882948.9375,-5034
1882949.0000,-7201
1882949.0625,-7888
1882949.1250,-6638
1882949.1875,-6346
1882949.2500,-9157
1882949.3125,-12679
1882949.3750,-12527
1882949.4375,-10423
1882949.5000,-9645
1882949.5625,-9907
1882949.6250,-10681
1882949.6875,-10288
1882949.7500,-8180
1882949.8125,-6419
1882949.8750,-5934
1882949.9375,-4819
1882950.0000,-2196
1882950.0625,204
1882950.1250,2264
1882950.1875,2624
1882950.2500,1137
1882950.3125,468
1882950.3750,2284
1882950.4375,3787
1882950.5000,3014
1882950.5625,-955
1882950.6250,-6425
1882950.6875,-7697
1882950.7500,-4804
1882950.8125,-3983
1882950.8750,-7822
1882950.9375,-9886
1882951.0000,-8247
1882951.0625,-6256
1882951.1250,-4892
1882951.1875,-5090
1882951.2500,-5654
1882951.3125,-4520
1882951.3750,-2205
1882951.4375,157
1882951.5000,1383
1882951.5625,474
1882951.6250,-777
1882951.6875,-771
1882951.7500,-440
1882951.8125,-2200
1882951.8750,-3524
1882951.9375,-3363
1882952.0000,-2534
1882952.0625,-2024
1882952.1250,-2810
1882952.1875,-6181
1882952.2500,-9125
1882952.3125,-9043
1882952.3750,-6840
1882952.4375,-5318
1882952.5000,-6283
1882952.5625,-7582
1882952.6250,-7741
1882952.6875,-6373
1882952.7500,-5457
1882952.8125,-5278
1882952.8750,-6099
1882952.9375,-7826
1882953.0000,-9075
1882953.0625,-7499
1882953.1250,-5376
1882953.1875,-3600
1882953.2500,-2794
1882953.3125,-4148
1882953.3750,-5102
1882953.4375,-4945
1882953.5000,-4939
1882953.5625,-4653
1882953.6250,-4521
1882953.6875,-5507
1882953.7500,-6135
1882953.8125,-5491
1882953.8750,-4197
1882953.9375,-2626
1882954.0000,-1445
1882954.0625,-1583
1882954.1250,-1745
1882954.1875,-1981
1882954.2500,-1819
1882954.3125,-1809
1882954.3750,-2137
1882954.4375,-2722
1882954.5000,-4379
1882954.5625,-6427
1882954.6250,-5739
1882954.6875,-2861
1882954.7500,-1324
1882954.8125,-781
1882954.8750,-708
1882954.9375,-1369
1882955.0000,-2390
1882955.0625,-3094
1882955.1250,-2320
1882955.1875,-532
1882955.2500,-595
1882955.3125,-2363
1882955.3750,-3187
1882955.4375,-2745
1882955.5000,-2563
1882955.5625,-3076
1882955.6250,-4063
1882955.6875,-5246
1882955.7500,-6213
1882955.8125,-7592
1882955.8750,-8863
1882955.9375,-8240
1882956.0000,-6774
1882956.0625,-6800
1882956.1250,-7601
1882956.1875,-7846
1882956.2500,-8203
1882956.3125,-8947
1882956.3750,-9083
1882956.4375,-8732
1882956.5000,-9391
1882956.5625,-11450
1882956.6250,-13284
1882956.6875,-13491
1882956.7500,-13380
1882956.8125,-14113
1882956.8750,-15410
1882956.9375,-16093
1882957.0000,-15985
1882957.0625,-14980
1882957.1250,-13708
1882957.1875,-12321
1882957.2500,-10030
1882957.3125,-6701
1882957.3750,-3839
1882957.4375,-3120
1882957.5000,-3703
1882957.5625,-4268
1882957.6250,-3728
1882957.6875,-3556
1882957.7500,-4230
1882957.8125,-4185
1882957.8750,-3683
1882957.9375,-4181
1882958.0000,-5650
1882958.0625,-8102
1882958.1250,-10240
1882958.1875,-11354
1882958.2500,-12041
1882958.3125,-11915
1882958.3750,-10301
1882958.4375,-8259
1882958.5000,-7230
1882958.5625,-6495
1882958.6250,-4888
1882958.6875,-3124
1882958.7500,-3090
1882958.8125,-4645
1882958.8750,-5290
1882958.9375,-4667
1882959.0000,-3603
1882959.0625,-3757
1882959.1250,-4905
1882959.1875,-4805
1882959.2500,-3021
1882959.3125,-1955
1882959.3750,-2984
1882959.4375,-4483
1882959.5000,-5164
1882959.5625,-5461
1882959.6250,-5937
1882959.6875,-7033
1882959.7500,-7905
1882959.8125,-7751
1882959.8750,-7950
1882959.9375,-9085
1882960.0000,-10095
1882960.0625,-10168
1882960.1250,-9167
1882960.1875,-7820
1882960.2500,-7303
1882960.3125,-8072
1882960.3750,-8594
1882960.4375,-8507
1882960.5000,-7020
1882960.5625,-4625
1882960.6250,-2871
1882960.6875,-2311
1882960.7500,-2799
1882960.8125,-3742
1882960.8750,-4088
1882960.9375,-2446
1882961.0000,-284
1882961.0625,-569
1882961.1250,-2936
1882961.1875,-4733
1882961.2500,-5458
1882961.3125,-5435
1882961.3750,-5502
1882961.4375,-6125
1882961.5000,-5191
1882961.5625,-2177
1882961.6250,-757
1882961.6875,-1642
1882961.7500,-2507
1882961.8125,-2762
1882961.8750,-2926
1882961.9375,-3709
1882986.0000,-5319
1882986.0625,-4301
1882986.1250,-3787
1882986.1875,-4624
1882986.2500,-4890
1882986.3125,-4804
1882986.3750,-4300
1882986.4375,-4453
1882986.5000,-5684
1882986.5625,-6882
1882986.6250,-6286
1882986.6875,-5023
1882986.7500,-4092
1882986.8125,-5270
1882986.8750,-9141
1882986.9375,-12790
1882987.0000,-11395
1882987.0625,-8624
1882987.1250,-7565
1882987.1875,-8262
1882987.2500,-8861
1882987.3125,-7459
1882987.3750,-2361
1882987.4375,1940
1882987.5000,1821
1882987.5625,-1457
1882987.6250,-3184
1882987.6875,-840
1882987.7500,2005
1882987.8125,1364
1882987.8750,-1899
1882987.9375,-2946
1882988.0000,-1214
1882988.0625,257
1882988.1250,-876
1882988.1875,-3899
1882988.2500,-6332
1882988.3125,-7288
1882988.3750,-6292
1882988.4375,-5399
1882988.5000,-6725
1882988.5625,-7972
1882988.6250,-7974
1882988.6875,-7653
1882988.7500,-6951
1882988.8125,-5932
1882988.8750,-5774
1882988.9375,-5695
1882989.0000,-4471
1882989.0625,-2411
1882989.1250,-1066
1882989.1875,-903
1882989.2500,-2578
1882989.3125,-2693
1882989.3750,-764
1882989.4375,711
1882989.5000,9
1882989.5625,-603
1882989.6250,180
1882989.6875,1072
1882989.7500,764
1882989.8125,-1325
1882989.8750,-3642
1882989.9375,-4881
1882990.0000,-5143
1882990.0625,-6301
1882990.1250,-7713
1882990.1875,-8211
1882990.2500,-7550
1882990.3125,-6459
1882990.3750,-5666
1882990.4375,-6104
1882990.5000,-6729
1882990.5625,-7215
1882990.6250,-6344
1882990.6875,-4275
1882990.7500,-4383
1882990.8125,-6114
1882990.8750,-7714
1882990.9375,-8517
1882991.0000,-7485
1882991.0625,-5227
1882991.1250,-4349
1882991.1875,-4933
1882991.2500,-4862
1882991.3125,-3630
1882991.3750,-2501
1882991.4375,-2082
1882991.5000,-3067
1882991.5625,-3222
1882991.6250,-1916
1882991.6875,-300
1882991.7500,-51
1882991.8125,-828
1882991.8750,-1486
1882991.9375,-1363
1882992.0000,-843
1882992.0625,-505
1882992.1250,-636
1882992.1875,-977
1882992.2500,-929
1882992.3125,-503
1882992.3750,-333
1882992.4375,-1680
1882992.5000,-3865
1882992.5625,-3984
1882992.6250,-2398
1882992.6875,-1780
1882992.7500,-2414
1882992.8125,-4159
1882992.8750,-5120
1882992.9375,-3488
1882993.0000,-1645
1882993.0625,-2351
1882993.1250,-4883
1882993.1875,-6275
1882993.2500,-5680
1882993.3125,-4741
1882993.3750,-5508
1882993.4375,-6902
1882993.5000,-7004
1882993.5625,-6231
1882993.6250,-5044
1882993.6875,-4315
1882993.7500,-5581
1882993.8125,-7977
1882993.8750,-9372
1882993.9375,-9542
1882994.0000,-9487
1882994.0625,-9884
1882994.1250,-10293
1882994.1875,-9480
1882994.2500,-7175
1882994.3125,-6350
1882994.3750,-8817
1882994.4375,-12012
1882994.5000,-13236
1882994.5625,-13371
1882994.6250,-13751
1882994.6875,-14424
1882994.7500,-14130
1882994.8125,-12386
1882994.8750,-10416
1882994.9375,-9441
1882995.0000,-9583
1882995.0625,-9913
1882995.1250,-8497
1882995.1875,-5965
1882995.2500,-3785
1882995.3125,-3255
1882995.3750,-3131
1882995.4375,-2953
1882995.5000,-2444
1882995.5625,-2003
1882995.6250,-1848
1882995.6875,-2472
1882995.7500,-3426
1882995.8125,-2831
1882995.8750,-1538
1882995.9375,-1587
1882996.0000,-3059
1882996.0625,-4903
1882996.1250,-7097
1882996.1875,-7727
1882996.2500,-6724
1882996.3125,-6925
1882996.3750,-9025
1882996.4375,-10267
1882996.5000,-7950
1882996.5625,-3665
1882996.6250,-1822
1882996.6875,-3123
1882996.7500,-4491
1882996.8125,-4677
1882996.8750,-4341
1882996.9375,-4036
1882997.0000,-4127
1882997.0625,-3491
1882997.1250,-2073
1882997.1875,-1138
1882997.2500,-1312
1882997.3125,-1537
1882997.3750,-2164
1882997.4375,-3968
1882997.5000,-4945
1882997.5625,-3181
1882997.6250,-1060
1882997.6875,-1562
1882997.7500,-4060
1882997.8125,-6224
1882997.8750,-7217
1882997.9375,-7335
1882998.0000,-7128
1882998.0625,-5022
1882998.1250,-1200
1882998.1875,-954
1882998.2500,-5358
1882998.3125,-9525
1882998.3750,-10215
1882998.4375,-7281
1882998.5000,-3784
1882998.5625,-3368
1882998.6250,-5191
1882998.6875,-6570
1882998.7500,-6274
1882998.8125,-4526
1882998.8750,-2684
1882998.9375,-1775
1882999.0000,-2264
1882999.0625,-3210
1882999.1250,-3352
1882999.1875,-3385
1882999.2500,-4247
1882999.3125,-3551
1882999.3750,-2072
1882999.4375,-2256
1882999.5000,-3354
1882999.5625,-3898
1882999.6250,-5094
1882999.6875,-5381
1882999.7500,-3620
1882999.8125,-1757
1882999.8750,-2689
1882999.9375,-6534
1883000.0000,-9225
1883000.0625,-8109
1883000.1250,-6054
1883000.1875,-5227
1883000.2500,-3470
1883000.3125,-1753
1883000.3750,-2459
1883000.4375,-3427
1883000.5000,-2270
1883000.5625,-1107
1883000.6250,-1625
1883000.6875,-2370
1883000.7500,-2486
1883000.8125,-2741
1883000.8750,-2919
1883000.9375,-3386
1883001.0000,-3366
1883001.0625,-2542
1883001.1250,-1435
1883001.1875,-1030
1883001.2500,-1088
1883001.3125,-1593
1883001.3750,-3267
1883001.4375,-4747
1883001.5000,-5535
1883001.5625,-5792
1883001.6250,-5547
1883001.6875,-4958
1883001.7500,-4431
1883001.8125,-4784
1883001.8750,-6263
1883001.9375,-6948
1883002.0000,-6408
1883002.0625,-7090
1883002.1250,-8680
1883002.1875,-9871
1883002.2500,-10789
1883002.3125,-11253
1883002.3750,-11014
1883002.4375,-10150
1883002.5000,-8500
1883002.5625,-7372
1883002.6250,-7120
1883002.6875,-6573
1883002.7500,-5274
1883002.8125,-2764
1883002.8750,-141
1883002.9375,259
1883003.0000,102
1883003.0625,1786
1883003.1250,4326
1883003.1875,5008
1883003.2500,3076
1883003.3125,96
1883003.3750,-614
1883003.4375,1299
1883003.5000,2941
1883003.5625,2591
1883003.6250,1081
1883003.6875,-253
1883003.7500,-902
1883003.8125,-1382
1883003.8750,-1466
1883003.9375,-230
1883004.0000,1558
1883004.0625,1077
1883004.1250,-1638
1883004.1875,-2718
1883004.2500,-932
1883004.3125,1275
1883004.3750,2176
1883004.4375,2078
1883004.5000,1222
1883004.5625,54
1883004.6250,-498
1883004.6875,-191
1883004.7500,783
1883004.8125,2126
1883004.8750,2751
1883004.9375,2323
1883005.0000,1973
1883005.0625,2496
1883005.1250,3459
1883005.1875,4449
1883005.2500,4715
1883005.3125,2958
1883005.3750,456
1883005.4375,-481
1883005.5000,700
1883005.5625,2313
1883005.6250,2544
1883005.6875,740
1883005.7500,-1321
1883005.8125,-1649
1883005.8750,-480
1883005.9375,-74
1883006.0000,-2363
1883006.0625,-4649
1883006.1250,-3229
1883006.1875,-296
1883006.2500,453
1883006.3125,-264
1883006.3750,-959
1883006.4375,-1598
1883006.5000,-1080
1883006.5625,133
1883006.6250,680
1883006.6875,1149
1883006.7500,1850
1883006.8125,2500
1883006.8750,3468
1883006.9375,3944
1883007.0000,3313
1883007.0625,2628
1883007.1250,3104
1883007.1875,4418
1883007.2500,4813
1883007.3125,3108
1883007.3750,1388
1883007.4375,2306
1883007.5000,3846
1883007.5625,2731
1883007.6250,-37
1883007.6875,-1385
1883007.7500,-354
1883007.8125,939
1883007.8750,906
1883007.9375,232
1883008.0000,140
1883008.0625,888
1883008.1250,2508
1883008.1875,4425
1883008.2500,5561
1883008.3125,4516
1883008.3750,2493
1883008.4375,2361
1883008.5000,4173
1883008.5625,5777
1883008.6250,5040
1883008.6875,2648
1883008.7500,2350
1883008.8125,4851
1883008.8750,6636
1883008.9375,5717
1883009.0000,3323
1883009.0625,1720
1883009.1250,1088
1883009.1875,851
1883009.2500,103
1883009.3125,-827
1883009.3750,-944
1883009.4375,-720
1883009.5000,-1806
1883009.5625,-3514
1883009.6250,-4894
1883009.6875,-5426
1883009.7500,-5239
1883009.8125,-5124
1883009.8750,-6119
1883009.9375,-6956
1883010.0000,-6752
1883010.0625,-5267
1883010.1250,-2332
1883010.1875,243
1883010.2500,12
1883010.3125,-1515
1883010.3750,-1830
1883010.4375,-845
1883010.5000,854
1883010.5625,2655
1883010.6250,4350
1883010.6875,6258
1883010.7500,8273
1883010.8125,9765
1883010.8750,11291
1883010.9375,12308
1883011.0000,11496
1883011.0625,9237
1883011.1250,7890
1883011.1875,7514
1883011.2500,5955
1883011.3125,3463
1883011.3750,2600
1883011.4375,3617
1883011.5000,3473
1883011.5625,849
1883011.6250,-1438
1883011.6875,-1548
1883011.7500,-1173
1883011.8125,-2259
1883011.8750,-3520
1883011.9375,-3194
1883012.0000,-1556
1883012.0625,-796
1883012.1250,-944
1883012.1875,-1131
1883012.2500,-260
1883012.3125,911
1883012.3750,1435
1883012.4375,1786
1883012.5000,3284
1883012.5625,5643
1883012.6250,6813
1883012.6875,7415
1883012.7500,9218
1883012.8125,10346
1883012.8750,9743
1883012.9375,7204
1883013.0000,4279
1883013.0625,3316
1883013.1250,4981
1883013.1875,4927
1883013.2500,3576
1883013.3125,4061
1883013.3750,5620
1883013.4375,5298
1883013.5000,3096
1883013.5625,-407
1883013.6250,-4871
1883013.6875,-6512
1883013.7500,-3462
1883013.8125,-113
1883013.8750,-536
1883013.9375,-3378
1883014.0000,-4850
1883014.0625,-4665
1883014.1250,-3703
1883014.1875,-2485
1883014.2500,376
1883014.3125,3291
1883014.3750,2173
1883014.4375,-1390
1883014.5000,-3650
1883014.5625,-3487
1883014.6250,390
1883014.6875,5387
1883014.7500,6668
1883014.8125,4352
1883014.8750,1170
1883014.9375,732
1883015.0000,3237
1883015.0625,5486
1883015.1250,5260
1883015.1875,3802
1883015.2500,3754
1883015.3125,3789
1883015.3750,498
1883015.4375,-3689
1883015.5000,-2348
1883015.5625,412
1883015.6250,1128
1883015.6875,2792
1883015.7500,3955
1883015.8125,1348
1883015.8750,-2427
1883015.9375,-3368
1883016.0000,-553
1883016.0625,2869
1883016.1250,1777
1883016.1875,-2302
1883016.2500,-3101
1883016.3125,-1439
1883016.3750,-851
1883016.4375,1126
1883016.5000,2934
1883016.5625,1778
1883016.6250,-1163
1883016.6875,-3226
1883016.7500,-4594
1883016.8125,-5206
1883016.8750,-5417
1883016.9375,-5766
1883017.0000,-4891
1883017.0625,-2801
1883017.1250,-2026
1883017.1875,-2343
1883017.2500,-2124
1883017.3125,-2030
1883017.3750,-2436
1883017.4375,-3321
1883017.5000,-5598
1883017.5625,-7831
1883017.6250,-7776
1883017.6875,-6687
1883017.7500,-5438
1883017.8125,-4339
1883017.8750,-4340
1883017.9375,-4623
1883018.0000,-4777
1883018.0625,-6248
1883018.1250,-7151
1883018.1875,-6513
1883018.2500,-6096
1883018.3125,-6142
1883018.3750,-4325
1883018.4375,-857
1883018.5000,1371
1883018.5625,-547
1883018.6250,-1842
1883018.6875,1298
1883018.7500,4185
1883018.8125,3427
1883018.8750,1303
1883018.9375,596
1883019.0000,1013
1883019.0625,1215
1883019.1250,134
1883019.1875,-200
1883019.2500,499
1883019.3125,-266
1883019.3750,-2696
1883019.4375,-3609
1883019.5000,-2950
1883019.5625,-3578
1883019.6250,-5638
1883019.6875,-6359
1883019.7500,-4637
1883019.8125,-2507
1883019.8750,-2140
1883019.9375,-3147
1883020.0000,-3576
1883020.0625,-2371
1883020.1250,-749
1883020.1875,-101
1883020.2500,152
1883020.3125,1826
1883020.3750,4430
1883020.4375,5138
1883020.5000,3237
1883020.5625,2189
1883020.6250,3825
1883020.6875,5641
1883020.7500,5135
1883020.8125,3678
1883020.8750,2152
1883020.9375,691
1883021.0000,-897
1883021.0625,-1049
1883021.1250,1055
1883021.1875,1932
1883021.2500,-1372
1883021.3125,-6138
1883021.3750,-7487
1883021.4375,-5692
1883021.5000,-6204
1883021.5625,-9550
1883021.6250,-11231
1883021.6875,-9538
1883021.7500,-7559
1883021.8125,-7185
1883021.8750,-6959
1883021.9375,-6063
1883022.0000,-5280
1883022.0625,-5031
1883022.1250,-4790
1883022.1875,-4486
1883022.2500,-3441
1883022.3125,-1184
1883022.3750,1793
1883022.4375,3288
1883022.5000,3087
1883022.5625,2429
1883022.6250,2114
1883022.6875,3286
1883022.7500,5119
1883022.8125,3862
1883022.8750,-220
1883022.9375,-2736
1883023.0000,-1210
1883023.0625,1932
1883023.1250,1866
1883023.1875,-1564
1883023.2500,-4674
1883023.3125,-4671
1883023.3750,-2818
1883023.4375,-2035
1883023.5000,-2962
1883023.5625,-4879
1883023.6250,-6773
1883023.6875,-7609
1883023.7500,-5775
1883023.8125,-4337
1883023.8750,-5195
1883023.9375,-6932
1883024.0000,-6065
1883024.0625,-3004
1883024.1250,-2189
1883024.1875,-3807
1883024.2500,-5404
1883024.3125,-5256
1883024.3750,-3665
1883024.4375,-3573
1883024.5000,-5073
1883024.5625,-5587
1883024.6250,-3117
1883024.6875,-1058
1883024.7500,-1269
1883024.8125,-2506
1883024.8750,-3218
1883024.9375,-2284
1883025.0000,-1189
1883025.0625,-1245
1883025.1250,-2763
1883025.1875,-5841
1883025.2500,-8394
1883025.3125,-8756
1883025.3750,-7599
1883025.4375,-6663
1883025.5000,-7476
1883025.5625,-10182
1883025.6250,-11249
1883025.6875,-8881
1883025.7500,-6494
1883025.8125,-7976
1883025.8750,-11087
1883025.9375,-12094
1883026.0000,-10930
1883026.0625,-9669
1883026.1250,-9892
1883026.1875,-8199
1883026.2500,-4493
1883026.3125,-1950
1883026.3750,-2058
1883026.4375,-3266
1883026.5000,-2127
1883026.5625,1118
1883026.6250,2961
1883026.6875,2921
1883026.7500,2077
1883026.8125,343
1883026.8750,-1269
1883026.9375,-1050
1883027.0000,1562
1883027.0625,3508
1883027.1250,1251
1883027.1875,-4681
1883027.2500,-7460
1883027.3125,-4894
1883027.3750,-2219
1883027.4375,-5092
1883027.5000,-10237
1883027.5625,-11494
1883027.6250,-8248
1883027.6875,-5900
1883027.7500,-7956
1883027.8125,-11032
1883027.8750,-11022
1883027.9375,-8440
1883028.0000,-7300
1883028.0625,-7519
1883028.1250,-6756
1883028.1875,-4418
1883028.2500,-2510
1883028.3125,-2060
1883028.3750,-2758
1883028.4375,-3099
1883028.5000,-3942
1883028.5625,-4177
1883028.6250,-1318
1883028.6875,2037
1883028.7500,1762
1883028.8125,-1424
1883028.8750,-2891
1883028.9375,-749
1883029.0000,480
1883029.0625,-2099
1883029.1250,-6391
1883029.1875,-7827
1883029.2500,-5601
1883029.3125,-3586
1883029.3750,-4253
1883029.4375,-4940
1883029.5000,-3743
1883029.5625,-2617
1883029.6250,-2780
1883029.6875,-3552
1883029.7500,-4436
1883029.8125,-5659
1883029.8750,-5828
1883029.9375,-4524
1883030.0000,-3247
1883030.0625,-2392
1883030.1250,-2334
1883030.1875,-2223
1883030.2500,-1050
1883030.3125,-21
1883030.3750,-1007
1883030.4375,-2748
1883030.5000,-2523
1883030.5625,-277
1883030.6250,1013
1883030.6875,-295
1883030.7500,-2820
1883030.8125,-3785
1883030.8750,-2799
1883030.9375,-1765
1883031.0000,-1621
1883031.0625,-2721
1883031.1250,-4686
1883031.1875,-5710
1883031.2500,-5510
1883031.3125,-5118
1883031.3750,-6287
1883031.4375,-8951
1883031.5000,-11219
1883031.5625,-11249
1883031.6250,-9367
1883031.6875,-8222
1883031.7500,-9057
1883031.8125,-9896
1883031.8750,-8715
1883031.9375,-6908
1883032.0000,-6972
1883032.0625,-8523
1883032.1250,-8470
1883032.1875,-6040
1883032.2500,-3371
1883032.3125,-2798
1883032.3750,-5114
1883032.4375,-7738
1883032.5000,-8126
1883032.5625,-6685
1883032.6250,-5347
1883032.6875,-5342
1883032.7500,-6214
1883032.8125,-6708
1883032.8750,-5933
1883032.9375,-5313
1883033.0000,-6288
1883033.0625,-8824
1883033.1250,-11660
1883033.1875,-12685
1883033.2500,-11733
1883033.3125,-11703
1883033.3750,-13667
1883033.4375,-15088
1883033.5000,-13876
1883033.5625,-11813
1883033.6250,-11584
1883033.6875,-13191
1883033.7500,-15030
1883033.8125,-15490
1883033.8750,-14021
1883033.9375,-12506
1883034.0000,-12775
1883034.0625,-12294
1883034.1250,-8949
1883034.1875,-4921
1883034.2500,-3596
1883034.3125,-3761
1883034.3750,-3948
1883034.4375,-4184
1883034.5000,-4234
1883034.5625,-3736
1883034.6250,-2396
1883034.6875,-1391
1883034.7500,-2005
1883034.8125,-2694
1883034.8750,-1035
1883034.9375,44
1883035.0000,-2649
1883035.0625,-6721
1883035.1250,-7568
1883035.1875,-5174
1883035.2500,-4155
1883035.3125,-7060
1883035.3750,-10205
1883035.4375,-9244
1883035.5000,-5386
1883035.5625,-3686
1883035.6250,-5504
1883035.6875,-7650
1883035.7500,-7229
1883035.8125,-5521
1883035.8750,-5369
1883035.9375,-5946
1883036.0000,-5154
1883036.0625,-3798
1883036.1250,-3250
1883036.1875,-3029
1883036.2500,-2279
1883036.3125,-1423
1883036.3750,-1555
1883036.4375,-1559
1883036.5000,73
1883036.5625,1877
1883036.6250,1154
1883036.6875,-1333
1883036.7500,-1372
1883036.8125,884
1883036.8750,1097
1883036.9375,-2384
1883037.0000,-5622
1883037.0625,-5573
1883037.1250,-4162
1883037.1875,-4487
1883037.2500,-6544
1883037.3125,-7848
1883037.3750,-7648
1883037.4375,-7680
1883037.5000,-8314
1883037.5625,-9059
1883037.6250,-9427
1883037.6875,-9523
1883037.7500,-9817
1883037.8125,-10011
1883037.8750,-9509
1883037.9375,-9308
1883038.0000,-9930
1883038.0625,-9136
1883038.1250,-6665
1883038.1875,-4530
1883038.2500,-4741
1883038.3125,-5749
1883038.3750,-4331
1883038.4375,-1254
1883038.5000,196
1883038.5625,-1034
1883038.6250,-2306
1883038.6875,-1737
1883038.7500,-746
1883038.8125,-571
1883038.8750,-444
1883038.9375,-324
1883039.0000,-226
1883039.0625,-512
1883039.1250,-970
1883039.1875,-1619
1883039.2500,-2479
1883039.3125,-3095
1883039.3750,-3694
1883039.4375,-3854
1883039.5000,-3619
1883039.5625,-4750
1883039.6250,-6448
1883039.6875,-6424
1883039.7500,-4782
1883039.8125,-3601
1883039.8750,-4706
1883039.9375,-6744
1883040.0000,-6884
1883040.0625,-5314
1883040.1250,-3770
1883040.1875,-3272
1883040.2500,-3249
1883040.3125,-2608
1883040.3750,-1104
1883040.4375,-479
1883040.5000,-667
1883040.5625,-931
1883040.6250,-1315
1883040.6875,-1754
1883040.7500,-1825
1883040.8125,-2152
1883040.8750,-2738
1883040.9375,-2780
1883041.0000,-1467
1883041.0625,761
1883041.1250,1084
1883041.1875,-2379
1883041.2500,-6595
1883041.3125,-7696
1883041.3750,-6424
1883041.4375,-5982
1883041.5000,-8082
1883041.5625,-11240
1883041.6250,-12681
1883041.6875,-10996
1883041.7500,-8099
1883041.8125,-7507
1883041.8750,-9638
1883041.9375,-11061
1883042.0000,-8155
1883042.0625,-2983
1883042.1250,-578
1883042.1875,-2270
1883042.2500,-4057
1883042.3125,-3132
1883042.3750,-884
1883042.4375,-262
1883042.5000,-383
1883042.5625,1487
1883042.6250,3252
1883042.6875,2988
1883042.7500,2666
1883042.8125,3772
1883042.8750,4197
1883042.9375,2088
1883043.0000,-526
1883043.0625,-287
1883043.1250,1771
1883043.1875,1312
1883043.2500,-1280
1883043.3125,-1217
1883043.3750,2053
1883043.4375,3739
1883043.5000,1386
1883043.5625,-1621
1883043.6250,-545
1883043.6875,1994
1883043.7500,920
1883043.8125,-2687
1883043.8750,-3553
1883043.9375,-853
1883044.0000,1491
1883044.0625,2164
1883044.1250,2391
1883044.1875,3172
1883044.2500,3305
1883044.3125,1734
1883044.3750,278
1883044.4375,1103
1883044.5000,2161
1883044.5625,804
1883044.6250,-1360
1883044.6875,-1102
1883044.7500,1234
1883044.8125,2113
1883044.8750,1095
1883044.9375,1296
1883045.0000,3455
1883045.0625,5003
1883045.1250,3475
1883045.1875,287
1883045.2500,-1121
1883045.3125,-137
1883045.3750,58
1883045.4375,-558
1883045.5000,373
1883045.5625,1606
1883045.6250,1287
1883045.6875,192
1883045.7500,25
1883045.8125,633
1883045.8750,-226
1883045.9375,-2603
1883046.0000,-3363
1883046.0625,-1686
1883046.1250,13
1883046.1875,430
1883046.2500,779
1883046.3125,2318
1883046.3750,4143
1883046.4375,4750
1883046.5000,3923
1883046.5625,3092
1883046.6250,3293
1883046.6875,3957
1883046.7500,4028
1883046.8125,4028
1883046.8750,4742
1883046.9375,5836
1883047.0000,5839
1883047.0625,4634
1883047.1250,3806
1883047.1875,3573
1883047.2500,2956
1883047.3125,1773
1883047.3750,1256
1883047.4375,1626
1883047.5000,1798
1883047.5625,1022
1883047.6250,-537
1883047.6875,-1886
1883047.7500,-2244
1883047.8125,-2141
1883047.8750,-2124
1883047.9375,-1404
1883048.0000,-285
1883048.0625,734
1883048.1250,1791
1883048.1875,3072
1883048.2500,4062
1883048.3125,3630
1883048.3750,1919
1883048.4375,942
1883048.5000,2103
1883048.5625,4148
1883048.6250,4366
1883048.6875,3276
1883048.7500,2797
1883048.8125,3123
1883048.8750,3008
1883048.9375,1838
1883049.0000,-80
1883049.0625,-2417
1883049.1250,-4310
1883049.1875,-4728
1883049.2500,-4145
1883049.3125,-4153
1883049.3750,-4880
1883049.4375,-6019
1883049.5000,-7496
1883049.5625,-7421
1883049.6250,-6436
1883049.6875,-6684
1883049.7500,-7660
1883049.8125,-8943
1883049.8750,-10514
1883049.9375,-10151
1883050.0000,-7515
1883050.0625,-3806
1883050.1250,664
1883050.1875,3250
1883050.2500,3549
1883050.3125,4081
1883050.3750,5033
1883050.4375,3294
1883050.5000,1928
1883050.5625,5825
1883050.6250,10466
1883050.6875,10183
1883050.7500,6735
1883050.8125,6372
1883050.8750,7941
1883050.9375,7812
1883051.0000,5963
1883051.0625,7129
1883051.1250,11090
1883051.1875,10367
1883051.2500,3253
1883051.3125,-3531
1883051.3750,-5915
1883051.4375,-3732
1883051.5000,-1527
1883051.5625,-2729
1883051.6250,-4787
1883051.6875,-5934
1883051.7500,-6594
1883051.8125,-6596
1883051.8750,-5393
1883051.9375,-3349
1883052.0000,-2355
1883052.0625,-2271
1883052.1250,-1686
1883052.1875,-1148
1883052.2500,-2235
1883052.3125,-2401
1883052.3750,-934
1883052.4375,1570
1883052.5000,5175
1883052.5625,7376
1883052.6250,6187
1883052.6875,4395
1883052.7500,4466
1883052.8125,5919
1883052.8750,7357
1883052.9375,5923
1883053.0000,1928
1883053.0625,786
1883053.1250,2295
1883053.1875,2090
1883053.2500,3099
1883053.3125,6015
1883053.3750,6212
1883053.4375,3580
1883053.5000,993
1883053.5625,-1348
1883053.6250,-4919
1883053.6875,-9121
1883053.7500,-11784
1883053.8125,-10452
1883053.8750,-5925
1883053.9375,-2461
1883054.0000,-2330
1883054.0625,-1926
1883054.1250,-614
1883054.1875,-1256
1883054.2500,-2900
1883054.3125,-3656
1883054.3750,-4919
1883054.4375,-6676
1883054.5000,-7217
1883054.5625,-4906
1883054.6250,-448
1883054.6875,2942
1883054.7500,4120
1883054.8125,4532
1883054.8750,3913
1883054.9375,3121
1883055.0000,2686
1883055.0625,2312
1883055.1250,2167
1883055.1875,981
1883055.2500,-976
1883055.3125,-1873
1883055.3750,-1906
1883055.4375,-893
1883055.5000,1003
1883055.5625,386
1883055.6250,-1758
1883055.6875,-2559
1883055.7500,-3778
1883055.8125,-6049
1883055.8750,-6822
1883055.9375,-6732
1883056.0000,-7872
1883056.0625,-8992
1883056.1250,-8638
1883056.1875,-6990
1883056.2500,-4350
1883056.3125,-1922
1883056.3750,-1871
1883056.4375,-3439
1883056.5000,-4010
1883056.5625,-3656
1883056.6250,-3470
1883056.6875,-3574
1883056.7500,-4513
1883056.8125,-6562
1883056.8750,-7662
1883056.9375,-6587
1883057.0000,-4642
1883057.0625,-3008
1883057.1250,-2367
1883057.1875,-2621
1883057.2500,-3064
1883057.3125,-3705
1883057.3750,-4639
1883057.4375,-6032
1883057.5000,-7687
1883057.5625,-8039
1883057.6250,-6330
1883057.6875,-5307
1883057.7500,-7228
1883057.8125,-9715
1883057.8750,-9532
1883057.9375,-6470
1883058.0000,-1867
1883058.0625,1316
1883058.1250,1214
1883058.1875,-1658
1883058.2500,-3673
1883058.3125,-2817
1883058.3750,-1102
1883058.4375,-136
1883058.5000,360
1883058.5625,1668
1883058.6250,3934
1883058.6875,5267
1883058.7500,4623
1883058.8125,3637
1883058.8750,3982
1883058.9375,4103
1883059.0000,1989
1883059.0625,-918
1883059.1250,-1586
1883059.1875,121
1883059.2500,782
1883059.3125,-951
1883059.3750,-2580
1883059.4375,-3589
1883059.5000,-5247
1883059.5625,-7030
1883059.6250,-7673
1883059.6875,-7302
1883059.7500,-7179
1883059.8125,-8082
1883059.8750,-7234
1883059.9375,-3784
1883060.0000,-2105
1883060.0625,-4935
1883060.1250,-8818
1883060.1875,-8459
1883060.2500,-4395
1883060.3125,-1890
1883060.3750,-3324
1883060.4375,-5481
1883060.5000,-5575
1883060.5625,-3443
1883060.6250,-1249
1883060.6875,-357
1883060.7500,-63
1883060.8125,205
1883060.8750,-72
1883060.9375,-376
1883061.0000,-194
1883061.0625,-91
1883061.1250,-1248
1883061.1875,-2869
1883061.2500,-3496
1883061.3125,-2315
1883061.3750,-2774
1883061.4375,-4856
1883061.5000,-5775
1883061.5625,-4513
1883061.6250,-2929
1883061.6875,-2774
1883061.7500,-3284
1883061.8125,-4201
1883061.8750,-4064
1883061.9375,-3874
1883062.0000,-5681
1883062.0625,-7371
1883062.1250,-6537
1883062.1875,-4621
1883062.2500,-3453
1883062.3125,-2420
1883062.3750,-2035
1883062.4375,-2931
1883062.5000,-2802
1883062.5625,-1122
1883062.6250,1833
1883062.6875,2909
1883062.7500,703
1883062.8125,-2537
1883062.8750,-3815
1883062.9375,-3439
1883063.0000,-3053
1883063.0625,-3716
1883063.1250,-3989
1883063.1875,-2579
1883063.2500,-1473
1883063.3125,-1085
1883063.3750,-900
1883063.4375,-1680
1883063.5000,-4023
1883063.5625,-6715
1883063.6250,-7741
1883063.6875,-8190
1883063.7500,-8823
1883063.8125,-9261
1883063.8750,-7702
1883063.9375,-5498
1883064.0000,-5506
1883064.0625,-7447
1883064.1250,-9441
1883064.1875,-9571
1883064.2500,-8859
1883064.3125,-9723
1883064.3750,-11075
1883064.4375,-10147
1883064.5000,-7918
1883064.5625,-5701
1883064.6250,-3452
1883064.6875,-2550
1883064.7500,-4227
1883064.8125,-4830
1883064.8750,-4377
1883064.9375,-4702
1883065.0000,-4976
1883065.0625,-4238
1883065.1250,-3815
1883065.1875,-4286
1883065.2500,-5446
1883065.3125,-7243
1883065.3750,-7984
1883065.4375,-8086
1883065.5000,-7967
1883065.5625,-8155
1883065.6250,-8430
1883065.6875,-9807
1883065.7500,-10790
1883065.8125,-11134
1883065.8750,-11952
1883065.9375,-12955
1883082.0000,-3424
1883082.0625,-4832
1883082.1250,-3629
1883082.1875,36
1883082.2500,2403
1883082.3125,863
1883082.3750,-1442
1883082.4375,-814
1883082.5000,2155
1883082.5625,3407
1883082.6250,2240
1883082.6875,1819
1883082.7500,3354
1883082.8125,4734
1883082.8750,5387
1883082.9375,6057
1883083.0000,6979
1883083.0625,6900
1883083.1250,5126
1883083.1875,4010
1883083.2500,5488
1883083.3125,6785
1883083.3750,5610
1883083.4375,3815
1883083.5000,4103
1883083.5625,5730
1883083.6250,5641
1883083.6875,2938
1883083.7500,620
1883083.8125,779
1883083.8750,1588
1883083.9375,412
1883084.0000,-825
1883084.0625,72
1883084.1250,2055
1883084.1875,2431
1883084.2500,733
1883084.3125,-146
1883084.3750,1596
1883084.4375,3143
1883084.5000,1828
1883084.5625,-4
1883084.6250,171
1883084.6875,1218
1883084.7500,1830
1883084.8125,2191
1883084.8750,2803
1883084.9375,3532
1883085.0000,3825
1883085.0625,3474
1883085.1250,3925
1883085.1875,5039
1883085.2500,4983
1883085.3125,3784
1883085.3750,4022
1883085.4375,5639
1883085.5000,6399
1883085.5625,5591
1883085.6250,4603
1883085.6875,4608
1883085.7500,4618
1883085.8125,3758
1883085.8750,2557
1883085.9375,2035
1883086.0000,1737
1883086.0625,472
1883086.1250,-436
1883086.1875,593
1883086.2500,2245
1883086.3125,2423
1883086.3750,1327
1883086.4375,286
1883086.5000,1002
1883086.5625,2942
1883086.6250,3690
1883086.6875,3349
1883086.7500,3273
1883086.8125,3676
1883086.8750,3584
1883086.9375,3556
1883087.0000,4594
1883087.0625,5511
1883087.1250,3829
1883087.1875,1004
1883087.2500,733
1883087.3125,3202
1883087.3750,3849
1883087.4375,2148
1883087.5000,1059
1883087.5625,1316
1883087.6250,1549
1883087.6875,358
1883087.7500,-1810
1883087.8125,-1750
1883087.8750,-170
1883087.9375,394
1883088.0000,624
1883088.0625,1593
1883088.1250,2082
1883088.1875,1300
1883088.2500,311
1883088.3125,-1459
1883088.3750,-3226
1883088.4375,-1079
1883088.5000,3683
1883088.5625,6272
1883088.6250,4604
1883088.6875,1833
1883088.7500,-1271
1883088.8125,-3210
1883088.8750,-1769
1883088.9375,2940
1883089.0000,6954
1883089.0625,5776
1883089.1250,-50
1883089.1875,-4893
1883089.2500,-5944
1883089.3125,-3215
1883089.3750,583
1883089.4375,1405
1883089.5000,-557
1883089.5625,-3838
1883089.6250,-7062
1883089.6875,-7838
1883089.7500,-5830
1883089.8125,-3444
1883089.8750,-4171
1883089.9375,-6018
1883090.0000,-6055
1883090.0625,-5482
1883090.1250,-7071
1883090.1875,-6369
1883090.2500,-1794
1883090.3125,2314
1883090.3750,4523
1883090.4375,4578
1883090.5000,3990
1883090.5625,5053
1883090.6250,6959
1883090.6875,7450
1883090.7500,7723
1883090.8125,6714
1883090.8750,2518
1883090.9375,197
1883091.0000,2660
1883091.0625,5441
1883091.1250,7039
1883091.1875,7233
1883091.2500,4074
1883091.3125,291
1883091.3750,-636
1883091.4375,-1249
1883091.5000,-3400
1883091.5625,-4417
1883091.6250,-2827
1883091.6875,-1510
1883091.7500,-2233
1883091.8125,-4141
1883091.8750,-5088
1883091.9375,-3101
1883092.0000,-2090
1883092.0625,-5155
1883092.1250,-9134
1883092.1875,-10608
1883092.2500,-11129
1883092.3125,-11047
1883092.3750,-8252
1883092.4375,-2976
1883092.5000,449
1883092.5625,-961
1883092.6250,-3211
1883092.6875,-1896
1883092.7500,556
1883092.8125,1892
1883092.8750,3385
1883092.9375,5352
1883093.0000,7255
1883093.0625,7299
1883093.1250,6502
1883093.1875,6603
1883093.2500,5770
1883093.3125,2761
1883093.3750,1418
1883093.4375,1973
1883093.5000,2773
1883093.5625,2835
1883093.6250,801
1883093.6875,-1775
1883093.7500,-2535
1883093.8125,-2670
1883093.8750,-4049
1883093.9375,-5281
1883094.0000,-4883
1883094.0625,-3662
1883094.1250,-3630
1883094.1875,-5429
1883094.2500,-7073
1883094.3125,-6604
1883094.3750,-4077
1883094.4375,-3011
1883094.5000,-4372
1883094.5625,-4755
1883094.6250,-2639
1883094.6875,-264
1883094.7500,1204
1883094.8125,1971
1883094.8750,2147
1883094.9375,2456
1883095.0000,3812
1883095.0625,6250
1883095.1250,7040
1883095.1875,4055
1883095.2500,252
1883095.3125,-556
1883095.3750,1234
1883095.4375,2565
1883095.5000,2186
1883095.5625,879
1883095.6250,-60
1883095.6875,462
1883095.7500,920
1883095.8125,336
1883095.8750,-1273
1883095.9375,-3217
1883096.0000,-4803
1883096.0625,-5068
1883096.1250,-4565
1883096.1875,-4239
1883096.2500,-4388
1883096.3125,-4181
1883096.3750,-3701
1883096.4375,-3722
1883096.5000,-4399
1883096.5625,-5012
1883096.6250,-5452
1883096.6875,-6199
1883096.7500,-6900
1883096.8125,-6724
1883096.8750,-5614
1883096.9375,-4053
1883097.0000,-1817
1883097.0625,5
1883097.1250,-7
1883097.1875,-778
1883097.2500,2
1883097.3125,621
1883097.3750,104
1883097.4375,-754
1883097.5000,-2301
1883097.5625,-4050
1883097.6250,-5311
1883097.6875,-5938
1883097.7500,-4673
1883097.8125,-2669
1883097.8750,-2535
1883097.9375,-3900
1883098.0000,-5589
1883098.0625,-7004
1883098.1250,-7945
1883098.1875,-8937
1883098.2500,-10154
1883098.3125,-10541
1883098.3750,-9520
1883098.4375,-7377
1883098.5000,-5546
1883098.5625,-4783
1883098.6250,-3801
1883098.6875,-1903
1883098.7500,-546
1883098.8125,-700
1883098.8750,-619
1883098.9375,1026
1883099.0000,3456
1883099.0625,2939
1883099.1250,-47
1883099.1875,-1753
1883099.2500,-672
1883099.3125,616
1883099.3750,211
1883099.4375,-168
1883099.5000,35
1883099.5625,-326
1883099.6250,-2064
1883099.6875,-1746
1883099.7500,-1024
1883099.8125,-2315
1883099.8750,-4666
1883099.9375,-6232
1883100.0000,-4824
1883100.0625,-1169
1883100.1250,-54
1883100.1875,-2057
1883100.2500,-4250
1883100.3125,-3978
1883100.3750,-3435
1883100.4375,-4221
1883100.5000,-6584
1883100.5625,-6822
1883100.6250,-4824
1883100.6875,-4446
1883100.7500,-6708
1883100.8125,-8268
1883100.8750,-6868
1883100.9375,-4479
1883101.0000,-4449
1883101.0625,-5662
1883101.1250,-5558
1883101.1875,-3988
1883101.2500,-1818
1883101.3125,281
1883101.3750,664
1883101.4375,-525
1883101.5000,-2494
1883101.5625,-2646
1883101.6250,-584
1883101.6875,732
1883101.7500,-751
1883101.8125,-2880
1883101.8750,-2830
1883101.9375,-1038
1883102.0000,-348
1883102.0625,-2964
1883102.1250,-6752
1883102.1875,-7750
1883102.2500,-5857
1883102.3125,-4085
1883102.3750,-4495
1883102.4375,-6465
1883102.5000,-6683
1883102.5625,-5103
1883102.6250,-3962
1883102.6875,-4075
1883102.7500,-5076
1883102.8125,-5602
1883102.8750,-4510
1883102.9375,-2579
1883103.0000,-3076
1883103.0625,-4867
1883103.1250,-5658
1883103.1875,-4180
1883103.2500,-811
1883103.3125,2176
1883103.3750,1105
1883103.4375,-2933
1883103.5000,-4663
1883103.5625,-2259
1883103.6250,-368
1883103.6875,-3315
1883103.7500,-8710
1883103.8125,-9953
1883103.8750,-5966
1883103.9375,-2788
1883104.0000,-4774
1883104.0625,-8206
1883104.1250,-7719
1883104.1875,-4301
1883104.2500,-1858
1883104.3125,-2107
1883104.3750,-5056
1883104.4375,-8188
1883104.5000,-8346
1883104.5625,-5612
1883104.6250,-3107
1883104.6875,-3120
1883104.7500,-4390
1883104.8125,-4104
1883104.8750,-681
1883104.9375,2728
1883105.0000,1719
1883105.0625,-2808
1883105.1250,-5215
1883105.1875,-3684
1883105.2500,-1134
1883105.3125,-193
1883105.3750,-1276
1883105.4375,-2855
1883105.5000,-3115
1883105.5625,-2553
1883105.6250,-3576
1883105.6875,-5874
1883105.7500,-7897
1883105.8125,-9414
1883105.8750,-9408
1883105.9375,-8956
1883106.0000,-9104
1883106.0625,-9312
1883106.1250,-9116
1883106.1875,-9009
1883106.2500,-9170
1883106.3125,-9740
1883106.3750,-10273
1883106.4375,-10249
1883106.5000,-9274
1883106.5625,-6546
1883106.6250,-4214
1883106.6875,-4766
1883106.7500,-7228
1883106.8125,-7756
1883106.8750,-5436
1883106.9375,-2881
1883107.0000,-2745
1883107.0625,-4426
1883107.1250,-4074
1883107.1875,-1459
1883107.2500,-389
1883107.3125,-1940
1883107.3750,-3515
1883107.4375,-3020
1883107.5000,-1789
1883107.5625,-2555
1883107.6250,-4890
1883107.6875,-5889
1883107.7500,-5189
1883107.8125,-5401
1883107.8750,-6690
1883107.9375,-7542
1883108.0000,-8107
1883108.0625,-9371
1883108.1250,-10542
1883108.1875,-10460
1883108.2500,-9275
1883108.3125,-9272
1883108.3750,-11063
1883108.4375,-11303
1883108.5000,-9042
1883108.5625,-6997
1883108.6250,-7386
1883108.6875,-9057
1883108.7500,-8671
1883108.8125,-5874
1883108.8750,-4863
1883108.9375,-6966
1883109.0000,-8691
1883109.0625,-7363
1883109.1250,-4951
1883109.1875,-4067
1883109.2500,-4813
1883109.3125,-5021
1883109.3750,-4828
1883109.4375,-5061
1883109.5000,-5034
1883109.5625,-4264
1883109.6250,-4140
1883109.6875,-5030
1883109.7500,-5632
1883109.8125,-4281
1883109.8750,-1898
1883109.9375,-2009
1883110.0000,-4467
1883110.0625,-5467
1883110.1250,-3471
1883110.1875,-861
1883110.2500,-770
1883110.3125,-2640
1883110.3750,-3913
1883110.4375,-3891
1883110.5000,-3433
1883110.5625,-4044
1883110.6250,-5732
1883110.6875,-6948
1883110.7500,-7710
1883110.8125,-7965
1883110.8750,-7453
1883110.9375,-6379
1883111.0000,-4987
1883111.0625,-4460
1883111.1250,-5324
1883111.1875,-6451
1883111.2500,-6515
1883111.3125,-5590
1883111.3750,-4652
1883111.4375,-4061
1883111.5000,-4079
1883111.5625,-4894
1883111.6250,-6040
1883111.6875,-5821
1883111.7500,-3491
1883111.8125,-1051
1883111.8750,-1594
1883111.9375,-4284
1883112.0000,-5336
1883112.0625,-3803
1883112.1250,-2071
1883112.1875,-2418
1883112.2500,-3744
1883112.3125,-4794
1883112.3750,-5125
1883112.4375,-4665
1883112.5000,-4277
1883112.5625,-4483
1883112.6250,-5401
1883112.6875,-6352
1883112.7500,-6683
1883112.8125,-6779
1883112.8750,-6773
1883112.9375,-6230
1883113.0000,-5990
1883113.0625,-6410
1883113.1250,-6824
1883113.1875,-6725
1883113.2500,-6474
1883113.3125,-5645
1883113.3750,-3938
1883113.4375,-2521
1883113.5000,-2743
1883113.5625,-4022
1883113.6250,-4414
1883113.6875,-3764
1883113.7500,-3911
1883113.8125,-4794
1883113.8750,-5253
1883113.9375,-5537
1883114.0000,-5632
1883114.0625,-5393
1883114.1250,-4971
1883114.1875,-4712
1883114.2500,-5253
1883114.3125,-5894
1883114.3750,-5364
1883114.4375,-5011
1883114.5000,-5300
1883114.5625,-5911
1883114.6250,-6242
1883114.6875,-6282
1883114.7500,-5913
1883114.8125,-5370
1883114.8750,-5221
1883114.9375,-4915
1883115.0000,-3228
1883115.0625,-1762
1883115.1250,-1871
1883115.1875,-2626
1883115.2500,-3438
1883115.3125,-4079
1883115.3750,-4169
1883115.4375,-3171
1883115.5000,-1489
1883115.5625,-662
1883115.6250,-1266
1883115.6875,-1233
1883115.7500,788
1883115.8125,2769
1883115.8750,2026
1883115.9375,-163
1883116.0000,-628
1883116.0625,962
1883116.1250,1600
1883116.1875,747
1883116.2500,338
1883116.3125,1973
1883116.3750,3975
1883116.4375,3809
1883116.5000,2446
1883116.5625,2301
1883116.6250,2565
1883116.6875,1702
1883116.7500,396
1883116.8125,-277
1883116.8750,-184
1883116.9375,-640
1883117.0000,-2328
1883117.0625,-3454
1883117.1250,-3229
1883117.1875,-2332
1883117.2500,-2120
1883117.3125,-2622
1883117.3750,-3142
1883117.4375,-3418
1883117.5000,-3649
1883117.5625,-3881
1883117.6250,-3542
1883117.6875,-2625
1883117.7500,-2754
1883117.8125,-4035
1883117.8750,-4522
1883117.9375,-2629
1883118.0000,-41
1883118.0625,507
1883118.1250,-1068
1883118.1875,-2800
1883118.2500,-2955
1883118.3125,-1964
1883118.3750,-1376
1883118.4375,-2050
1883118.5000,-2648
1883118.5625,-2611
1883118.6250,-1706
1883118.6875,175
1883118.7500,2270
1883118.8125,3139
1883118.8750,2470
1883118.9375,1428
1883119.0000,1108
1883119.0625,1429
1883119.1250,1402
1883119.1875,709
1883119.2500,242
1883119.3125,816
1883119.3750,1857
1883119.4375,2492
1883119.5000,3089
1883119.5625,4499
1883119.6250,4927
1883119.6875,3448
1883119.7500,2389
1883119.8125,2667
1883119.8750,2545
1883119.9375,2226
1883120.0000,2737
1883120.0625,3385
1883120.1250,2974
1883120.1875,1869
1883120.2500,1200
1883120.3125,1929
1883120.3750,3161
1883120.4375,2942
1883120.5000,1743
1883120.5625,1071
1883120.6250,993
1883120.6875,1325
1883120.7500,1792
1883120.8125,1962
1883120.8750,1687
1883120.9375,1238
1883121.0000,1719
1883121.0625,2679
1883121.1250,2517
1883121.1875,1390
1883121.2500,1109
1883121.3125,1761
1883121.3750,2277
1883121.4375,2062
1883121.5000,1600
1883121.5625,1600
1883121.6250,2267
1883121.6875,3337
1883121.7500,3641
1883121.8125,2244
1883121.8750,169
1883121.9375,-1041
1883122.0000,-1164
1883122.0625,-878
1883122.1250,-464
1883122.1875,-283
1883122.2500,-730
1883122.3125,-1127
1883122.3750,-1312
1883122.4375,-1575
1883122.5000,-1693
1883122.5625,-1753
1883122.6250,-1596
1883122.6875,-1417
1883122.7500,-1312
1883122.8125,-978
1883122.8750,-323
1883122.9375,1251
1883123.0000,2737
1883123.0625,2349
1883123.1250,-101
1883123.1875,-2206
1883123.2500,-1492
1883123.3125,1144
1883123.3750,2739
1883123.4375,2502
1883123.5000,1619
1883123.5625,1015
1883123.6250,1848
1883123.6875,4102
1883123.7500,5544
1883123.8125,4687
1883123.8750,2762
1883123.9375,1458
1883124.0000,1832
1883124.0625,3278
1883124.1250,3866
1883124.1875,3421
1883124.2500,3563
1883124.3125,4311
1883124.3750,4331
1883124.4375,3391
1883124.5000,2882
1883124.5625,2913
1883124.6250,3260
1883124.6875,3151
1883124.7500,2678
1883124.8125,2037
1883124.8750,2220
1883124.9375,3876
1883125.0000,5014
1883125.0625,3991
1883125.1250,2371
1883125.1875,1746
1883125.2500,1673
1883125.3125,1644
1883125.3750,1890
1883125.4375,2104
1883125.5000,1241
1883125.5625,181
1883125.6250,886
1883125.6875,2851
1883125.7500,4536
1883125.8125,4910
1883125.8750,3317
1883125.9375,2615
1883126.0000,3401
1883126.0625,3598
1883126.1250,2536
1883126.1875,1089
1883126.2500,507
1883126.3125,1398
1883126.3750,2241
1883126.4375,426
1883126.5000,-1882
1883126.5625,607
1883126.6250,5783
1883126.6875,7296
1883126.7500,3429
1883126.8125,-861
1883126.8750,-3038
1883126.9375,-2583
1883127.0000,-884
1883127.0625,2281
1883127.1250,5269
1883127.1875,5080
1883127.2500,1197
1883127.3125,-2564
1883127.3750,-4008
1883127.4375,-3634
1883127.5000,-2205
1883127.5625,-2121
1883127.6250,-2651
1883127.6875,-2593
1883127.7500,-1912
1883127.8125,-634
1883127.8750,1320
1883127.9375,3592
1883128.0000,4502
1883128.0625,3258
1883128.1250,795
1883128.1875,-23
1883128.2500,333
1883128.3125,1383
1883128.3750,2313
1883128.4375,2133
1883128.5000,2049
1883128.5625,3094
1883128.6250,3699
1883128.6875,3229
1883128.7500,2627
1883128.8125,1778
1883128.8750,1090
1883128.9375,-119
1883129.0000,-2870
1883129.0625,-4508
1883129.1250,-3872
1883129.1875,-3386
1883129.2500,-2728
1883129.3125,-1412
1883129.3750,-2209
1883129.4375,-4229
1883129.5000,-4721
1883129.5625,-3700
1883129.6250,-2408
1883129.6875,-2642
1883129.7500,-5235
1883129.8125,-7715
1883129.8750,-7415
1883129.9375,-5895
1883130.0000,-4946
1883130.0625,-4309
1883130.1250,-3855
1883130.1875,-3623
1883130.2500,-3399
1883130.3125,-3843
1883130.3750,-5153
1883130.4375,-6134
1883130.5000,-4734
1883130.5625,-1387
1883130.6250,548
1883130.6875,-807
1883130.7500,-2358
1883130.8125,-1327
1883130.8750,805
1883130.9375,2124
1883131.0000,2051
1883131.0625,930
1883131.1250,-7
1883131.1875,8
1883131.2500,1575
1883131.3125,2704
1883131.3750,-307
1883131.4375,-5668
1883131.5000,-7139
1883131.5625,-4866
1883131.6250,-2884
1883131.6875,-3071
1883131.7500,-4681
1883131.8125,-5465
1883131.8750,-3791
1883131.9375,-1917
1883132.0000,-2433
1883132.0625,-5007
1883132.1250,-6701
1883132.1875,-5384
1883132.2500,-2987
1883132.3125,-2574
1883132.3750,-3620
1883132.4375,-3179
1883132.5000,-259
1883132.5625,2489
1883132.6250,1917
1883132.6875,-1049
1883132.7500,-3054
1883132.8125,-2246
1883132.8750,546
1883132.9375,2219
1883133.0000,135
1883133.0625,-3355
1883133.1250,-2947
1883133.1875,1544
1883133.2500,4503
1883133.3125,2780
1883133.3750,-918
1883133.4375,-2539
1883133.5000,-414
1883133.5625,2762
1883133.6250,3002
1883133.6875,-385
1883133.7500,-3795
1883133.8125,-4013
1883133.8750,-1351
1883133.9375,530
1883134.0000,-974
1883134.0625,-3592
1883134.1250,-3355
1883134.1875,-852
1883134.2500,901
1883134.3125,166
1883134.3750,-2005
1883134.4375,-3651
1883134.5000,-3757
1883134.5625,-3135
1883134.6250,-3291
1883134.6875,-3843
1883134.7500,-3743
1883134.8125,-2934
1883134.8750,-1972
1883134.9375,-1879
1883135.0000,-3121
1883135.0625,-3667
1883135.1250,-1939
1883135.1875,-38
1883135.2500,-440
1883135.3125,-3281
1883135.3750,-5537
1883135.4375,-4258
1883135.5000,-753
1883135.5625,342
1883135.6250,-1648
1883135.6875,-3559
1883135.7500,-3769
1883135.8125,-2491
1883135.8750,-467
1883135.9375,-103
1883136.0000,-2448
1883136.0625,-5142
1883136.1250,-5698
1883136.1875,-4096
1883136.2500,-2928
1883136.3125,-4425
1883136.3750,-6577
1883136.4375,-6291
1883136.5000,-3992
1883136.5625,-2437
1883136.6250,-3237
1883136.6875,-5383
1883136.7500,-6660
1883136.8125,-5990
1883136.8750,-4570
1883136.9375,-4916
1883137.0000,-6477
1883137.0625,-7096
1883137.1250,-5680
1883137.1875,-3234
1883137.2500,-2423
1883137.3125,-3965
1883137.3750,-5849
1883137.4375,-6004
1883137.5000,-4479
1883137.5625,-3086
1883137.6250,-3314
1883137.6875,-4940
1883137.7500,-5942
1883137.8125,-4991
1883137.8750,-2851
1883137.9375,-2017
1883138.0000,-3295
1883138.0625,-4444
1883138.1250,-4272
1883138.1875,-3711
1883138.2500,-4101
1883138.3125,-3835
1883138.3750,-3781
1883138.4375,-4705
1883138.5000,-4937
1883138.5625,-4543
1883138.6250,-4917
1883138.6875,-5813
1883138.7500,-6585
1883138.8125,-5944
1883138.8750,-3899
1883138.9375,-2677
1883139.0000,-4585
1883139.0625,-7642
1883139.1250,-8843
1883139.1875,-6849
1883139.2500,-4961
1883139.3125,-5447
1883139.3750,-6451
1883139.4375,-5309
1883139.5000,-2976
1883139.5625,-1761
1883139.6250,-3585
1883139.6875,-5572
1883139.7500,-5366
1883139.8125,-4129
1883139.8750,-3363
1883139.9375,-3789
1883140.0000,-5320
1883140.0625,-5918
1883140.1250,-5934
1883140.1875,-5105
1883140.2500,-3695
1883140.3125,-3963
1883140.3750,-6515
1883140.4375,-7541
1883140.5000,-5775
1883140.5625,-4603
1883140.6250,-4657
1883140.6875,-5043
1883140.7500,-5726
1883140.8125,-5780
1883140.8750,-5635
1883140.9375,-6878
1883141.0000,-7040
1883141.0625,-5227
1883141.1250,-3632
1883141.1875,-3017
1883141.2500,-3318
1883141.3125,-4926
1883141.3750,-5515
1883141.4375,-3860
1883141.5000,-2361
1883141.5625,-2890
1883141.6250,-5644
1883141.6875,-7411
1883141.7500,-6391
1883141.8125,-4301
1883141.8750,-3439
1883141.9375,-3236
1883142.0000,-4192
1883142.0625,-5646
1883142.1250,-5276
1883142.1875,-2940
1883142.2500,-848
1883142.3125,-1098
1883142.3750,-2368
1883142.4375,-1766
1883142.5000,587
1883142.5625,2159
1883142.6250,2031
1883142.6875,2369
1883142.7500,3233
1883142.8125,1539
1883142.8750,-1752
1883142.9375,-4087
1883143.0000,-5189
1883143.0625,-4050
1883143.1250,-1664
1883143.1875,-1383
1883143.2500,-3175
1883143.3125,-4342
1883143.3750,-3096
1883143.4375,-1110
1883143.5000,-1684
1883143.5625,-5465
1883143.6250,-9241
1883143.6875,-10685
1883143.7500,-10440
1883143.8125,-9196
1883143.8750,-7939
1883143.9375,-7812
1883144.0000,-7556
1883144.0625,-6472
1883144.1250,-5204
1883144.1875,-5280
1883144.2500,-6757
1883144.3125,-7450
1883144.3750,-5948
1883144.4375,-4271
1883144.5000,-4162
1883144.5625,-5066
1883144.6250,-5562
1883144.6875,-4427
1883144.7500,-3321
1883144.8125,-4015
1883144.8750,-6049
1883144.9375,-8253
1883145.0000,-8759
1883145.0625,-6992
1883145.1250,-5636
1883145.1875,-6690
1883145.2500,-8101
1883145.3125,-8293
1883145.3750,-7685
1883145.4375,-6936
1883145.5000,-7488
1883145.5625,-8886
1883145.6250,-9123
1883145.6875,-8435
1883145.7500,-7676
1883145.8125,-6935
1883145.8750,-6693
1883145.9375,-7145
1883146.0000,-7996
1883146.0625,-8629
1883146.1250,-8655
1883146.1875,-8564
1883146.2500,-9142
1883146.3125,-9105
1883146.3750,-7965
1883146.4375,-6840
1883146.5000,-6915
1883146.5625,-7501
1883146.6250,-7104
1883146.6875,-6120
1883146.7500,-6087
1883146.8125,-7411
1883146.8750,-9465
1883146.9375,-10493
1883147.0000,-8973
1883147.0625,-6305
1883147.1250,-4936
1883147.1875,-5109
1883147.2500,-5845
1883147.3125,-5066
1883147.3750,-2997
1883147.4375,-2660
1883147.5000,-5190
1883147.5625,-7911
1883147.6250,-8734
1883147.6875,-7304
1883147.7500,-4849
1883147.8125,-3225
1883147.8750,-3159
1883147.9375,-3030
1883148.0000,-3046
1883148.0625,-3027
1883148.1250,-3055
1883148.1875,-4433
1883148.2500,-6805
1883148.3125,-8369
1883148.3750,-9344
1883148.4375,-10247
1883148.5000,-10077
1883148.5625,-8903
1883148.6250,-7543
1883148.6875,-6337
1883148.7500,-5547
1883148.8125,-5528
1883148.8750,-6290
1883148.9375,-6871
1883149.0000,-6778
1883149.0625,-6752
1883149.1250,-7267
1883149.1875,-7709
1883149.2500,-7354
1883149.3125,-5894
1883149.3750,-3840
1883149.4375,-2824
1883149.5000,-3493
1883149.5625,-4663
1883149.6250,-5048
1883149.6875,-4001
1883149.7500,-3042
1883149.8125,-3930
1883149.8750,-5524
1883149.9375,-5410
1883150.0000,-4114
1883150.0625,-3488
1883150.1250,-4260
1883150.1875,-5629
1883150.2500,-6402
1883150.3125,-6190
1883150.3750,-5957
1883150.4375,-6315
1883150.5000,-7076
1883150.5625,-8093
1883150.6250,-8232
1883150.6875,-7589
1883150.7500,-6903
1883150.8125,-6913
1883150.8750,-7119
1883150.9375,-6753
1883151.0000,-5822
1883151.0625,-5113
1883151.1250,-5468
1883151.1875,-6558
1883151.2500,-6543
1883151.3125,-4890
1883151.3750,-3156
1883151.4375,-3093
1883151.5000,-4006
1883151.5625,-4074
1883151.6250,-3166
1883151.6875,-2200
1883151.7500,-1728
1883151.8125,-1166
1883151.8750,-1145
1883151.9375,-1535
1883152.0000,-738
1883152.0625,289
1883152.1250,263
1883152.1875,-182
1883152.2500,-719
1883152.3125,-489
1883152.3750,304
1883152.4375,171
1883152.5000,-534
1883152.5625,-1144
1883152.6250,-1759
1883152.6875,-2368
1883152.7500,-2760
1883152.8125,-2269
1883152.8750,-1239
1883152.9375,-64
1883153.0000,544
1883153.0625,-66
1883153.1250,-1647
1883153.1875,-3112
1883153.2500,-3786
1883153.3125,-3943
1883153.3750,-4274
1883153.4375,-4965
1883153.5000,-5445
1883153.5625,-5058
1883153.6250,-4073
1883153.6875,-3904
1883153.7500,-4970
1883153.8125,-5553
1883153.8750,-4389
1883153.9375,-2233
1883154.0000,-1103
1883154.0625,-1460
1883154.1250,-1724
1883154.1875,-969
1883154.2500,591
1883154.3125,1053
1883154.3750,-404
1883154.4375,-1874
1883154.5000,-1762
1883154.5625,-344
1883154.6250,802
1883154.6875,497
1883154.7500,96
1883154.8125,473
1883154.8750,585
1883154.9375,-352
1883155.0000,-1562
1883155.0625,-2943
1883155.1250,-4300
1883155.1875,-4665
1883155.2500,-4344
1883155.3125,-4874
1883155.3750,-5511
1883155.4375,-4886
1883155.5000,-3163
1883155.5625,-1541
1883155.6250,-1813
1883155.6875,-4204
1883155.7500,-6169
1883155.8125,-5068
1883155.8750,-2418
1883155.9375,-1113
1883156.0000,-2140
1883156.0625,-2926
1883156.1250,-1135
1883156.1875,1838
1883156.2500,2938
1883156.3125,1459
1883156.3750,-547
1883156.4375,-1384
1883156.5000,-1168
1883156.5625,-937
1883156.6250,-1006
1883156.6875,-1623
1883156.7500,-1640
1883156.8125,366
1883156.8750,2388
1883156.9375,2472
1883157.0000,965
1883157.0625,-243
1883157.1250,66
1883157.1875,1717
1883157.2500,2258
1883157.3125,752
1883157.3750,-721
1883157.4375,-42
1883157.5000,1934
1883157.5625,3238
1883157.6250,3092
1883157.6875,1586
1883157.7500,338
1883157.8125,659
1883157.8750,1496
1883157.9375,1219
1883158.0000,-258
1883158.0625,-1536
1883158.1250,-1284
1883158.1875,14
1883158.2500,754
1883158.3125,233
1883158.3750,-274
1883158.4375,1233
1883158.5000,3550
1883158.5625,3603
1883158.6250,2292
1883158.6875,1794
1883158.7500,2230
1883158.8125,3374
1883158.8750,4179
1883158.9375,3743
1883159.0000,2517
1883159.0625,2359
1883159.1250,3627
1883159.1875,4684
1883159.2500,4036
1883159.3125,3246
1883159.3750,3324
1883159.4375,2835
1883159.5000,2061
1883159.5625,1838
1883159.6250,987
1883159.6875,-686
1883159.7500,-1108
1883159.8125,445
1883159.8750,1739
1883159.9375,600
1883160.0000,-1367
1883160.0625,-1023
1883160.1250,1441
1883160.1875,2981
1883160.2500,1356
1883160.3125,-1423
1883160.3750,-2119
1883160.4375,-1069
1883160.5000,153
1883160.5625,433
1883160.6250,489
1883160.6875,1293
1883160.7500,2801
1883160.8125,4192
1883160.8750,4753
1883160.9375,3407
1883161.0000,1353
1883161.0625,639
1883161.1250,1559
1883161.1875,3093
1883161.2500,4415
1883161.3125,4933
1883161.3750,4167
1883161.4375,3827
1883161.5000,5483
1883161.5625,7609
1883161.6250,7017
1883161.6875,4139
1883161.7500,1883
1883161.8125,1328
1883161.8750,1540
1883161.9375,1125
1883186.0000,-4025
1883186.0625,-3152
1883186.1250,-2785
1883186.1875,-4590
1883186.2500,-7455
1883186.3125,-8880
1883186.3750,-8174
1883186.4375,-6108
1883186.5000,-3822
1883186.5625,-2775
1883186.6250,-3189
1883186.6875,-3736
1883186.7500,-3467
1883186.8125,-3389
1883186.8750,-4667
1883186.9375,-6696
1883187.0000,-7600
1883187.0625,-6692
1883187.1250,-4574
1883187.1875,-1903
1883187.2500,310
1883187.3125,755
1883187.3750,124
1883187.4375,-892
1883187.5000,-2447
1883187.5625,-3937
1883187.6250,-3984
1883187.6875,-2772
1883187.7500,-1266
1883187.8125,-331
1883187.8750,-860
1883187.9375,-2189
1883188.0000,-2623
1883188.0625,-3007
1883188.1250,-4140
1883188.1875,-4637
1883188.2500,-4730
1883188.3125,-5274
1883188.3750,-5542
1883188.4375,-5320
1883188.5000,-5533
1883188.5625,-6098
1883188.6250,-6493
1883188.6875,-6402
1883188.7500,-5135
1883188.8125,-3965
1883188.8750,-4942
1883188.9375,-7240
1883189.0000,-7877
1883189.0625,-5622
1883189.1250,-2282
1883189.1875,-1629
1883189.2500,-3305
1883189.3125,-5020
1883189.3750,-4442
1883189.4375,-1965
1883189.5000,423
1883189.5625,912
1883189.6250,-274
1883189.6875,-948
1883189.7500,-247
1883189.8125,1108
1883189.8750,1238
1883189.9375,82
1883190.0000,-664
1883190.0625,-15
1883190.1250,1276
1883190.1875,1702
1883190.2500,673
1883190.3125,-1114
1883190.3750,-2275
1883190.4375,-2369
1883190.5000,-953
1883190.5625,518
1883190.6250,37
1883190.6875,-1001
1883190.7500,-1251
1883190.8125,-1860
1883190.8750,-2883
1883190.9375,-3451
1883191.0000,-3884
1883191.0625,-4182
1883191.1250,-3846
1883191.1875,-3506
1883191.2500,-3442
1883191.3125,-3059
1883191.3750,-2332
1883191.4375,-1841
1883191.5000,-1722
1883191.5625,-2336
1883191.6250,-3144
1883191.6875,-2849
1883191.7500,-1221
1883191.8125,415
1883191.8750,1278
1883191.9375,1615
1883192.0000,1217
1883192.0625,522
1883192.1250,878
1883192.1875,1645
1883192.2500,718
1883192.3125,-1164
1883192.3750,-1724
1883192.4375,-936
1883192.5000,-690
1883192.5625,-929
1883192.6250,-852
1883192.6875,204
1883192.7500,1793
1883192.8125,2162
1883192.8750,428
1883192.9375,-2199
1883193.0000,-3888
1883193.0625,-3218
1883193.1250,-1086
1883193.1875,-290
1883193.2500,-1278
1883193.3125,-2386
1883193.3750,-2250
1883193.4375,-1388
1883193.5000,-653
1883193.5625,-566
1883193.6250,-865
1883193.6875,-1416
1883193.7500,-1435
1883193.8125,306
1883193.8750,2326
1883193.9375,2804
1883194.0000,2119
1883194.0625,1521
1883194.1250,1084
1883194.1875,1814
1883194.2500,3403
1883194.3125,4404
1883194.3750,4003
1883194.4375,2478
1883194.5000,663
1883194.5625,132
1883194.6250,2156
1883194.6875,5540
1883194.7500,6634
1883194.8125,4335
1883194.8750,1252
1883194.9375,290
1883195.0000,1588
1883195.0625,3608
1883195.1250,3475
1883195.1875,662
1883195.2500,-1569
1883195.3125,-608
1883195.3750,1914
1883195.4375,3293
1883195.5000,2711
1883195.5625,1128
1883195.6250,354
1883195.6875,1333
1883195.7500,2625
1883195.8125,2357
1883195.8750,1520
1883195.9375,1308
1883196.0000,1401
1883196.0625,1665
1883196.1250,1805
1883196.1875,1914
1883196.2500,2646
1883196.3125,3887
1883196.3750,4314
1883196.4375,3273
1883196.5000,1870
1883196.5625,1602
1883196.6250,2695
1883196.6875,4385
1883196.7500,5120
1883196.8125,4319
1883196.8750,3426
1883196.9375,4597
1883197.0000,7280
1883197.0625,8108
1883197.1250,5586
1883197.1875,3175
1883197.2500,2932
1883197.3125,3481
1883197.3750,3254
1883197.4375,2763
1883197.5000,2477
1883197.5625,2131
1883197.6250,2312
1883197.6875,3775
1883197.7500,4615
1883197.8125,3188
1883197.8750,917
1883197.9375,26
1883198.0000,630
1883198.0625,1043
1883198.1250,200
1883198.1875,-845
1883198.2500,-573
1883198.3125,1073
1883198.3750,2840
1883198.4375,3848
1883198.5000,3071
1883198.5625,1691
1883198.6250,2064
1883198.6875,3037
1883198.7500,2973
1883198.8125,2563
1883198.8750,2303
1883198.9375,2533
1883199.0000,3370
1883199.0625,4154
1883199.1250,4952
1883199.1875,5731
1883199.2500,6131
1883199.3125,6442
1883199.3750,6437
1883199.4375,5168
1883199.5000,3051
1883199.5625,2183
1883199.6250,3793
1883199.6875,5437
1883199.7500,4920
1883199.8125,3595
1883199.8750,3510
1883199.9375,4115
1883200.0000,4411
1883200.0625,3795
1883200.1250,2146
1883200.1875,381
1883200.2500,221
1883200.3125,1576
1883200.3750,3051
1883200.4375,3208
1883200.5000,2189
1883200.5625,1098
1883200.6250,1020
1883200.6875,1360
1883200.7500,633
1883200.8125,-406
1883200.8750,163
1883200.9375,1816
1883201.0000,3252
1883201.0625,4236
1883201.1250,4477
1883201.1875,3978
1883201.2500,3714
1883201.3125,4055
1883201.3750,4056
1883201.4375,3261
1883201.5000,2650
1883201.5625,3107
1883201.6250,4912
1883201.6875,7054
1883201.7500,7299
1883201.8125,6164
1883201.8750,6263
1883201.9375,7052
1883202.0000,7392
1883202.0625,6192
1883202.1250,4750
1883202.1875,3713
1883202.2500,3229
1883202.3125,2228
1883202.3750,154
1883202.4375,-192
1883202.5000,3003
1883202.5625,6256
1883202.6250,5295
1883202.6875,2077
1883202.7500,-1088
1883202.8125,-3934
1883202.8750,-5115
1883202.9375,-2423
1883203.0000,1705
1883203.0625,2832
1883203.1250,-425
1883203.1875,-4311
1883203.2500,-4999
1883203.3125,-2786
1883203.3750,-116
1883203.4375,806
1883203.5000,1177
1883203.5625,1603
1883203.6250,196
1883203.6875,-864
1883203.7500,652
1883203.8125,2568
1883203.8750,1363
1883203.9375,-1416
1883204.0000,-2368
1883204.0625,-1082
1883204.1250,-635
1883204.1875,-1349
1883204.2500,-1442
1883204.3125,-427
1883204.3750,736
1883204.4375,1233
1883204.5000,751
1883204.5625,-367
1883204.6250,-1700
1883204.6875,-2653
1883204.7500,-2569
1883204.8125,-1619
1883204.8750,-2486
1883204.9375,-4629
1883205.0000,-4344
1883205.0625,-2875
1883205.1250,-2747
1883205.1875,-2664
1883205.2500,-1930
1883205.3125,-1157
1883205.3750,-334
1883205.4375,48
1883205.5000,382
1883205.5625,1263
1883205.6250,1940
1883205.6875,1834
1883205.7500,1379
1883205.8125,1342
1883205.8750,1393
1883205.9375,1894
1883206.0000,3320
1883206.0625,3879
1883206.1250,1381
1883206.1875,-1950
1883206.2500,-2844
1883206.3125,-1649
1883206.3750,-257
1883206.4375,91
1883206.5000,-360
1883206.5625,-626
1883206.6250,-582
1883206.6875,-1098
1883206.7500,-2717
1883206.8125,-4422
1883206.8750,-3962
1883206.9375,-1893
1883207.0000,-1094
1883207.0625,-2347
1883207.1250,-3213
1883207.1875,-1452
1883207.2500,728
1883207.3125,76
1883207.3750,-1507
1883207.4375,-1362
1883207.5000,-93
1883207.5625,1418
1883207.6250,2111
1883207.6875,449
1883207.7500,-2603
1883207.8125,-4210
1883207.8750,-2510
1883207.9375,1815
1883208.0000,4830
1883208.0625,3799
1883208.1250,795
1883208.1875,54
1883208.2500,2680
1883208.3125,5414
1883208.3750,5140
1883208.4375,2913
1883208.5000,1134
1883208.5625,981
1883208.6250,2206
1883208.6875,3198
1883208.7500,2725
1883208.8125,1869
1883208.8750,1142
1883208.9375,553
1883209.0000,148
1883209.0625,-514
1883209.1250,-1839
1883209.1875,-3198
1883209.2500,-4383
1883209.3125,-6045
1883209.3750,-7208
1883209.4375,-6687
1883209.5000,-4529
1883209.5625,-2377
1883209.6250,-2461
1883209.6875,-4713
1883209.7500,-5635
1883209.8125,-3370
1883209.8750,588
1883209.9375,2456
1883210.0000,224
1883210.0625,-3351
1883210.1250,-3904
1883210.1875,-1183
1883210.2500,1374
1883210.3125,1080
1883210.3750,-977
1883210.4375,-1902
1883210.5000,-487
1883210.5625,2659
1883210.6250,5276
1883210.6875,4639
1883210.7500,1587
1883210.8125,-202
1883210.8750,505
1883210.9375,1713
1883211.0000,1175
1883211.0625,-251
1883211.1250,-755
1883211.1875,-404
1883211.2500,-361
1883211.3125,-922
1883211.3750,-1606
1883211.4375,-2435
1883211.5000,-3247
1883211.5625,-4077
1883211.6250,-5621
1883211.6875,-7061
1883211.7500,-6214
1883211.8125,-3318
1883211.8750,-1605
1883211.9375,-3209
1883212.0000,-6095
1883212.0625,-6098
1883212.1250,-3141
1883212.1875,-765
1883212.2500,-1175
1883212.3125,-4102
1883212.3750,-6921
1883212.4375,-6558
1883212.5000,-3491
1883212.5625,-1473
1883212.6250,-2470
1883212.6875,-5189
1883212.7500,-7318
1883212.8125,-7221
1883212.8750,-5221
1883212.9375,-4000
1883213.0000,-4297
1883213.0625,-4683
1883213.1250,-3876
1883213.1875,-1700
1883213.2500,-353
1883213.3125,-1448
1883213.3750,-2750
1883213.4375,-1607
1883213.5000,144
1883213.5625,-312
1883213.6250,-3616
1883213.6875,-6295
1883213.7500,-6493
1883213.8125,-4781
1883213.8750,-3331
1883213.9375,-3040
1883214.0000,-3726
1883214.0625,-5793
1883214.1250,-6342
1883214.1875,-4386
1883214.2500,-3767
1883214.3125,-5306
1883214.3750,-6684
1883214.4375,-7007
1883214.5000,-5763
1883214.5625,-3480
1883214.6250,-2650
1883214.6875,-3672
1883214.7500,-3684
1883214.8125,-2688
1883214.8750,-1803
1883214.9375,-2006
1883215.0000,-3328
1883215.0625,-3910
1883215.1250,-2175
1883215.1875,-796
1883215.2500,-2306
1883215.3125,-5233
1883215.3750,-5582
1883215.4375,-2732
1883215.5000,-127
1883215.5625,10
1883215.6250,-2578
1883215.6875,-4945
1883215.7500,-3478
1883215.8125,636
1883215.8750,3329
1883215.9375,2257
1883216.0000,-1803
1883216.0625,-4961
1883216.1250,-3289
1883216.1875,-530
1883216.2500,-2451
1883216.3125,-5663
1883216.3750,-6032
1883216.4375,-5055
1883216.5000,-4221
1883216.5625,-3705
1883216.6250,-3297
1883216.6875,-2279
1883216.7500,-1665
1883216.8125,-2327
1883216.8750,-3548
1883216.9375,-4961
1883217.0000,-6360
1883217.0625,-5363
1883217.1250,-2622
1883217.1875,-1608
1883217.2500,-3313
1883217.3125,-4794
1883217.3750,-3301
1883217.4375,-550
1883217.5000,63
1883217.5625,-2348
1883217.6250,-5088
1883217.6875,-6235
1883217.7500,-5183
1883217.8125,-3146
1883217.8750,-2429
1883217.9375,-3742
1883218.0000,-5063
1883218.0625,-4296
1883218.1250,-2044
1883218.1875,-1308
1883218.2500,-3487
1883218.3125,-6245
1883218.3750,-5906
1883218.4375,-3574
1883218.5000,-3123
1883218.5625,-4491
1883218.6250,-5748
1883218.6875,-5396
1883218.7500,-3399
1883218.8125,-1750
1883218.8750,-2682
1883218.9375,-4434
1883219.0000,-4313
1883219.0625,-2879
1883219.1250,-2670
1883219.1875,-4201
1883219.2500,-5834
1883219.3125,-5937
1883219.3750,-4821
1883219.4375,-3729
1883219.5000,-3950
1883219.5625,-6251
1883219.6250,-8379
1883219.6875,-7444
1883219.7500,-4175
1883219.8125,-2453
1883219.8750,-3824
1883219.9375,-6486
1883220.0000,-6761
1883220.0625,-4951
1883220.1250,-4418
1883220.1875,-5716
1883220.2500,-7492
1883220.3125,-7673
1883220.3750,-5283
1883220.4375,-2636
1883220.5000,-2489
1883220.5625,-4361
1883220.6250,-5985
1883220.6875,-6377
1883220.7500,-6016
1883220.8125,-6779
1883220.8750,-8844
1883220.9375,-9952
1883221.0000,-8647
1883221.0625,-6191
1883221.1250,-4594
1883221.1875,-4728
1883221.2500,-6149
1883221.3125,-6555
1883221.3750,-5566
1883221.4375,-5069
1883221.5000,-5905
1883221.5625,-8047
1883221.6250,-9228
1883221.6875,-7146
1883221.7500,-3937
1883221.8125,-3156
1883221.8750,-4893
1883221.9375,-6207
1883222.0000,-4667
1883222.0625,-2231
1883222.1250,-2003
1883222.1875,-3685
1883222.2500,-4320
1883222.3125,-3295
1883222.3750,-1725
1883222.4375,-1473
1883222.5000,-3031
1883222.5625,-4312
1883222.6250,-3857
1883222.6875,-2628
1883222.7500,-3104
1883222.8125,-5190
1883222.8750,-6548
1883222.9375,-6045
1883223.0000,-5208
1883223.0625,-5588
1883223.1250,-7356
1883223.1875,-8990
1883223.2500,-8303
1883223.3125,-5732
1883223.3750,-4171
1883223.4375,-4926
1883223.5000,-7217
1883223.5625,-8549
1883223.6250,-7118
1883223.6875,-4925
1883223.7500,-4906
1883223.8125,-6583
1883223.8750,-7718
1883223.9375,-6832
1883224.0000,-4371
1883224.0625,-2502
1883224.1250,-3039
1883224.1875,-5108
1883224.2500,-5583
1883224.3125,-3929
1883224.3750,-2146
1883224.4375,-2323
1883224.5000,-3832
1883224.5625,-3851
1883224.6250,-2774
1883224.6875,-2865
1883224.7500,-3978
1883224.8125,-4421
1883224.8750,-3594
1883224.9375,-1744
1883225.0000,-288
1883225.0625,-664
1883225.1250,-2181
1883225.1875,-2803
1883225.2500,-1924
1883225.3125,-1140
1883225.3750,-1956
1883225.4375,-3343
1883225.5000,-3542
1883225.5625,-2730
1883225.6250,-2282
1883225.6875,-2174
1883225.7500,-2589
1883225.8125,-3781
1883225.8750,-4408
1883225.9375,-4269
1883226.0000,-4644
1883226.0625,-5516
1883226.1250,-5622
1883226.1875,-4549
1883226.2500,-3247
1883226.3125,-3303
1883226.3750,-4496
1883226.4375,-4607
1883226.5000,-3168
1883226.5625,-2011
1883226.6250,-1671
1883226.6875,-1439
1883226.7500,-1261
1883226.8125,-1614
1883226.8750,-2691
1883226.9375,-3413
1883227.0000,-3174
1883227.0625,-2240
1883227.1250,-1301
1883227.1875,-542
1883227.2500,-269
1883227.3125,66
1883227.3750,432
1883227.4375,268
1883227.5000,16
1883227.5625,348
1883227.6250,399
1883227.6875,-370
1883227.7500,-1433
1883227.8125,-2143
1883227.8750,-2245
1883227.9375,-2482
1883228.0000,-3432
1883228.0625,-4507
1883228.1250,-4693
1883228.1875,-3710
1883228.2500,-2332
1883228.3125,-1658
1883228.3750,-2049
1883228.4375,-2877
1883228.5000,-3208
1883228.5625,-3073
1883228.6250,-2924
1883228.6875,-3168
1883228.7500,-3839
1883228.8125,-4452
1883228.8750,-4087
1883228.9375,-3224
1883229.0000,-2727
1883229.0625,-2533
1883229.1250,-2229
1883229.1875,-2249
1883229.2500,-2920
1883229.3125,-3931
1883229.3750,-3997
1883229.4375,-2455
1883229.5000,-503
1883229.5625,657
1883229.6250,817
1883229.6875,346
1883229.7500,-423
1883229.8125,-946
1883229.8750,-791
1883229.9375,-470
1883230.0000,-652
1883230.0625,-817
1883230.1250,-266
1883230.1875,559
1883230.2500,877
1883230.3125,607
1883230.3750,295
1883230.4375,-11
1883230.5000,-740
1883230.5625,-1650
1883230.6250,-2346
1883230.6875,-2465
1883230.7500,-1099
1883230.8125,459
1883230.8750,523
1883230.9375,-555
1883231.0000,-1380
1883231.0625,-1541
1883231.1250,-574
1883231.1875,885
1883231.2500,1688
1883231.3125,1061
1883231.3750,-478
1883231.4375,-620
1883231.5000,1374
1883231.5625,3297
1883231.6250,3343
1883231.6875,2827
1883231.7500,2870
1883231.8125,3088
1883231.8750,3150
1883231.9375,2907
1883232.0000,2397
1883232.0625,2443
1883232.1250,2741
1883232.1875,2934
1883232.2500,2909
1883232.3125,2225
1883232.3750,1655
1883232.4375,2639
1883232.5000,4112
1883232.5625,3698
1883232.6250,2167
1883232.6875,1869
1883232.7500,2833
1883232.8125,3879
1883232.8750,3969
1883232.9375,2023
1883233.0000,-724
1883233.0625,-1231
1883233.1250,593
1883233.1875,1734
1883233.2500,1064
1883233.3125,-629
1883233.3750,-1697
1883233.4375,-355
1883233.5000,2161
1883233.5625,3053
1883233.6250,1578
1883233.6875,168
1883233.7500,763
1883233.8125,2846
1883233.8750,4403
1883233.9375,3980
1883234.0000,2301
1883234.0625,1716
1883234.1250,2915
1883234.1875,3814
1883234.2500,3573
1883234.3125,3349
1883234.3750,3992
1883234.4375,4424
1883234.5000,3185
1883234.5625,1597
1883234.6250,2020
1883234.6875,4310
1883234.7500,6579
1883234.8125,7503
1883234.8750,6694
1883234.9375,5176
1883235.0000,4812
1883235.0625,5643
1883235.1250,6274
1883235.1875,5162
1883235.2500,2402
1883235.3125,427
1883235.3750,826
1883235.4375,2385
1883235.5000,2925
1883235.5625,2337
1883235.6250,1321
1883235.6875,576
1883235.7500,176
1883235.8125,-527
1883235.8750,-1466
1883235.9375,-1516
1883236.0000,-586
1883236.0625,724
1883236.1250,1895
1883236.1875,1904
1883236.2500,1024
1883236.3125,783
1883236.3750,2088
1883236.4375,3432
1883236.5000,3362
1883236.5625,2542
1883236.6250,2451
1883236.6875,3659
1883236.7500,5443
1883236.8125,6941
1883236.8750,6947
1883236.9375,5424
1883237.0000,3884
1883237.0625,3454
1883237.1250,3702
1883237.1875,3846
1883237.2500,4068
1883237.3125,4184
1883237.3750,3494
1883237.4375,2788
1883237.5000,3063
1883237.5625,4330
1883237.6250,5258
1883237.6875,4559
1883237.7500,2593
1883237.8125,654
1883237.8750,-489
1883237.9375,-767
1883238.0000,-460
1883238.0625,-716
1883238.1250,-2510
1883238.1875,-4032
1883238.2500,-2680
1883238.3125,724
1883238.3750,3078
1883238.4375,3643
1883238.5000,3290
1883238.5625,3461
1883238.6250,4658
1883238.6875,5354
1883238.7500,4599
1883238.8125,5073
1883238.8750,6473
1883238.9375,7366
1883239.0000,7373
1883239.0625,7173
1883239.1250,6941
1883239.1875,6832
1883239.2500,6776
1883239.3125,5813
1883239.3750,5230
1883239.4375,6953
1883239.5000,9350
1883239.5625,9039
1883239.6250,5867
1883239.6875,1700
1883239.7500,-1700
1883239.8125,-2242
1883239.8750,223
1883239.9375,4195
1883240.0000,7974
1883240.0625,9222
1883240.1250,7197
1883240.1875,4046
1883240.2500,2081
1883240.3125,2194
1883240.3750,2085
1883240.4375,95
1883240.5000,-1815
1883240.5625,-2002
1883240.6250,-812
1883240.6875,375
1883240.7500,1105
1883240.8125,2124
1883240.8750,3867
1883240.9375,5290
1883241.0000,5721
1883241.0625,5237
1883241.1250,2880
1883241.1875,-67
1883241.2500,-2079
1883241.3125,-1929
1883241.3750,-14
1883241.4375,1840
1883241.5000,1881
1883241.5625,1809
1883241.6250,2271
1883241.6875,2825
1883241.7500,2815
1883241.8125,2336
1883241.8750,1610
1883241.9375,1222
1883242.0000,234
1883242.0625,-1906
1883242.1250,-3130
1883242.1875,-2590
1883242.2500,-1802
1883242.3125,-1108
1883242.3750,-377
1883242.4375,-772
1883242.5000,-2120
1883242.5625,-3435
1883242.6250,-3230
1883242.6875,-1943
1883242.7500,-1183
1883242.8125,-2330
1883242.8750,-3622
1883242.9375,-2626
1883243.0000,103
1883243.0625,1494
1883243.1250,810
1883243.1875,-148
1883243.2500,-1327
1883243.3125,-2125
1883243.3750,-963
1883243.4375,2093
1883243.5000,4218
1883243.5625,2996
1883243.6250,799
1883243.6875,183
1883243.7500,361
1883243.8125,815
1883243.8750,1903
1883243.9375,3604
1883244.0000,5342
1883244.0625,4937
1883244.1250,1885
1883244.1875,-681
1883244.2500,-1719
1883244.3125,-2540
1883244.3750,-2369
1883244.4375,-1096
1883244.5000,-467
1883244.5625,-1048
1883244.6250,-857
1883244.6875,1503
1883244.7500,4596
1883244.8125,4082
1883244.8750,469
1883244.9375,-1975
1883245.0000,-1401
1883245.0625,-449
1883245.1250,-324
1883245.1875,-508
1883245.2500,-471
1883245.3125,-168
1883245.3750,-312
1883245.4375,-949
1883245.5000,-1136
1883245.5625,-634
1883245.6250,-557
1883245.6875,-638
1883245.7500,97
1883245.8125,922
1883245.8750,975
1883245.9375,1222
1883246.0000,2348
1883246.0625,3418
1883246.1250,2559
1883246.1875,619
1883246.2500,194
1883246.3125,1312
1883246.3750,1485
1883246.4375,360
1883246.5000,-1040
1883246.5625,-2218
1883246.6250,-2697
1883246.6875,-2478
1883246.7500,-1843
1883246.8125,-1409
1883246.8750,-1536
1883246.9375,-1572
1883247.0000,-934
1883247.0625,-403
1883247.1250,-193
1883247.1875,-167
1883247.2500,-831
1883247.3125,-2055
1883247.3750,-2926
1883247.4375,-3376
1883247.5000,-3759
1883247.5625,-3973
1883247.6250,-3408
1883247.6875,-1894
1883247.7500,-68
1883247.8125,750
1883247.8750,686
1883247.9375,822
1883248.0000,958
1883248.0625,834
1883248.1250,652
1883248.1875,1035
1883248.2500,1803
1883248.3125,1557
1883248.3750,401
1883248.4375,-268
1883248.5000,349
1883248.5625,2156
1883248.6250,3598
1883248.6875,3158
1883248.7500,1141
1883248.8125,-256
1883248.8750,382
1883248.9375,1909
1883249.0000,2253
1883249.0625,1498
1883249.1250,1264
1883249.1875,1598
1883249.2500,1897
1883249.3125,1732
1883249.3750,1164
1883249.4375,608
1883249.5000,-59
1883249.5625,-1566
1883249.6250,-3237
1883249.6875,-4139
1883249.7500,-4482
1883249.8125,-4269
1883249.8750,-3756
1883249.9375,-3757
1883250.0000,-4142
1883250.0625,-4103
1883250.1250,-2910
1883250.1875,-1480
1883250.2500,-1601
1883250.3125,-3681
1883250.3750,-5607
1883250.4375,-5557
1883250.5000,-3994
1883250.5625,-4146
1883250.6250,-6231
1883250.6875,-7266
1883250.7500,-6843
1883250.8125,-5309
1883250.8750,-3503
1883250.9375,-2378
1883251.0000,-3829
1883251.0625,-5095
1883251.1250,-3929
1883251.1875,-2696
1883251.2500,-2615
1883251.3125,-2641
1883251.3750,-3798
1883251.4375,-5071
1883251.5000,-4167
1883251.5625,-1577
1883251.6250,-817
1883251.6875,-2018
1883251.7500,-4115
1883251.8125,-4336
1883251.8750,-2870
1883251.9375,-3152
1883252.0000,-5830
1883252.0625,-7108
1883252.1250,-6532
1883252.1875,-5059
1883252.2500,-4288
1883252.3125,-3967
1883252.3750,-3406
1883252.4375,-3097
1883252.5000,-3216
1883252.5625,-2725
1883252.6250,-2675
1883252.6875,-4282
1883252.7500,-7035
1883252.8125,-8473
1883252.8750,-8163
1883252.9375,-7350
1883253.0000,-6408
1883253.0625,-4109
1883253.1250,-969
1883253.1875,-26
1883253.2500,350
1883253.3125,2124
1883253.3750,3323
1883253.4375,2671
1883253.5000,1716
1883253.5625,1860
1883253.6250,3030
1883253.6875,2592
1883253.7500,1979
1883253.8125,3889
1883253.8750,6487
1883253.9375,4642
1883254.0000,-1055
1883254.0625,-5722
1883254.1250,-6700
1883254.1875,-5244
1883254.2500,-4772
1883254.3125,-6195
1883254.3750,-8090
1883254.4375,-7788
1883254.5000,-5492
1883254.5625,-3139
1883254.6250,-2627
1883254.6875,-4276
1883254.7500,-6313
1883254.8125,-6611
1883254.8750,-5033
1883254.9375,-2810
1883255.0000,-1198
1883255.0625,-392
1883255.1250,37
1883255.1875,554
1883255.2500,532
1883255.3125,1
1883255.3750,389
1883255.4375,1564
1883255.5000,2558
1883255.5625,2614
1883255.6250,703
1883255.6875,-1398
1883255.7500,-1270
1883255.8125,113
1883255.8750,23
1883255.9375,-1838
1883256.0000,-3558
1883256.0625,-4531
1883256.1250,-3750
1883256.1875,-1599
1883256.2500,-250
1883256.3125,-1864
1883256.3750,-4848
1883256.4375,-6031
1883256.5000,-4768
1883256.5625,-3294
1883256.6250,-3914
1883256.6875,-5613
1883256.7500,-5836
1883256.8125,-3820
1883256.8750,-2024
1883256.9375,-1996
1883257.0000,-2778
1883257.0625,-3459
1883257.1250,-4203
1883257.1875,-4458
1883257.2500,-3896
1883257.3125,-3243
1883257.3750,-3264
1883257.4375,-3489
1883257.5000,-3594
1883257.5625,-4605
1883257.6250,-5820
1883257.6875,-6358
1883257.7500,-6205
1883257.8125,-6001
1883257.8750,-6111
1883257.9375,-6927
1883266.0000,-8931
1883266.0625,-8375
1883266.1250,-8317
1883266.1875,-8018
1883266.2500,-5758
1883266.3125,-3313
1883266.3750,-2781
1883266.4375,-2625
1883266.5000,-1654
1883266.5625,-148
1883266.6250,1025
1883266.6875,1449
1883266.7500,2381
1883266.8125,2326
1883266.8750,-655
1883266.9375,-3028
1883267.0000,-667
1883267.0625,2943
1883267.1250,2080
1883267.1875,-1927
1883267.2500,-3439
1883267.3125,-1112
1883267.3750,906
1883267.4375,-271
1883267.5000,-2851
1883267.5625,-3230
1883267.6250,-545
1883267.6875,2126
1883267.7500,2138
1883267.8125,2017
1883267.8750,3237
1883267.9375,3989
1883268.0000,3766
1883268.0625,4117
1883268.1250,4588
1883268.1875,3730
1883268.2500,2504
1883268.3125,1974
1883268.3750,2271
1883268.4375,2518
1883268.5000,1462
1883268.5625,1181
1883268.6250,3166
1883268.6875,5723
1883268.7500,5394
1883268.8125,1252
1883268.8750,-2805
1883268.9375,-3087
1883269.0000,-559
1883269.0625,907
1883269.1250,1407
1883269.1875,2409
1883269.2500,2351
1883269.3125,1786
1883269.3750,3038
1883269.4375,4834
1883269.5000,4997
1883269.5625,4060
1883269.6250,3245
1883269.6875,3278
1883269.7500,4192
1883269.8125,4694
1883269.8750,4707
1883269.9375,5079
1883270.0000,5711
1883270.0625,4978
1883270.1250,3375
1883270.1875,2865
1883270.2500,3650
1883270.3125,3567
1883270.3750,2348
1883270.4375,2339
1883270.5000,3187
1883270.5625,3447
1883270.6250,3609
1883270.6875,4229
1883270.7500,4581
1883270.8125,4001
1883270.8750,2694
1883270.9375,2478
1883271.0000,3447
1883271.0625,3960
1883271.1250,3341
1883271.1875,1951
1883271.2500,604
1883271.3125,522
1883271.3750,923
1883271.4375,815
1883271.5000,399
1883271.5625,102
1883271.6250,-45
1883271.6875,409
1883271.7500,1179
1883271.8125,2236
1883271.8750,2965
1883271.9375,2488
1883272.0000,774
1883272.0625,-337
1883272.1250,-55
1883272.1875,650
1883272.2500,1114
1883272.3125,1216
1883272.3750,2094
1883272.4375,2959
1883272.5000,3112
1883272.5625,2254
1883272.6250,1460
1883272.6875,1117
1883272.7500,646
1883272.8125,1477
1883272.8750,3702
1883272.9375,5837
1883273.0000,5898
1883273.0625,5349
1883273.1250,6409
1883273.1875,7600
1883273.2500,5939
1883273.3125,2621
1883273.3750,2348
1883273.4375,4468
1883273.5000,4358
1883273.5625,2685
1883273.6250,2731
1883273.6875,4740
1883273.7500,5113
1883273.8125,2480
1883273.8750,712
1883273.9375,2416
1883282.0000,3229
1883282.0625,2972
1883282.1250,1907
1883282.1875,1734
1883282.2500,3274
1883282.3125,4965
1883282.3750,3590
1883282.4375,518
1883282.5000,-391
1883282.5625,-456
1883282.6250,-795
1883282.6875,892
1883282.7500,2624
1883282.8125,1066
1883282.8750,-1448
1883282.9375,-1099
1883283.0000,2002
1883283.0625,3952
1883283.1250,1110
1883283.1875,-2128
1883283.2500,-639
1883283.3125,1868
1883283.3750,2388
1883283.4375,2380
1883283.5000,2216
1883283.5625,781
1883283.6250,-1278
1883283.6875,-2299
1883283.7500,-2532
1883283.8125,-3522
1883283.8750,-4194
1883283.9375,-1864
1883284.0000,1556
1883284.0625,4097
1883284.1250,5940
1883284.1875,6319
1883284.2500,5211
1883284.3125,4120
1883284.3750,2103
1883284.4375,-1058
1883284.5000,-3721
1883284.5625,-4110
1883284.6250,-2740
1883284.6875,-1488
1883284.7500,-2226
1883284.8125,-3971
1883284.8750,-3667
1883284.9375,-1167
1883285.0000,-830
1883285.0625,-4227
1883285.1250,-7426
1883285.1875,-7912
1883285.2500,-6969
1883285.3125,-5959
1883285.3750,-4702
1883285.4375,-3142
1883285.5000,-2081
1883285.5625,-2496
1883285.6250,-3673
1883285.6875,-4904
1883285.7500,-5816
1883285.8125,-5284
1883285.8750,-3321
1883285.9375,-1898
1883286.0000,-2633
1883286.0625,-4505
1883286.1250,-4437
1883286.1875,-455
1883286.2500,4259
1883286.3125,5211
1883286.3750,1669
1883286.4375,768
1883286.5000,6256
1883286.5625,10992
1883286.6250,7606
1883286.6875,756
1883286.7500,-664
1883286.8125,3022
1883286.8750,4075
1883286.9375,1043
1883287.0000,-1550
1883287.0625,-2614
1883287.1250,-4866
1883287.1875,-5860
1883287.2500,-2726
1883287.3125,579
1883287.3750,-1826
1883287.4375,-7581
1883287.5000,-8332
1883287.5625,-3044
1883287.6250,-283
1883287.6875,-3638
1883287.7500,-6386
1883287.8125,-3549
1883287.8750,-301
1883287.9375,-1466
1883288.0000,-3384
1883288.0625,-1007
1883288.1250,3129
1883288.1875,3594
1883288.2500,1624
1883288.3125,1726
1883288.3750,3277
1883288.4375,3762
1883288.5000,2433
1883288.5625,1768
1883288.6250,2601
1883288.6875,2564
1883288.7500,1098
1883288.8125,763
1883288.8750,3041
1883288.9375,2289
1883289.0000,-2907
1883289.0625,-5999
1883289.1250,-4844
1883289.1875,-3700
1883289.2500,-5219
1883289.3125,-7185
1883289.3750,-5895
1883289.4375,-2073
1883289.5000,577
1883289.5625,410
1883289.6250,387
1883289.6875,-419
1883289.7500,-1252
1883289.8125,-698
1883289.8750,554
1883289.9375,-443
1883290.0000,-2898
1883290.0625,-3662
1883290.1250,-980
1883290.1875,1446
1883290.2500,975
1883290.3125,-1167
1883290.3750,-2666
1883290.4375,-2959
1883290.5000,-1107
1883290.5625,1267
1883290.6250,1783
1883290.6875,210
1883290.7500,-231
1883290.8125,1977
1883290.8750,4170
1883290.9375,3025
1883291.0000,1328
1883291.0625,1889
1883291.1250,2146
1883291.1875,1110
1883291.2500,-346
1883291.3125,-1700
1883291.3750,-1473
1883291.4375,2
1883291.5000,-130
1883291.5625,-2018
1883291.6250,-3934
1883291.6875,-4763
1883291.7500,-4246
1883291.8125,-2338
1883291.8750,-1307
1883291.9375,-3305
1883292.0000,-7551
1883292.0625,-10241
1883292.1250,-9004
1883292.1875,-7277
1883292.2500,-8459
1883292.3125,-11385
1883292.3750,-11780
1883292.4375,-8518
1883292.5000,-4512
1883292.5625,-4236
1883292.6250,-6779
1883292.6875,-8663
1883292.7500,-8481
1883292.8125,-5264
1883292.8750,-1495
1883292.9375,-530
1883293.0000,-3663
1883293.0625,-4339
1883293.1250,1161
1883293.1875,5498
1883293.2500,2741
1883293.3125,-1506
1883293.3750,-497
1883293.4375,4656
1883293.5000,5583
1883293.5625,519
1883293.6250,-2564
1883293.6875,-1143
1883293.7500,-1361
1883293.8125,-3940
1883293.8750,-4437
1883293.9375,-2563
1883294.0000,-3797
1883294.0625,-7743
1883294.1250,-8182
1883294.1875,-3850
1883294.2500,-2054
1883294.3125,-5090
1883294.3750,-7251
1883294.4375,-4792
1883294.5000,-1590
1883294.5625,-2188
1883294.6250,-4532
1883294.6875,-3350
1883294.7500,824
1883294.8125,2246
1883294.8750,793
1883294.9375,954
1883295.0000,2583
1883295.0625,1900
1883295.1250,-1206
1883295.1875,-2728
1883295.2500,-1724
1883295.3125,-1699
1883295.3750,-2887
1883295.4375,-2379
1883295.5000,-455
1883295.5625,-401
1883295.6250,-1960
1883295.6875,-2447
1883295.7500,-2229
1883295.8125,-4122
1883295.8750,-7533
1883295.9375,-7575
1883296.0000,-3679
1883296.0625,-1041
1883296.1250,-2333
1883296.1875,-4284
1883296.2500,-2705
1883296.3125,-245
1883296.3750,-699
1883296.4375,-2314
1883296.5000,-3895
1883296.5625,-6018
1883296.6250,-7686
1883296.6875,-7017
1883296.7500,-4954
1883296.8125,-4571
1883296.8750,-6672
1883296.9375,-7719
1883297.0000,-5997
1883297.0625,-3868
1883297.1250,-3501
1883297.1875,-4509
1883297.2500,-5072
1883297.3125,-4252
1883297.3750,-3400
1883297.4375,-3248
1883297.5000,-3423
1883297.5625,-4212
1883297.6250,-4800
1883297.6875,-3978
1883297.7500,-2161
1883297.8125,-2077
1883297.8750,-4265
1883297.9375,-6289
1883298.0000,-6068
1883298.0625,-5865
1883298.1250,-7243
1883298.1875,-8409
1883298.2500,-7618
1883298.3125,-6225
1883298.3750,-6419
1883298.4375,-6623
1883298.5000,-5108
1883298.5625,-4321
1883298.6250,-5955
1883298.6875,-7931
1883298.7500,-9016
1883298.8125,-8914
1883298.8750,-7993
1883298.9375,-7529
1883299.0000,-6882
1883299.0625,-6548
1883299.1250,-6893
1883299.1875,-7705
1883299.2500,-7374
1883299.3125,-7703
1883299.3750,-7927
1883299.4375,-4330
1883299.5000,1780
1883299.5625,4643
1883299.6250,1895
1883299.6875,-470
1883299.7500,648
1883299.8125,1853
1883299.8750,-821
1883299.9375,-2671
1883300.0000,1283
1883300.0625,5533
1883300.1250,4195
1883300.1875,1462
1883300.2500,1653
1883300.3125,2300
1883300.3750,1241
1883300.4375,-978
1883300.5000,-2168
1883300.5625,-2996
1883300.6250,-5963
1883300.6875,-9398
1883300.7500,-7622
1883300.8125,-1596
1883300.8750,1799
1883300.9375,-72
1883301.0000,-2833
1883301.0625,-3095
1883301.1250,-4143
1883301.1875,-5867
1883301.2500,-4796
1883301.3125,-2384
1883301.3750,-1687
1883301.4375,-983
1883301.5000,1226
1883301.5625,3856
1883301.6250,4763
1883301.6875,2784
1883301.7500,1268
1883301.8125,2209
1883301.8750,1814
1883301.9375,-381
1883302.0000,-1156
1883302.0625,-387
1883302.1250,371
1883302.1875,1437
1883302.2500,1555
1883302.3125,1351
1883302.3750,581
1883302.4375,-2331
1883302.5000,-4405
1883302.5625,-2120
1883302.6250,1723
1883302.6875,2347
1883302.7500,949
1883302.8125,726
1883302.8750,1005
1883302.9375,589
1883303.0000,239
1883303.0625,82
1883303.1250,-879
1883303.1875,-1554
1883303.2500,-1361
1883303.3125,-824
1883303.3750,-751
1883303.4375,-1598
1883303.5000,-1987
1883303.5625,-2006
1883303.6250,-1997
1883303.6875,-2012
1883303.7500,-2665
1883303.8125,-3044
1883303.8750,-1613
1883303.9375,-410
1883304.0000,-953
1883304.0625,-1094
1883304.1250,-867
1883304.1875,-2274
1883304.2500,-4223
1883304.3125,-4318
1883304.3750,-2568
1883304.4375,-1943
1883304.5000,-2287
1883304.5625,-1279
1883304.6250,-80
1883304.6875,-1243
1883304.7500,-2998
1883304.8125,-2888
1883304.8750,-1477
1883304.9375,-433
1883305.0000,-544
1883305.0625,-735
1883305.1250,-236
1883305.1875,-188
1883305.2500,-2498
1883305.3125,-5726
1883305.3750,-5553
1883305.4375,-2666
1883305.5000,-1222
1883305.5625,-2126
1883305.6250,-2655
1883305.6875,-2471
1883305.7500,-1972
1883305.8125,-1545
1883305.8750,-1178
1883305.9375,-1690
1883306.0000,-2868
1883306.0625,-2358
1883306.1250,-620
1883306.1875,880
1883306.2500,1185
1883306.3125,2667
1883306.3750,6595
1883306.4375,8972
1883306.5000,6397
1883306.5625,1882
1883306.6250,1107
1883306.6875,4005
1883306.7500,5284
1883306.8125,3175
1883306.8750,1245
1883306.9375,1818
1883307.0000,3077
1883307.0625,3947
1883307.1250,5792
1883307.1875,6514
1883307.2500,3292
1883307.3125,-747
1883307.3750,-396
1883307.4375,3032
1883307.5000,4196
1883307.5625,2247
1883307.6250,1190
1883307.6875,3092
1883307.7500,5603
1883307.8125,6696
1883307.8750,6939
1883307.9375,7201
1883308.0000,7255
1883308.0625,5735
1883308.1250,3702
1883308.1875,3623
1883308.2500,5560
1883308.3125,6476
1883308.3750,5013
1883308.4375,3621
1883308.5000,3517
1883308.5625,4125
1883308.6250,5390
1883308.6875,7357
1883308.7500,7731
1883308.8125,4953
1883308.8750,2658
1883308.9375,4150
1883309.0000,6190
1883309.0625,5321
1883309.1250,3432
1883309.1875,3585
1883309.2500,5470
1883309.3125,6196
1883309.3750,5588
1883309.4375,5965
1883309.5000,6914
1883309.5625,6571
1883309.6250,6206
1883309.6875,7269
1883309.7500,7729
1883309.8125,5697
1883309.8750,3030
1883309.9375,2921
1883310.0000,4959
1883310.0625,5714
1883310.1250,3975
1883310.1875,2261
1883310.2500,2642
1883310.3125,5244
1883310.3750,6952
1883310.4375,5136
1883310.5000,1855
1883310.5625,906
1883310.6250,2876
1883310.6875,4970
1883310.7500,5100
1883310.8125,4227
1883310.8750,4115
1883310.9375,5058
1883311.0000,5528
1883311.0625,4750
1883311.1250,2667
1883311.1875,1068
1883311.2500,1492
1883311.3125,3028
1883311.3750,3377
1883311.4375,2407
1883311.5000,1169
1883311.5625,849
1883311.6250,2008
1883311.6875,3459
1883311.7500,2648
1883311.8125,-153
1883311.8750,-2203
1883311.9375,-1659
1883312.0000,431
1883312.0625,1589
1883312.1250,1106
1883312.1875,975
1883312.2500,2616
1883312.3125,4482
1883312.3750,4643
1883312.4375,3385
1883312.5000,1782
1883312.5625,747
1883312.6250,-159
1883312.6875,-122
1883312.7500,1701
1883312.8125,3811
1883312.8750,3998
1883312.9375,3420
1883313.0000,4866
1883313.0625,7542
1883313.1250,7590
1883313.1875,4905
1883313.2500,3916
1883313.3125,6716
1883313.3750,9722
1883313.4375,9916
1883313.5000,8654
1883313.5625,7939
1883313.6250,6891
1883313.6875,5717
1883313.7500,5120
1883313.8125,4694
1883313.8750,3521
1883313.9375,2695
1883314.0000,3810
1883314.0625,6883
1883314.1250,9572
1883314.1875,9458
1883314.2500,7959
1883314.3125,6789
1883314.3750,5349
1883314.4375,4044
1883314.5000,4071
1883314.5625,4788
1883314.6250,5164
1883314.6875,5515
1883314.7500,6782
1883314.8125,8795
1883314.8750,10424
1883314.9375,11267
1883315.0000,10387
1883315.0625,7460
1883315.1250,5159
1883315.1875,5847
1883315.2500,7763
1883315.3125,8560
1883315.3750,8198
1883315.4375,7555
1883315.5000,7971
1883315.5625,8853
1883315.6250,8771
1883315.6875,6362
1883315.7500,2281
1883315.8125,-580
1883315.8750,-129
1883315.9375,2098
1883316.0000,4130
1883316.0625,3804
1883316.1250,1675
1883316.1875,1536
1883316.2500,4194
1883316.3125,5827
1883316.3750,5473
1883316.4375,2978
1883316.5000,970
1883316.5625,1073
1883316.6250,1674
1883316.6875,-346
1883316.7500,-2716
1883316.8125,-476
1883316.8750,5959
1883316.9375,10694
1883317.0000,9396
1883317.0625,4642
1883317.1250,247
1883317.1875,-1984
1883317.2500,-1833
1883317.3125,934
1883317.3750,5369
1883317.4375,6693
1883317.5000,2406
1883317.5625,-994
1883317.6250,-927
1883317.6875,-131
1883317.7500,1346
1883317.8125,2551
1883317.8750,1875
1883317.9375,-100
1883318.0000,-2053
1883318.0625,-3233
1883318.1250,-4470
1883318.1875,-4952
1883318.2500,-5235
1883318.3125,-5215
1883318.3750,-4511
1883318.4375,-3461
1883318.5000,-3873
1883318.5625,-3733
1883318.6250,-1220
1883318.6875,212
1883318.7500,-665
1883318.8125,-925
1883318.8750,-1349
1883318.9375,-2558
1883319.0000,-2553
1883319.0625,-1902
1883319.1250,-775
1883319.1875,1152
1883319.2500,1417
1883319.3125,-200
1883319.3750,-548
1883319.4375,-558
1883319.5000,697
1883319.5625,4767
1883319.6250,6931
1883319.6875,4692
1883319.7500,684
1883319.8125,-1888
1883319.8750,-1327
1883319.9375,1857
1883320.0000,4215
1883320.0625,4540
1883320.1250,4846
1883320.1875,5539
1883320.2500,5110
1883320.3125,4176
1883320.3750,3553
1883320.4375,2194
1883320.5000,1199
1883320.5625,1928
1883320.6250,2183
1883320.6875,1095
1883320.7500,241
1883320.8125,722
1883320.8750,2923
1883320.9375,4295
1883321.0000,2715
1883321.0625,604
1883321.1250,-903
1883321.1875,-1939
1883321.2500,-530
1883321.3125,2268
1883321.3750,3858
1883321.4375,3114
1883321.5000,2498
1883321.5625,4097
1883321.6250,6033
1883321.6875,5082
1883321.7500,2153
1883321.8125,769
1883321.8750,1986
1883321.9375,4156
1883322.0000,3754
1883322.0625,-219
1883322.1250,-3551
1883322.1875,-3067
1883322.2500,217
1883322.3125,3994
1883322.3750,5982
1883322.4375,4544
1883322.5000,1853
1883322.5625,1664
1883322.6250,2737
1883322.6875,1498
1883322.7500,-980
1883322.8125,-1326
1883322.8750,312
1883322.9375,2833
1883323.0000,4004
1883323.0625,1859
1883323.1250,-1871
1883323.1875,-3801
1883323.2500,-1706
1883323.3125,1388
1883323.3750,829
1883323.4375,-3445
1883323.5000,-6332
1883323.5625,-4558
1883323.6250,-243
1883323.6875,2784
1883323.7500,3011
1883323.8125,1131
1883323.8750,345
1883323.9375,2403
1883324.0000,4141
1883324.0625,3187
1883324.1250,878
1883324.1875,51
1883324.2500,700
1883324.3125,1661
1883324.3750,1177
1883324.4375,-416
1883324.5000,-979
1883324.5625,-225
1883324.6250,489
1883324.6875,-443
1883324.7500,-2690
1883324.8125,-3678
1883324.8750,-1716
1883324.9375,1128
1883325.0000,1651
1883325.0625,-1170
1883325.1250,-3986
1883325.1875,-4455
1883325.2500,-2797
1883325.3125,-2424
1883325.3750,-4127
1883325.4375,-7308
1883325.5000,-6827
1883325.5625,-2801
1883325.6250,779
1883325.6875,-131
1883325.7500,-3288
1883325.8125,-3795
1883325.8750,-2170
1883325.9375,-600
1883326.0000,-860
1883326.0625,-3241
1883326.1250,-3930
1883326.1875,-1599
1883326.2500,71
1883326.3125,-98
1883326.3750,-604
1883326.4375,-1826
1883326.5000,-3430
1883326.5625,-2573
1883326.6250,-2035
1883326.6875,-3625
1883326.7500,-5556
1883326.8125,-5427
1883326.8750,-2123
1883326.9375,1389
1883327.0000,1461
1883327.0625,-964
1883327.1250,-2436
1883327.1875,-910
1883327.2500,859
1883327.3125,67
1883327.3750,-2430
1883327.4375,-2778
1883327.5000,-1584
1883327.5625,-1116
1883327.6250,-1929
1883327.6875,-1067
1883327.7500,1346
1883327.8125,2719
1883327.8750,3038
1883327.9375,4171
1883328.0000,3513
1883328.0625,51
1883328.1250,-591
1883328.1875,2298
1883328.2500,3716
1883328.3125,2269
1883328.3750,-3
1883328.4375,-240
1883328.5000,2548
1883328.5625,4979
1883328.6250,4624
1883328.6875,3199
1883328.7500,2847
1883328.8125,2440
1883328.8750,2876
1883328.9375,3443
1883329.0000,2369
1883329.0625,-80
1883329.1250,-1356
1883329.1875,-681
1883329.2500,-180
1883329.3125,-935
1883329.3750,-2982
1883329.4375,-3008
1883329.5000,-978
1883329.5625,-327
1883329.6250,-2497
1883329.6875,-3788
1883329.7500,-3898
1883329.8125,-3071
1883329.8750,-1065
1883329.9375,554
1883330.0000,-59
1883330.0625,-2211
1883330.1250,-2742
1883330.1875,-1329
1883330.2500,33
1883330.3125,-1427
1883330.3750,-3143
1883330.4375,-4531
1883330.5000,-3757
1883330.5625,-2759
1883330.6250,-2920
1883330.6875,-4658
1883330.7500,-4692
1883330.8125,-1400
1883330.8750,1489
1883330.9375,755
1883331.0000,-3066
1883331.0625,-5001
1883331.1250,-2846
1883331.1875,346
1883331.2500,340
1883331.3125,-3199
1883331.3750,-5395
1883331.4375,-3858
1883331.5000,-829
1883331.5625,1156
1883331.6250,390
1883331.6875,-2548
1883331.7500,-5534
1883331.8125,-4339
1883331.8750,-2441
1883331.9375,-3194
1883332.0000,-5838
1883332.0625,-7344
1883332.1250,-6871
1883332.1875,-3525
1883332.2500,-1889
1883332.3125,-3700
1883332.3750,-5426
1883332.4375,-5047
1883332.5000,-2776
1883332.5625,-1830
1883332.6250,-3605
1883332.6875,-6328
1883332.7500,-4301
1883332.8125,-509
1883332.8750,379
1883332.9375,-1352
1883333.0000,-4504
1883333.0625,-6177
1883333.1250,-4638
1883333.1875,-2152
1883333.2500,-3356
1883333.3125,-5850
1883333.3750,-6201
1883333.4375,-5163
1883333.5000,-2984
1883333.5625,-2381
1883333.6250,-4924
1883333.6875,-7199
1883333.7500,-5090
1883333.8125,-1491
1883333.8750,-597
1883333.9375,-2924
1883334.0000,-5937
1883334.0625,-6590
1883334.1250,-4590
1883334.1875,-3538
1883334.2500,-4496
1883334.3125,-6081
1883334.3750,-6791
1883334.4375,-5084
1883334.5000,-1579
1883334.5625,-837
1883334.6250,-3339
1883334.6875,-5159
1883334.7500,-4515
1883334.8125,-3835
1883334.8750,-4487
1883334.9375,-5497
1883335.0000,-5456
1883335.0625,-4367
1883335.1250,-2939
1883335.1875,-2427
1883335.2500,-3015
1883335.3125,-3232
1883335.3750,-2227
1883335.4375,118
1883335.5000,1116
1883335.5625,-1581
1883335.6250,-5579
1883335.6875,-6058
1883335.7500,-3435
1883335.8125,48
1883335.8750,1511
1883335.9375,-324
1883336.0000,-2517
1883336.0625,-1892
1883336.1250,-392
1883336.1875,-1619
1883336.2500,-3716
1883336.3125,-1697
1883336.3750,2349
1883336.4375,2917
1883336.5000,-463
1883336.5625,-4712
1883336.6250,-6819
1883336.6875,-5912
1883336.7500,-3351
1883336.8125,1194
1883336.8750,3904
1883336.9375,821
1883337.0000,-4589
1883337.0625,-5674
1883337.1250,-2779
1883337.1875,428
1883337.2500,2571
1883337.3125,1195
1883337.3750,-899
1883337.4375,-737
1883337.5000,589
1883337.5625,-195
1883337.6250,-2053
1883337.6875,-1761
1883337.7500,-425
1883337.8125,-709
1883337.8750,-2605
1883337.9375,-4638
1883338.0000,-5223
1883338.0625,-2516
1883338.1250,191
1883338.1875,-1657
1883338.2500,-3111
1883338.3125,-3021
1883338.3750,-2280
1883338.4375,-3167
1883338.5000,-5151
1883338.5625,-5006
1883338.6250,-2113
1883338.6875,-2829
1883338.7500,-5274
1883338.8125,-4423
1883338.8750,-3943
1883338.9375,-5046
1883339.0000,-2273
1883339.0625,420
1883339.1250,-772
1883339.1875,-3123
1883339.2500,-3354
1883339.3125,-2339
1883339.3750,-940
1883339.4375,-1285
1883339.5000,-3550
1883339.5625,-4807
1883339.6250,-3108
1883339.6875,-54
1883339.7500,832
1883339.8125,-1196
1883339.8750,-4393
1883339.9375,-4902
1883340.0000,-1180
1883340.0625,1678
1883340.1250,899
1883340.1875,-2005
1883340.2500,-2399
1883340.3125,416
1883340.3750,3395
1883340.4375,3504
1883340.5000,464
1883340.5625,-2336
1883340.6250,-3111
1883340.6875,-1411
1883340.7500,545
1883340.8125,528
1883340.8750,-1254
1883340.9375,-2467
1883341.0000,-2879
1883341.0625,-2911
1883341.1250,-4799
1883341.1875,-5287
1883341.2500,-4689
1883341.3125,-2201
1883341.3750,-1290
1883341.4375,-2057
1883341.5000,-3770
1883341.5625,-3126
1883341.6250,-1562
1883341.6875,312
1883341.7500,51
1883341.8125,-1990
1883341.8750,-3415
1883341.9375,-2431
1883342.0000,-1241
1883342.0625,-388
1883342.1250,-1365
1883342.1875,-1749
1883342.2500,605
1883342.3125,3918
1883342.3750,4416
1883342.4375,3244
1883342.5000,765
1883342.5625,-597
1883342.6250,1018
1883342.6875,3166
1883342.7500,2917
1883342.8125,1281
1883342.8750,500
1883342.9375,923
1883343.0000,871
1883343.0625,1121
1883343.1250,1739
1883343.1875,1800
1883343.2500,1597
1883343.3125,1850
1883343.3750,1506
1883343.4375,-172
1883343.5000,-1199
1883343.5625,-571
1883343.6250,-812
1883343.6875,-48
1883343.7500,1013
1883343.8125,2194
1883343.8750,2579
1883343.9375,2575
1883344.0000,1950
1883344.0625,1042
1883344.1250,-671
1883344.1875,-609
1883344.2500,-27
1883344.3125,-409
1883344.3750,-521
1883344.4375,952
1883344.5000,2857
1883344.5625,3815
1883344.6250,4830
1883344.6875,5535
1883344.7500,4549
1883344.8125,2957
1883344.8750,2556
1883344.9375,2797
1883345.0000,3298
1883345.0625,2421
1883345.1250,1670
1883345.1875,2196
1883345.2500,4033
1883345.3125,5674
1883345.3750,6158
1883345.4375,5660
1883345.5000,4100
1883345.5625,3263
1883345.6250,2724
1883345.6875,2622
1883345.7500,3234
1883345.8125,2746
1883345.8750,2414
1883345.9375,2614
1883346.0000,3654
1883346.0625,3870
1883346.1250,3443
1883346.1875,837
1883346.2500,731
1883346.3125,1103
1883346.3750,883
1883346.4375,103
1883346.5000,426
1883346.5625,1512
1883346.6250,3973
1883346.6875,5445
1883346.7500,5009
1883346.8125,4253
1883346.8750,4450
1883346.9375,4501
1883347.0000,5018
1883347.0625,6418
1883347.1250,6186
1883347.1875,6040
1883347.2500,6519
1883347.3125,6765
1883347.3750,5772
1883347.4375,6710
1883347.5000,7094
1883347.5625,5705
1883347.6250,4210
1883347.6875,5267
1883347.7500,5429
1883347.8125,4564
1883347.8750,5186
1883347.9375,6449
1883348.0000,5895
1883348.0625,4238
1883348.1250,2700
1883348.1875,872
1883348.2500,877
1883348.3125,3300
1883348.3750,4159
1883348.4375,2654
1883348.5000,877
1883348.5625,592
1883348.6250,1947
1883348.6875,2575
1883348.7500,2825
1883348.8125,3346
1883348.8750,2371
1883348.9375,1540
1883349.0000,2419
1883349.0625,3842
1883349.1250,4102
1883349.1875,4931
1883349.2500,5563
1883349.3125,4240
1883349.3750,3347
1883349.4375,4847
1883349.5000,6223
1883349.5625,6258
1883349.6250,3688
1883349.6875,2965
1883349.7500,3565
1883349.8125,3796
1883349.8750,3803
1883349.9375,5027
1883350.0000,5942
1883350.0625,4869
1883350.1250,4249
1883350.1875,5624
1883350.2500,6307
1883350.3125,6902
1883350.3750,7055
1883350.4375,5857
1883350.5000,4266
1883350.5625,4941
1883350.6250,4945
1883350.6875,4560
1883350.7500,5391
1883350.8125,7113
1883350.8750,7280
1883350.9375,6152
1883351.0000,3586
1883351.0625,1912
1883351.1250,891
1883351.1875,782
1883351.2500,577
1883351.3125,1873
1883351.3750,2925
1883351.4375,2339
1883351.5000,2100
1883351.5625,4478
1883351.6250,7037
1883351.6875,7168
1883351.7500,6279
1883351.8125,5027
1883351.8750,4984
1883351.9375,6988
1883352.0000,8243
1883352.0625,7691
1883352.1250,6887
1883352.1875,6249
1883352.2500,7055
1883352.3125,9102
1883352.3750,9805
1883352.4375,7828
1883352.5000,6953
1883352.5625,7482
1883352.6250,6584
1883352.6875,5374
1883352.7500,3237
1883352.8125,2582
1883352.8750,3477
1883352.9375,3875
1883353.0000,3760
1883353.0625,3908
1883353.1250,4914
1883353.1875,4744
1883353.2500,5334
1883353.3125,4524
1883353.3750,2747
1883353.4375,967
1883353.5000,1376
1883353.5625,1203
1883353.6250,1935
1883353.6875,2462
1883353.7500,2242
1883353.8125,3526
1883353.8750,5665
1883353.9375,3922
1883354.0000,2096
1883354.0625,2507
1883354.1250,4003
1883354.1875,4965
1883354.2500,4951
1883354.3125,4444
1883354.3750,3263
1883354.4375,3159
1883354.5000,1463
1883354.5625,1127
1883354.6250,5480
1883354.6875,10267
1883354.7500,9894
1883354.8125,5468
1883354.8750,1168
1883354.9375,-540
1883355.0000,-2474
1883355.0625,-2793
1883355.1250,-706
1883355.1875,5793
1883355.2500,7137
1883355.3125,2418
1883355.3750,-3052
1883355.4375,-5021
1883355.5000,-4148
1883355.5625,-471
1883355.6250,-421
1883355.6875,-3324
1883355.7500,-6736
1883355.8125,-5986
1883355.8750,-2854
1883355.9375,434
1883356.0000,2186
1883356.0625,3877
1883356.1250,3257
1883356.1875,3739
1883356.2500,2886
1883356.3125,914
1883356.3750,-1623
1883356.4375,-1169
1883356.5000,-491
1883356.5625,1339
1883356.6250,3663
1883356.6875,3079
1883356.7500,1478
1883356.8125,2741
1883356.8750,5326
1883356.9375,7495
1883357.0000,6344
1883357.0625,1364
1883357.1250,-1766
1883357.1875,-966
1883357.2500,-1180
1883357.3125,742
1883357.3750,4583
1883357.4375,6907
1883357.5000,4477
1883357.5625,723
1883357.6250,-1566
1883357.6875,-2028
1883357.7500,-1303
1883357.8125,310
1883357.8750,1237
1883357.9375,1802
1883358.0000,-905
1883358.0625,-4547
1883358.1250,-3871
1883358.1875,-513
1883358.2500,334
1883358.3125,-1956
1883358.3750,-3525
1883358.4375,-3610
1883358.5000,-3017
1883358.5625,-795
1883358.6250,268
1883358.6875,1434
1883358.7500,1453
1883358.8125,912
1883358.8750,-106
1883358.9375,601
1883359.0000,1092
1883359.0625,3044
1883359.1250,4368
1883359.1875,6577
1883359.2500,5017
1883359.3125,1921
1883359.3750,106
1883359.4375,772
1883359.5000,-1159
1883359.5625,-1672
1883359.6250,-2444
1883359.6875,-1923
1883359.7500,-1977
1883359.8125,-512
1883359.8750,-584
1883359.9375,525
1883360.0000,-1357
1883360.0625,-666
1883360.1250,503
1883360.1875,2295
1883360.2500,706
1883360.3125,-1054
1883360.3750,-4141
1883360.4375,-3832
1883360.5000,-3028
1883360.5625,-298
1883360.6250,197
1883360.6875,-478
1883360.7500,-129
1883360.8125,2421
1883360.8750,2445
1883360.9375,1503
1883361.0000,1923
1883361.0625,2095
1883361.1250,1903
1883361.1875,1293
1883361.2500,1347
1883361.3125,240
1883361.3750,-301
1883361.4375,922
1883361.5000,1899
1883361.5625,1803
1883361.6250,-444
1883361.6875,-1606
1883361.7500,-1401
1883361.8125,433
1883361.8750,1056
1883361.9375,1151
1883362.0000,1049
1883362.0625,3074
1883362.1250,3370
1883362.1875,2580
1883362.2500,42
1883362.3125,835
1883362.3750,1992
1883362.4375,1733
1883362.5000,1595
1883362.5625,1053
1883362.6250,-1106
1883362.6875,-3308
1883362.7500,-2748
1883362.8125,-1206
1883362.8750,-2025
1883362.9375,-4293
1883363.0000,-4772
1883363.0625,-3432
1883363.1250,-1277
1883363.1875,-523
1883363.2500,1977
1883363.3125,2588
1883363.3750,-10
1883363.4375,-3219
1883363.5000,-4588
1883363.5625,-4742
1883363.6250,-3641
1883363.6875,-901
1883363.7500,104
1883363.8125,1659
1883363.8750,2749
1883363.9375,383
1883364.0000,-1500
1883364.0625,-499
1883364.1250,474
1883364.1875,-866
1883364.2500,-2548
1883364.3125,-4562
1883364.3750,-2806
1883364.4375,203
1883364.5000,1055
1883364.5625,-1572
1883364.6250,-3988
1883364.6875,-5068
1883364.7500,-3719
1883364.8125,-1303
1883364.8750,-2069
1883364.9375,-3996
1883365.0000,-4927
1883365.0625,-4860
1883365.1250,-4771
1883365.1875,-2130
1883365.2500,-1745
1883365.3125,-3803
1883365.3750,-5191
1883365.4375,-1310
1883365.5000,-75
1883365.5625,-990
1883365.6250,-1720
1883365.6875,-685
1883365.7500,3
1883365.8125,-281
1883365.8750,-1952
1883365.9375,-1212
1883366.0000,-662
1883366.0625,-1235
1883366.1250,-642
1883366.1875,431
1883366.2500,236
1883366.3125,-302
1883366.3750,1860
1883366.4375,3343
1883366.5000,2697
1883366.5625,1112
1883366.6250,196
1883366.6875,-489
1883366.7500,-1136
1883366.8125,-2266
1883366.8750,-1674
1883366.9375,-1324
1883367.0000,-1782
1883367.0625,-1946
1883367.1250,2
1883367.1875,-583
1883367.2500,-3778
1883367.3125,-4562
1883367.3750,-1328
1883367.4375,331
1883367.5000,158
1883367.5625,-2250
1883367.6250,-3866
1883367.6875,-4257
1883367.7500,-3176
1883367.8125,-2321
1883367.8750,-1153
1883367.9375,-1928
1883368.0000,-3423
1883368.0625,-3268
1883368.1250,-2460
1883368.1875,-1359
1883368.2500,346
1883368.3125,2021
1883368.3750,775
1883368.4375,-1871
1883368.5000,-2435
1883368.5625,-2811
1883368.6250,-1857
1883368.6875,-558
1883368.7500,60
1883368.8125,-2758
1883368.8750,-4333
1883368.9375,-3309
1883369.0000,-785
1883369.0625,61
1883369.1250,-692
1883369.1875,-1844
1883369.2500,-1551
1883369.3125,-2268
1883369.3750,-2768
1883369.4375,-2999
1883369.5000,-3088
1883369.5625,-3586
1883369.6250,-3030
1883369.6875,-1832
1883369.7500,-2015
1883369.8125,-1966
1883369.8750,-2911
1883369.9375,-3386
1883386.0000,3138
1883386.0625,1868
1883386.1250,1598
1883386.1875,3171
1883386.2500,2639
1883386.3125,2517
1883386.3750,1012
1883386.4375,1098
1883386.5000,1663
1883386.5625,3795
1883386.6250,4191
1883386.6875,3363
1883386.7500,2783
1883386.8125,4748
1883386.8750,6413
1883386.9375,6426
1883387.0000,5401
1883387.0625,4307
1883387.1250,4112
1883387.1875,5168
1883387.2500,6400
1883387.3125,5876
1883387.3750,4533
1883387.4375,5574
1883387.5000,5494
1883387.5625,5588
1883387.6250,4925
1883387.6875,4983
1883387.7500,4815
1883387.8125,6219
1883387.8750,7350
1883387.9375,7848
1883388.0000,6482
1883388.0625,4629
1883388.1250,4146
1883388.1875,5523
1883388.2500,4271
1883388.3125,2718
1883388.3750,2831
1883388.4375,4648
1883388.5000,6765
1883388.5625,8533
1883388.6250,7593
1883388.6875,4652
1883388.7500,1298
1883388.8125,619
1883388.8750,623
1883388.9375,1360
1883389.0000,716
1883389.0625,965
1883389.1250,2603
1883389.1875,4344
1883389.2500,6902
1883389.3125,8806
1883389.3750,8699
1883389.4375,7637
1883389.5000,6824
1883389.5625,5185
1883389.6250,4934
1883389.6875,6923
1883389.7500,9527
1883389.8125,9308
1883389.8750,8298
1883389.9375,6142
1883390.0000,4171
1883390.0625,3950
1883390.1250,8017
1883390.1875,11515
1883390.2500,11713
1883390.3125,8092
1883390.3750,3862
1883390.4375,2338
1883390.5000,2973
1883390.5625,4155
1883390.6250,4001
1883390.6875,3018
1883390.7500,786
1883390.8125,160
1883390.8750,1095
1883390.9375,3350
1883391.0000,5788
1883391.0625,4678
1883391.1250,2697
1883391.1875,990
1883391.2500,1373
1883391.3125,32
1883391.3750,-1384
1883391.4375,-3110
1883391.5000,-2219
1883391.5625,1328
1883391.6250,5159
1883391.6875,6590
1883391.7500,5812
1883391.8125,3786
1883391.8750,2853
1883391.9375,2766
1883392.0000,2648
1883392.0625,4290
1883392.1250,3845
1883392.1875,1824
1883392.2500,1288
1883392.3125,3500
1883392.3750,5863
1883392.4375,7614
1883392.5000,6704
1883392.5625,3079
1883392.6250,999
1883392.6875,-412
1883392.7500,-3070
1883392.8125,-3328
1883392.8750,-2479
1883392.9375,-438
1883393.0000,549
1883393.0625,2056
1883393.1250,2288
1883393.1875,1191
1883393.2500,-785
1883393.3125,402
1883393.3750,196
1883393.4375,-1171
1883393.5000,-3099
1883393.5625,-2325
1883393.6250,-1577
1883393.6875,-109
1883393.7500,270
1883393.8125,1674
1883393.8750,1872
1883393.9375,1667
1883394.0000,2988
1883394.0625,2763
1883394.1250,1271
1883394.1875,339
1883394.2500,1468
1883394.3125,1767
1883394.3750,1931
1883394.4375,1464
1883394.5000,1397
1883394.5625,1088
1883394.6250,3482
1883394.6875,5770
1883394.7500,6013
1883394.8125,3763
1883394.8750,3518
1883394.9375,1855
1883395.0000,102
1883395.0625,-1820
1883395.1250,-1291
1883395.1875,1318
1883395.2500,3633
1883395.3125,3210
1883395.3750,1882
1883395.4375,250
1883395.5000,-578
1883395.5625,-244
1883395.6250,1809
1883395.6875,1025
1883395.7500,-860
1883395.8125,-2117
1883395.8750,-970
1883395.9375,-1161
1883396.0000,-2682
1883396.0625,-3612
1883396.1250,-1386
1883396.1875,1303
1883396.2500,3483
1883396.3125,3800
1883396.3750,2973
1883396.4375,2524
1883396.5000,2235
1883396.5625,3357
1883396.6250,3926
1883396.6875,2249
1883396.7500,-1249
1883396.8125,-1054
1883396.8750,1756
1883396.9375,3074
1883397.0000,3134
1883397.0625,2569
1883397.1250,2259
1883397.1875,2930
1883397.2500,2141
1883397.3125,-837
1883397.3750,-4314
1883397.4375,-5026
1883397.5000,-2342
1883397.5625,2427
1883397.6250,3432
1883397.6875,-196
1883397.7500,-3370
1883397.8125,-1863
1883397.8750,-326
1883397.9375,1401
1883398.0000,743
1883398.0625,-1520
1883398.1250,-3047
1883398.1875,-852
1883398.2500,671
1883398.3125,581
1883398.3750,-1573
1883398.4375,-2057
1883398.5000,-338
1883398.5625,1239
1883398.6250,428
1883398.6875,-1745
1883398.7500,-1836
1883398.8125,-383
1883398.8750,2725
1883398.9375,4002
1883399.0000,3306
1883399.0625,738
1883399.1250,108
1883399.1875,1997
1883399.2500,4342
1883399.3125,2321
1883399.3750,-696
1883399.4375,-1341
1883399.5000,1538
1883399.5625,4319
1883399.6250,2881
1883399.6875,-1252
1883399.7500,-3086
1883399.8125,-1128
1883399.8750,1055
1883399.9375,1034
1883400.0000,-715
1883400.0625,-2170
1883400.1250,-2093
1883400.1875,-233
1883400.2500,1887
1883400.3125,888
1883400.3750,-1426
1883400.4375,-2745
1883400.5000,161
1883400.5625,1740
1883400.6250,-460
1883400.6875,-3660
1883400.7500,-3800
1883400.8125,-1822
1883400.8750,2208
1883400.9375,3012
1883401.0000,-1270
1883401.0625,-4504
1883401.1250,-2618
1883401.1875,-1182
1883401.2500,-1509
1883401.3125,-2625
1883401.3750,-5200
1883401.4375,-4581
1883401.5000,-1755
1883401.5625,-97
1883401.6250,887
1883401.6875,1084
1883401.7500,56
1883401.8125,164
1883401.8750,1769
1883401.9375,194
1883402.0000,-2749
1883402.0625,-4076
1883402.1250,-2782
1883402.1875,-748
1883402.2500,-428
1883402.3125,-2852
1883402.3750,-3505
1883402.4375,-725
1883402.5000,1723
1883402.5625,1477
1883402.6250,1400
1883402.6875,1952
1883402.7500,1546
1883402.8125,2357
1883402.8750,3806
1883402.9375,1325
1883403.0000,-2181
1883403.0625,-3229
1883403.1250,-544
1883403.1875,2719
1883403.2500,2349
1883403.3125,-902
1883403.3750,-1437
1883403.4375,2343
1883403.5000,3558
1883403.5625,551
1883403.6250,-2081
1883403.6875,-3156
1883403.7500,-1588
1883403.8125,-118
1883403.8750,877
1883403.9375,-279
1883404.0000,-609
1883404.0625,-462
1883404.1250,1052
1883404.1875,1594
1883404.2500,-1472
1883404.3125,-6413
1883404.3750,-6732
1883404.4375,-3292
1883404.5000,-2068
1883404.5625,-3017
1883404.6250,-2429
1883404.6875,-1226
1883404.7500,-446
1883404.8125,-705
1883404.8750,-614
1883404.9375,-1964
1883405.0000,-4841
1883405.0625,-6625
1883405.1250,-4150
1883405.1875,-1850
1883405.2500,-2762
1883405.3125,-4704
1883405.3750,-3808
1883405.4375,-1711
1883405.5000,-1580
1883405.5625,-3031
1883405.6250,-3942
1883405.6875,-4483
1883405.7500,-4980
1883405.8125,-4343
1883405.8750,-3680
1883405.9375,-3270
1883406.0000,-2394
1883406.0625,-1413
1883406.1250,-832
1883406.1875,-819
1883406.2500,-1141
1883406.3125,-666
1883406.3750,993
1883406.4375,1899
1883406.5000,395
1883406.5625,-970
1883406.6250,-2171
1883406.6875,-1599
1883406.7500,42
1883406.8125,1434
1883406.8750,897
1883406.9375,741
1883407.0000,1018
1883407.0625,1605
1883407.1250,376
1883407.1875,-1781
1883407.2500,-4341
1883407.3125,-6171
1883407.3750,-6673
1883407.4375,-5502
1883407.5000,-4899
1883407.5625,-5205
1883407.6250,-4935
1883407.6875,-4450
1883407.7500,-3103
1883407.8125,-3012
1883407.8750,-3714
1883407.9375,-3467
1883408.0000,-2556
1883408.0625,-2495
1883408.1250,-2677
1883408.1875,-3543
1883408.2500,-3587
1883408.3125,-584
1883408.3750,2864
1883408.4375,3209
1883408.5000,1139
1883408.5625,-1025
1883408.6250,-1098
1883408.6875,34
1883408.7500,1063
1883408.8125,26
1883408.8750,-3251
1883408.9375,-6030
1883409.0000,-4935
1883409.0625,-2218
1883409.1250,-1478
1883409.1875,-2832
1883409.2500,-4199
1883409.3125,-4936
1883409.3750,-4518
1883409.4375,-4426
1883409.5000,-4725
1883409.5625,-5547
1883409.6250,-5662
1883409.6875,-5553
1883409.7500,-5263
1883409.8125,-5585
1883409.8750,-6667
1883409.9375,-6122
1883410.0000,-2969
1883410.0625,-598
1883410.1250,-979
1883410.1875,-2477
1883410.2500,-3313
1883410.3125,-3764
1883410.3750,-2780
1883410.4375,-2474
1883410.5000,-3054
1883410.5625,-3811
1883410.6250,-3279
1883410.6875,-1582
1883410.7500,334
1883410.8125,-425
1883410.8750,-2539
1883410.9375,-3480
1883411.0000,-2691
1883411.0625,-1943
1883411.1250,-1450
1883411.1875,-1103
1883411.2500,-1125
1883411.3125,-1164
1883411.3750,-399
1883411.4375,-541
1883411.5000,-2040
1883411.5625,-2270
1883411.6250,-1106
1883411.6875,-1331
1883411.7500,-1990
1883411.8125,-2720
1883411.8750,-4609
1883411.9375,-6528
1883412.0000,-4255
1883412.0625,-605
1883412.1250,118
1883412.1875,-3145
1883412.2500,-5997
1883412.3125,-6340
1883412.3750,-4459
1883412.4375,-2819
1883412.5000,-602
1883412.5625,2555
1883412.6250,4118
1883412.6875,1431
1883412.7500,-1999
1883412.8125,-3488
1883412.8750,-2903
1883412.9375,-49
1883413.0000,1779
1883413.0625,1061
1883413.1250,21
1883413.1875,-1009
1883413.2500,-1164
1883413.3125,592
1883413.3750,2563
1883413.4375,1312
1883413.5000,-1439
1883413.5625,-2164
1883413.6250,-882
1883413.6875,-999
1883413.7500,-2020
1883413.8125,-2208
1883413.8750,-1997
1883413.9375,-1993
1883414.0000,-1840
1883414.0625,-2935
1883414.1250,-4982
1883414.1875,-5342
1883414.2500,-3925
1883414.3125,-2999
1883414.3750,-3180
1883414.4375,-5038
1883414.5000,-7131
1883414.5625,-6883
1883414.6250,-5084
1883414.6875,-2788
1883414.7500,-1283
1883414.8125,-2424
1883414.8750,-3908
1883414.9375,-3988
1883415.0000,-2901
1883415.0625,-2846
1883415.1250,-2846
1883415.1875,-2774
1883415.2500,-2425
1883415.3125,-1911
1883415.3750,-1583
1883415.4375,-2347
1883415.5000,-1751
1883415.5625,-227
1883415.6250,201
1883415.6875,-772
1883415.7500,-1678
1883415.8125,-3086
1883415.8750,-3986
1883415.9375,-2925
1883416.0000,-996
1883416.0625,889
1883416.1250,1539
1883416.1875,1271
1883416.2500,493
1883416.3125,-1398
1883416.3750,-3320
1883416.4375,-3650
1883416.5000,-2594
1883416.5625,-2076
1883416.6250,-1704
1883416.6875,-1377
1883416.7500,-1491
1883416.8125,-1448
1883416.8750,-569
1883416.9375,525
1883417.0000,1212
1883417.0625,573
1883417.1250,-798
1883417.1875,-1589
1883417.2500,-1621
1883417.3125,-1746
1883417.3750,-1883
1883417.4375,-1748
1883417.5000,-1012
1883417.5625,1279
1883417.6250,3282
1883417.6875,2693
1883417.7500,1360
1883417.8125,1982
1883417.8750,3846
1883417.9375,5027
1883418.0000,4379
1883418.0625,2289
1883418.1250,958
1883418.1875,1875
1883418.2500,3557
1883418.3125,3954
1883418.3750,3599
1883418.4375,4130
1883418.5000,3665
1883418.5625,1700
1883418.6250,523
1883418.6875,823
1883418.7500,494
1883418.8125,-16
1883418.8750,585
1883418.9375,2393
1883419.0000,2827
1883419.0625,1585
1883419.1250,57
1883419.1875,202
1883419.2500,1131
1883419.3125,1433
1883419.3750,756
1883419.4375,448
1883419.5000,589
1883419.5625,1228
1883419.6250,2295
1883419.6875,2335
1883419.7500,879
1883419.8125,-700
1883419.8750,-992
1883419.9375,1138
1883420.0000,3838
1883420.0625,4606
1883420.1250,4173
1883420.1875,4577
1883420.2500,5637
1883420.3125,6440
1883420.3750,5243
1883420.4375,2951
1883420.5000,2130
1883420.5625,3602
1883420.6250,5302
1883420.6875,5252
1883420.7500,4365
1883420.8125,4772
1883420.8750,6268
1883420.9375,7397
1883421.0000,7103
1883421.0625,4751
1883421.1250,3125
1883421.1875,3680
1883421.2500,4240
1883421.3125,3539
1883421.3750,2576
1883421.4375,2570
1883421.5000,3285
1883421.5625,4216
1883421.6250,4921
1883421.6875,4222
1883421.7500,1655
1883421.8125,245
1883421.8750,1067
1883421.9375,1739
1883422.0000,1459
1883422.0625,1112
1883422.1250,1187
1883422.1875,1784
1883422.2500,3062
1883422.3125,4010
1883422.3750,4758
1883422.4375,5087
1883422.5000,4859
1883422.5625,4222
1883422.6250,3130
1883422.6875,1806
1883422.7500,1816
1883422.8125,3086
1883422.8750,4945
1883422.9375,5686
1883423.0000,5224
1883423.0625,4226
1883423.1250,4246
1883423.1875,5513
1883423.2500,6908
1883423.3125,7062
1883423.3750,5878
1883423.4375,4529
1883423.5000,3922
1883423.5625,3924
1883423.6250,4132
1883423.6875,3665
1883423.7500,2703
1883423.8125,2353
1883423.8750,3397
1883423.9375,5088
1883424.0000,5797
1883424.0625,4900
1883424.1250,3826
1883424.1875,2924
1883424.2500,1086
1883424.3125,-1159
1883424.3750,-1588
1883424.4375,-740
1883424.5000,613
1883424.5625,2553
1883424.6250,5020
1883424.6875,6960
1883424.7500,8011
1883424.8125,9358
1883424.8750,10460
1883424.9375,9780
1883425.0000,7336
1883425.0625,5277
1883425.1250,5304
1883425.1875,7549
1883425.2500,9566
1883425.3125,9814
1883425.3750,8906
1883425.4375,8528
1883425.5000,9005
1883425.5625,9049
1883425.6250,7901
1883425.6875,5318
1883425.7500,2780
1883425.8125,1470
1883425.8750,2095
1883425.9375,3758
1883426.0000,4821
1883426.0625,5059
1883426.1250,5465
1883426.1875,5580
1883426.2500,4864
1883426.3125,3867
1883426.3750,2862
1883426.4375,1772
1883426.5000,1769
1883426.5625,2629
1883426.6250,3540
1883426.6875,3987
1883426.7500,4887
1883426.8125,6544
1883426.8750,7256
1883426.9375,6501
1883427.0000,6488
1883427.0625,7906
1883427.1250,8623
1883427.1875,7711
1883427.2500,6212
1883427.3125,4835
1883427.3750,4840
1883427.4375,7067
1883427.5000,8977
1883427.5625,7228
1883427.6250,4297
1883427.6875,4314
1883427.7500,7843
1883427.8125,11761
1883427.8750,11096
1883427.9375,6021
1883428.0000,2282
1883428.0625,2922
1883428.1250,5170
1883428.1875,6927
1883428.2500,6162
1883428.3125,3622
1883428.3750,1979
1883428.4375,2473
1883428.5000,2507
1883428.5625,1763
1883428.6250,3608
1883428.6875,6954
1883428.7500,7890
1883428.8125,3591
1883428.8750,-2163
1883428.9375,-6188
1883429.0000,-6432
1883429.0625,-3477
1883429.1250,2088
1883429.1875,7984
1883429.2500,8016
1883429.3125,2159
1883429.3750,-1574
1883429.4375,-984
1883429.5000,1153
1883429.5625,2192
1883429.6250,26
1883429.6875,-2467
1883429.7500,-1372
1883429.8125,932
1883429.8750,1217
1883429.9375,574
1883430.0000,2875
1883430.0625,5766
1883430.1250,6553
1883430.1875,5250
1883430.2500,1993
1883430.3125,-3684
1883430.3750,-5650
1883430.4375,-1831
1883430.5000,1129
1883430.5625,1367
1883430.6250,681
1883430.6875,-752
1883430.7500,131
1883430.8125,2757
1883430.8750,2614
1883430.9375,333
1883431.0000,-1770
1883431.0625,-3344
1883431.1250,-3389
1883431.1875,-2624
1883431.2500,-3370
1883431.3125,-1388
1883431.3750,4992
1883431.4375,9323
1883431.5000,8030
1883431.5625,3858
1883431.6250,984
1883431.6875,936
1883431.7500,2557
1883431.8125,3072
1883431.8750,1546
1883431.9375,494
1883432.0000,1256
1883432.0625,3193
1883432.1250,5294
1883432.1875,4874
1883432.2500,2188
1883432.3125,1956
1883432.3750,4931
1883432.4375,5680
1883432.5000,2492
1883432.5625,-1821
1883432.6250,-2428
1883432.6875,1687
1883432.7500,4864
1883432.8125,3763
1883432.8750,705
1883432.9375,-2432
1883433.0000,-2569
1883433.0625,1634
1883433.1250,4478
1883433.1875,2712
1883433.2500,-1088
1883433.3125,-2766
1883433.3750,-1582
1883433.4375,-832
1883433.5000,-2364
1883433.5625,-3039
1883433.6250,-2020
1883433.6875,-773
1883433.7500,937
1883433.8125,2129
1883433.8750,949
1883433.9375,-1126
1883434.0000,-1783
1883434.0625,-1124
1883434.1250,19
1883434.1875,-513
1883434.2500,-2657
1883434.3125,-4112
1883434.3750,-3731
1883434.4375,-2786
1883434.5000,-2583
1883434.5625,-1951
1883434.6250,-213
1883434.6875,1329
1883434.7500,2082
1883434.8125,1287
1883434.8750,-1872
1883434.9375,-5422
1883435.0000,-6176
1883435.0625,-3733
1883435.1250,-221
1883435.1875,1613
1883435.2500,984
1883435.3125,-245
1883435.3750,1108
1883435.4375,4991
1883435.5000,7452
1883435.5625,6024
1883435.6250,2744
1883435.6875,1035
1883435.7500,1332
1883435.8125,1809
1883435.8750,1603
1883435.9375,1527
1883436.0000,1774
1883436.0625,1300
1883436.1250,-514
1883436.1875,-1825
1883436.2500,-2408
1883436.3125,-3049
1883436.3750,-3307
1883436.4375,-2371
1883436.5000,-1937
1883436.5625,-3323
1883436.6250,-3814
1883436.6875,-1911
1883436.7500,412
1883436.8125,758
1883436.8750,384
1883436.9375,784
1883437.0000,2130
1883437.0625,2772
1883437.1250,2615
1883437.1875,2303
1883437.2500,1941
1883437.3125,1521
1883437.3750,2256
1883437.4375,5093
1883437.5000,6483
1883437.5625,3582
1883437.6250,430
1883437.6875,1329
1883437.7500,3639
1883437.8125,3927
1883437.8750,3183
1883437.9375,1062
1883438.0000,-1522
1883438.0625,-3264
1883438.1250,-1689
1883438.1875,-954
1883438.2500,-2788
1883438.3125,-4409
1883438.3750,-4346
1883438.4375,-3220
1883438.5000,-1140
1883438.5625,-825
1883438.6250,-1380
1883438.6875,-1478
1883438.7500,-833
1883438.8125,-1948
1883438.8750,-3170
1883438.9375,-3550
1883439.0000,-2758
1883439.0625,-1627
1883439.1250,-1231
1883439.1875,-1800
1883439.2500,-1050
1883439.3125,-18
1883439.3750,1146
1883439.4375,1641
1883439.5000,1152
1883439.5625,-536
1883439.6250,-974
1883439.6875,-2
1883439.7500,1641
1883439.8125,2560
1883439.8750,2636
1883439.9375,542
1883440.0000,-426
1883440.0625,1447
1883440.1250,3408
1883440.1875,2428
1883440.2500,-430
1883440.3125,-2390
1883440.3750,-4835
1883440.4375,-6641
1883440.5000,-7085
1883440.5625,-7684
1883440.6250,-8132
1883440.6875,-8384
1883440.7500,-8110
1883440.8125,-7183
1883440.8750,-5253
1883440.9375,-3302
1883441.0000,-1927
1883441.0625,-852
1883441.1250,-2053
1883441.1875,-3438
1883441.2500,-1914
1883441.3125,598
1883441.3750,1950
1883441.4375,3084
1883441.5000,3719
1883441.5625,2181
1883441.6250,1553
1883441.6875,3605
1883441.7500,6490
1883441.8125,5006
1883441.8750,-936
1883441.9375,-4403
1883442.0000,-3626
1883442.0625,-3476
1883442.1250,-7253
1883442.1875,-9844
1883442.2500,-8476
1883442.3125,-6282
1883442.3750,-5785
1883442.4375,-6025
1883442.5000,-6314
1883442.5625,-5859
1883442.6250,-5954
1883442.6875,-6529
1883442.7500,-7321
1883442.8125,-9783
1883442.8750,-11469
1883442.9375,-8110
1883443.0000,-2342
1883443.0625,1055
1883443.1250,1266
1883443.1875,390
1883443.2500,268
1883443.3125,1758
1883443.3750,2858
1883443.4375,2185
1883443.5000,96
1883443.5625,-1868
1883443.6250,-1678
1883443.6875,574
1883443.7500,2962
1883443.8125,3276
1883443.8750,1794
1883443.9375,989
1883444.0000,1513
1883444.0625,709
1883444.1250,-1755
1883444.1875,-3211
1883444.2500,-2970
1883444.3125,-1525
1883444.3750,-723
1883444.4375,-1637
1883444.5000,-3108
1883444.5625,-4034
1883444.6250,-4328
1883444.6875,-3272
1883444.7500,-2270
1883444.8125,-2752
1883444.8750,-4217
1883444.9375,-4109
1883445.0000,-2509
1883445.0625,-509
1883445.1250,410
1883445.1875,89
1883445.2500,-504
1883445.3125,-1050
1883445.3750,-1506
1883445.4375,-2224
1883445.5000,-3457
1883445.5625,-4129
1883445.6250,-4230
1883445.6875,-3894
1883445.7500,-3433
1883445.8125,-3720
1883445.8750,-5685
1883445.9375,-7717
1883446.0000,-7902
1883446.0625,-6332
1883446.1250,-5356
1883446.1875,-6161
1883446.2500,-7497
1883446.3125,-7825
1883446.3750,-7735
1883446.4375,-8329
1883446.5000,-9239
1883446.5625,-9443
1883446.6250,-8614
1883446.6875,-6884
1883446.7500,-5714
1883446.8125,-6789
1883446.8750,-8814
1883446.9375,-9425
1883447.0000,-7600
1883447.0625,-3874
1883447.1250,-1811
1883447.1875,-2811
1883447.2500,-5116
1883447.3125,-3417
1883447.3750,1605
1883447.4375,3402
1883447.5000,63
1883447.5625,-2790
1883447.6250,-582
1883447.6875,3023
1883447.7500,3763
1883447.8125,850
1883447.8750,-1894
1883447.9375,-2105
1883448.0000,-1441
1883448.0625,-1617
1883448.1250,-2593
1883448.1875,-4112
1883448.2500,-6206
1883448.3125,-7718
1883448.3750,-6578
1883448.4375,-4532
1883448.5000,-5007
1883448.5625,-7504
1883448.6250,-7980
1883448.6875,-6001
1883448.7500,-4651
1883448.8125,-5368
1883448.8750,-5176
1883448.9375,-2878
1883449.0000,-1178
1883449.0625,-1314
1883449.1250,-568
1883449.1875,1544
1883449.2500,2282
1883449.3125,530
1883449.3750,-825
1883449.4375,-274
1883449.5000,523
1883449.5625,186
1883449.6250,-424
1883449.6875,-503
1883449.7500,-803
1883449.8125,-2276
1883449.8750,-2641
1883449.9375,-1837
1883450.0000,-1662
1883450.0625,-2257
1883450.1250,-2115
1883450.1875,-2206
1883450.2500,-2862
1883450.3125,-3569
1883450.3750,-3558
1883450.4375,-2605
1883450.5000,-2042
1883450.5625,-2029
1883450.6250,-1765
1883450.6875,-1171
1883450.7500,-596
1883450.8125,-376
1883450.8750,-595
1883450.9375,-1857
1883451.0000,-4007
1883451.0625,-4626
1883451.1250,-2738
1883451.1875,-329
1883451.2500,371
1883451.3125,14
1883451.3750,-542
1883451.4375,-755
1883451.5000,-219
1883451.5625,165
1883451.6250,-556
1883451.6875,-1412
1883451.7500,-1648
1883451.8125,-1988
1883451.8750,-1942
1883451.9375,-1412
1883452.0000,-998
1883452.0625,-2146
1883452.1250,-4069
1883452.1875,-5117
1883452.2500,-5510
1883452.3125,-6550
1883452.3750,-7867
1883452.4375,-8104
1883452.5000,-6866
1883452.5625,-5681
1883452.6250,-4977
1883452.6875,-6204
1883452.7500,-8428
1883452.8125,-9161
1883452.8750,-7843
1883452.9375,-6535
1883453.0000,-6240
1883453.0625,-7337
1883453.1250,-8191
1883453.1875,-8238
1883453.2500,-4778
1883453.3125,55
1883453.3750,2309
1883453.4375,991
1883453.5000,50
1883453.5625,2768
1883453.6250,5229
1883453.6875,4307
1883453.7500,1428
1883453.8125,1778
1883453.8750,4190
1883453.9375,3966
1883454.0000,1777
1883454.0625,1346
1883454.1250,1647
1883454.1875,-29
1883454.2500,-2082
1883454.3125,-2799
1883454.3750,-2610
1883454.4375,-4477
1883454.5000,-7546
1883454.5625,-6727
1883454.6250,-2349
1883454.6875,-1829
1883454.7500,-7059
1883454.8125,-10779
1883454.8750,-8185
1883454.9375,-4288
1883455.0000,-3123
1883455.0625,-2150
1883455.1250,1575
1883455.1875,4627
1883455.2500,4434
1883455.3125,3855
1883455.3750,5389
1883455.4375,6444
1883455.5000,3950
1883455.5625,182
1883455.6250,490
1883455.6875,4728
1883455.7500,7249
1883455.8125,6274
1883455.8750,5530
1883455.9375,5971
1883456.0000,4620
1883456.0625,1443
1883456.1250,267
1883456.1875,2118
1883456.2500,2979
1883456.3125,1717
1883456.3750,747
1883456.4375,728
1883456.5000,825
1883456.5625,1076
1883456.6250,1498
1883456.6875,1407
1883456.7500,797
1883456.8125,636
1883456.8750,1397
1883456.9375,2126
1883457.0000,1777
1883457.0625,1721
1883457.1250,2598
1883457.1875,2274
1883457.2500,687
1883457.3125,563
1883457.3750,1798
1883457.4375,2617
1883457.5000,2778
1883457.5625,3301
1883457.6250,3935
1883457.6875,4280
1883457.7500,4013
1883457.8125,3861
1883457.8750,4194
1883457.9375,4181
1883458.0000,3431
1883458.0625,2178
1883458.1250,1985
1883458.1875,3405
1883458.2500,4837
1883458.3125,5130
1883458.3750,5651
1883458.4375,6281
1883458.5000,5396
1883458.5625,2966
1883458.6250,1432
1883458.6875,1946
1883458.7500,1916
1883458.8125,141
1883458.8750,-1610
1883458.9375,-2498
1883459.0000,-2014
1883459.0625,-262
1883459.1250,760
1883459.1875,-72
1883459.2500,-1532
1883459.3125,-1988
1883459.3750,-1265
1883459.4375,-1084
1883459.5000,-2359
1883459.5625,-1982
1883459.6250,1645
1883459.6875,4637
1883459.7500,5237
1883459.8125,5064
1883459.8750,8153
1883459.9375,11669
1883460.0000,12249
1883460.0625,9790
1883460.1250,9000
1883460.1875,10911
1883460.2500,12067
1883460.3125,10994
1883460.3750,9535
1883460.4375,8821
1883460.5000,7117
1883460.5625,4905
1883460.6250,3762
1883460.6875,3991
1883460.7500,3583
1883460.8125,221
1883460.8750,-3249
1883460.9375,-1989
1883461.0000,1372
1883461.0625,1569
1883461.1250,-638
1883461.1875,-1015
1883461.2500,51
1883461.3125,464
1883461.3750,721
1883461.4375,2109
1883461.5000,4072
1883461.5625,4432
1883461.6250,3944
1883461.6875,4815
1883461.7500,5612
1883461.8125,4039
1883461.8750,2504
1883461.9375,3653
1883462.0000,5939
1883462.0625,6844
1883462.1250,5481
1883462.1875,4397
1883462.2500,5443
1883462.3125,6410
1883462.3750,6009
1883462.4375,6325
1883462.5000,7599
1883462.5625,8003
1883462.6250,7652
1883462.6875,7990
1883462.7500,8230
1883462.8125,7069
1883462.8750,6109
1883462.9375,6829
1883463.0000,7849
1883463.0625,7073
1883463.1250,4814
1883463.1875,3418
1883463.2500,3824
1883463.3125,4685
1883463.3750,5162
1883463.4375,4922
1883463.5000,4396
1883463.5625,4370
1883463.6250,6031
1883463.6875,7795
1883463.7500,6461
1883463.8125,2772
1883463.8750,940
1883463.9375,1720
1883464.0000,3083
1883464.0625,3545
1883464.1250,3004
1883464.1875,1886
1883464.2500,1702
1883464.3125,2206
1883464.3750,2021
1883464.4375,2499
1883464.5000,4696
1883464.5625,6611
1883464.6250,6478
1883464.6875,3826
1883464.7500,941
1883464.8125,-877
1883464.8750,-695
1883464.9375,1255
1883465.0000,4199
1883465.0625,6196
1883465.1250,5733
1883465.1875,4655
1883465.2500,4197
1883465.3125,4840
1883465.3750,5898
1883465.4375,5323
1883465.5000,3797
1883465.5625,3735
1883465.6250,3646
1883465.6875,2046
1883465.7500,-586
1883465.8125,-2007
1883465.8750,-1688
1883465.9375,-2032
1883466.0000,-3344
1883466.0625,-688
1883466.1250,3465
1883466.1875,4727
1883466.2500,4550
1883466.3125,4363
1883466.3750,5881
1883466.4375,8004
1883466.5000,7291
1883466.5625,3996
1883466.6250,4067
1883466.6875,6032
1883466.7500,5757
1883466.8125,4982
1883466.8750,6791
1883466.9375,8452
1883467.0000,6123
1883467.0625,1471
1883467.1250,460
1883467.1875,3261
1883467.2500,3629
1883467.3125,-627
1883467.3750,-3786
1883467.4375,-2588
1883467.5000,-253
1883467.5625,-17
1883467.6250,4
1883467.6875,1817
1883467.7500,3910
1883467.8125,4868
1883467.8750,4372
1883467.9375,2974
1883468.0000,581
1883468.0625,-1521
1883468.1250,-1311
1883468.1875,390
1883468.2500,929
1883468.3125,-580
1883468.3750,-1576
1883468.4375,972
1883468.5000,5264
1883468.5625,6442
1883468.6250,3256
1883468.6875,658
1883468.7500,957
1883468.8125,2543
1883468.8750,4425
1883468.9375,5442
1883469.0000,4946
1883469.0625,3386
1883469.1250,2626
1883469.1875,4009
1883469.2500,4895
1883469.3125,2487
1883469.3750,381
1883469.4375,2034
1883469.5000,5058
1883469.5625,5109
1883469.6250,2483
1883469.6875,537
1883469.7500,333
1883469.8125,531
1883469.8750,1306
1883469.9375,2391
1883470.0000,1807
1883470.0625,456
1883470.1250,1577
1883470.1875,4844
1883470.2500,6065
1883470.3125,3597
1883470.3750,902
1883470.4375,797
1883470.5000,2443
1883470.5625,3404
1883470.6250,3090
1883470.6875,1944
1883470.7500,931
1883470.8125,1566
1883470.8750,3619
1883470.9375,4887
1883471.0000,3877
1883471.0625,1610
1883471.1250,544
1883471.1875,1463
1883471.2500,1996
1883471.3125,-144
1883471.3750,-2557
1883471.4375,-2153
1883471.5000,65
1883471.5625,335
1883471.6250,-1780
1883471.6875,-3108
1883471.7500,-1178
1883471.8125,2268
1883471.8750,3968
1883471.9375,2509
1883472.0000,-1021
1883472.0625,-3234
1883472.1250,-2202
1883472.1875,115
1883472.2500,-1120
1883472.3125,-5527
1883472.3750,-7775
1883472.4375,-5472
1883472.5000,-1855
1883472.5625,-529
1883472.6250,-2744
1883472.6875,-4309
1883472.7500,-1853
1883472.8125,1449
1883472.8750,2082
1883472.9375,-64
1883473.0000,-871
1883473.0625,1251
1883473.1250,5374
1883473.1875,7205
1883473.2500,5952
1883473.3125,4709
1883473.3750,4202
1883473.4375,4700
1883473.5000,5714
1883473.5625,5023
1883473.6250,1207
1883473.6875,-2318
1883473.7500,-1869
1883473.8125,946
1883473.8750,1623
1883473.9375,-1304
1883490.0000,-1496
1883490.0625,-1484
1883490.1250,-1364
1883490.1875,-1732
1883490.2500,-3028
1883490.3125,-3940
1883490.3750,-4477
1883490.4375,-5784
1883490.5000,-6509
1883490.5625,-5322
1883490.6250,-3469
1883490.6875,-2374
1883490.7500,-2180
1883490.8125,-1998
1883490.8750,-780
1883490.9375,820
1883491.0000,1480
1883491.0625,-152
1883491.1250,-2785
1883491.1875,-3706
1883491.2500,-1954
1883491.3125,602
1883491.3750,1472
1883491.4375,747
1883491.5000,830
1883491.5625,2007
1883491.6250,1899
1883491.6875,128
1883491.7500,-1465
1883491.8125,-2012
1883491.8750,-1535
1883491.9375,-1532
1883492.0000,-2896
1883492.0625,-3873
1883492.1250,-3686
1883492.1875,-2689
1883492.2500,-2124
1883492.3125,-2886
1883492.3750,-4234
1883492.4375,-4098
1883492.5000,-2738
1883492.5625,-1260
1883492.6250,-819
1883492.6875,-1684
1883492.7500,-2599
1883492.8125,-2654
1883492.8750,-1420
1883492.9375,218
1883493.0000,298
1883493.0625,-395
1883493.1250,155
1883493.1875,1785
1883493.2500,2898
1883493.3125,3139
1883493.3750,2218
1883493.4375,1075
1883493.5000,1167
1883493.5625,1502
1883493.6250,397
1883493.6875,-604
1883493.7500,-277
1883493.8125,1518
1883493.8750,3648
1883493.9375,3701
1883494.0000,1584
1883494.0625,-657
1883494.1250,-626
1883494.1875,521
1883494.2500,119
1883494.3125,-1503
1883494.3750,-1474
1883494.4375,411
1883494.5000,1896
1883494.5625,2547
1883494.6250,2476
1883494.6875,2073
1883494.7500,1864
1883494.8125,2246
1883494.8750,2424
1883494.9375,2024
1883495.0000,1467
1883495.0625,1696
1883495.1250,2704
1883495.1875,3626
1883495.2500,3632
1883495.3125,3600
1883495.3750,4294
1883495.4375,6158
1883495.5000,8331
1883495.5625,9067
1883495.6250,7878
1883495.6875,6159
1883495.7500,5281
1883495.8125,5471
1883495.8750,5436
1883495.9375,3986
1883496.0000,2444
1883496.0625,2667
1883496.1250,4686
1883496.1875,6656
1883496.2500,7300
1883496.3125,6930
1883496.3750,6100
1883496.4375,5991
1883496.5000,6206
1883496.5625,5514
1883496.6250,3717
1883496.6875,2265
1883496.7500,2252
1883496.8125,3430
1883496.8750,4504
1883496.9375,4507
1883497.0000,3582
1883497.0625,1900
1883497.1250,1597
1883497.1875,2674
1883497.2500,2744
1883497.3125,1119
1883497.3750,-13
1883497.4375,759
1883497.5000,2577
1883497.5625,3336
1883497.6250,2999
1883497.6875,3164
1883497.7500,4136
1883497.8125,5399
1883497.8750,6488
1883497.9375,7230
1883498.0000,7034
1883498.0625,6381
1883498.1250,5698
1883498.1875,4801
1883498.2500,3814
1883498.3125,3068
1883498.3750,3499
1883498.4375,5183
1883498.5000,5434
1883498.5625,3648
1883498.6250,2096
1883498.6875,2878
1883498.7500,4334
1883498.8125,5442
1883498.8750,4490
1883498.9375,2050
1883499.0000,3
1883499.0625,839
1883499.1250,3863
1883499.1875,5969
1883499.2500,6034
1883499.3125,6234
1883499.3750,6339
1883499.4375,6535
1883499.5000,6928
1883499.5625,7136
1883499.6250,5164
1883499.6875,3044
1883499.7500,1955
1883499.8125,2588
1883499.8750,3747
1883499.9375,4738
1883500.0000,5684
1883500.0625,6984
1883500.1250,7779
1883500.1875,7420
1883500.2500,6422
1883500.3125,5227
1883500.3750,4309
1883500.4375,3806
1883500.5000,3476
1883500.5625,3284
1883500.6250,4771
1883500.6875,7874
1883500.7500,9946
1883500.8125,9157
1883500.8750,6739
1883500.9375,4964
1883501.0000,4993
1883501.0625,6055
1883501.1250,6452
1883501.1875,5722
1883501.2500,4885
1883501.3125,4735
1883501.3750,5402
1883501.4375,6389
1883501.5000,6487
1883501.5625,5095
1883501.6250,3309
1883501.6875,2479
1883501.7500,2625
1883501.8125,3117
1883501.8750,2843
1883501.9375,1113
1883502.0000,530
1883502.0625,2810
1883502.1250,5046
1883502.1875,6101
1883502.2500,5912
1883502.3125,3799
1883502.3750,1900
1883502.4375,2663
1883502.5000,4661
1883502.5625,7136
1883502.6250,7809
1883502.6875,6327
1883502.7500,4677
1883502.8125,4797
1883502.8750,4850
1883502.9375,4157
1883503.0000,6296
1883503.0625,11168
1883503.1250,13923
1883503.1875,11332
1883503.2500,6335
1883503.3125,1708
1883503.3750,430
1883503.4375,1766
1883503.5000,3992
1883503.5625,6423
1883503.6250,7784
1883503.6875,6256
1883503.7500,3823
1883503.8125,1475
1883503.8750,1136
1883503.9375,4020
1883504.0000,5632
1883504.0625,4404
1883504.1250,2745
1883504.1875,635
1883504.2500,-1468
1883504.3125,-1374
1883504.3750,1657
1883504.4375,3773
1883504.5000,3117
1883504.5625,1863
1883504.6250,1949
1883504.6875,896
1883504.7500,-230
1883504.8125,1078
1883504.8750,3184
1883504.9375,4775
1883505.0000,6035
1883505.0625,4715
1883505.1250,2362
1883505.1875,1479
1883505.2500,2479
1883505.3125,4648
1883505.3750,6067
1883505.4375,3906
1883505.5000,664
1883505.5625,-126
1883505.6250,454
1883505.6875,2276
1883505.7500,4827
1883505.8125,3786
1883505.8750,-114
1883505.9375,-2161
1883506.0000,-2064
1883506.0625,-1147
1883506.1250,-717
1883506.1875,-233
1883506.2500,-16
1883506.3125,317
1883506.3750,-1136
1883506.4375,-4053
1883506.5000,-4766
1883506.5625,-3340
1883506.6250,-2313
1883506.6875,-1343
1883506.7500,-1368
1883506.8125,-3435
1883506.8750,-4776
1883506.9375,-2533
1883507.0000,1696
1883507.0625,5588
1883507.1250,5917
1883507.1875,3074
1883507.2500,859
1883507.3125,596
1883507.3750,1204
1883507.4375,2703
1883507.5000,3868
1883507.5625,3590
1883507.6250,3806
1883507.6875,5111
1883507.7500,5773
1883507.8125,3649
1883507.8750,1124
1883507.9375,387
1883508.0000,1658
1883508.0625,3115
1883508.1250,2559
1883508.1875,750
1883508.2500,-187
1883508.3125,400
1883508.3750,404
1883508.4375,767
1883508.5000,2007
1883508.5625,1926
1883508.6250,382
1883508.6875,-985
1883508.7500,-2588
1883508.8125,-3463
1883508.8750,-3749
1883508.9375,-2716
1883509.0000,-859
1883509.0625,336
1883509.1250,-1241
1883509.1875,-1900
1883509.2500,52
1883509.3125,1764
1883509.3750,1972
1883509.4375,2816
1883509.5000,3742
1883509.5625,3662
1883509.6250,3565
1883509.6875,3185
1883509.7500,1837
1883509.8125,988
1883509.8750,1747
1883509.9375,3853
1883510.0000,5737
1883510.0625,5902
1883510.1250,3521
1883510.1875,1429
1883510.2500,1414
1883510.3125,1711
1883510.3750,2081
1883510.4375,2179
1883510.5000,80
1883510.5625,-2806
1883510.6250,-3351
1883510.6875,-1569
1883510.7500,-414
1883510.8125,-150
1883510.8750,-267
1883510.9375,340
1883511.0000,1110
1883511.0625,313
1883511.1250,-1805
1883511.1875,-2004
1883511.2500,-900
1883511.3125,-897
1883511.3750,-1717
1883511.4375,-1858
1883511.5000,-1421
1883511.5625,402
1883511.6250,2732
1883511.6875,3479
1883511.7500,1603
1883511.8125,-796
1883511.8750,-2219
1883511.9375,-2247
1883512.0000,-608
1883512.0625,653
1883512.1250,429
1883512.1875,201
1883512.2500,230
1883512.3125,340
1883512.3750,1025
1883512.4375,764
1883512.5000,-497
1883512.5625,-183
1883512.6250,572
1883512.6875,992
1883512.7500,1119
1883512.8125,108
1883512.8750,-725
1883512.9375,247
1883513.0000,1685
1883513.0625,2118
1883513.1250,1244
1883513.1875,-629
1883513.2500,-2274
1883513.3125,-2329
1883513.3750,-489
1883513.4375,-318
1883513.5000,-2803
1883513.5625,-5069
1883513.6250,-3587
1883513.6875,-985
1883513.7500,87
1883513.8125,-610
1883513.8750,-258
1883513.9375,1423
1883514.0000,1756
1883514.0625,2545
1883514.1250,3685
1883514.1875,1858
1883514.2500,258
1883514.3125,1438
1883514.3750,3946
1883514.4375,3491
1883514.5000,2071
1883514.5625,284
1883514.6250,-163
1883514.6875,418
1883514.7500,858
1883514.8125,-373
1883514.8750,-1895
1883514.9375,-3115
1883515.0000,-2254
1883515.0625,-990
1883515.1250,-2713
1883515.1875,-6562
1883515.2500,-7967
1883515.3125,-5925
1883515.3750,-2137
1883515.4375,-1621
1883515.5000,-3539
1883515.5625,-5440
1883515.6250,-3905
1883515.6875,-2505
1883515.7500,-2905
1883515.8125,-2982
1883515.8750,-3615
1883515.9375,-3996
1883516.0000,-3727
1883516.0625,-751
1883516.1250,62
1883516.1875,-1507
1883516.2500,-2767
1883516.3125,-2083
1883516.3750,-893
1883516.4375,-742
1883516.5000,-2119
1883516.5625,-2355
1883516.6250,-1537
1883516.6875,-1087
1883516.7500,-1327
1883516.8125,-1274
1883516.8750,-1507
1883516.9375,-1403
1883517.0000,586
1883517.0625,1528
1883517.1250,792
1883517.1875,-1430
1883517.2500,-2428
1883517.3125,-1448
1883517.3750,131
1883517.4375,-1115
1883517.5000,-3926
1883517.5625,-5221
1883517.6250,-4031
1883517.6875,-886
1883517.7500,386
1883517.8125,-510
1883517.8750,-3249
1883517.9375,-3365
1883518.0000,-1862
1883518.0625,-1414
1883518.1250,-4206
1883518.1875,-7996
1883518.2500,-8183
1883518.3125,-4689
1883518.3750,-1503
1883518.4375,-1660
1883518.5000,-2364
1883518.5625,-3343
1883518.6250,-2724
1883518.6875,-2330
1883518.7500,-3415
1883518.8125,-6177
1883518.8750,-6777
1883518.9375,-3602
1883519.0000,400
1883519.0625,1367
1883519.1250,-494
1883519.1875,-1433
1883519.2500,-331
1883519.3125,545
1883519.3750,-69
1883519.4375,-2195
1883519.5000,-4394
1883519.5625,-3490
1883519.6250,-1212
1883519.6875,-97
1883519.7500,-591
1883519.8125,-2060
1883519.8750,-3026
1883519.9375,-3467
1883520.0000,-2960
1883520.0625,-2739
1883520.1250,-2886
1883520.1875,-3968
1883520.2500,-3973
1883520.3125,-2272
1883520.3750,-1228
1883520.4375,-832
1883520.5000,-645
1883520.5625,-566
1883520.6250,-1488
1883520.6875,-2911
1883520.7500,-2815
1883520.8125,-1429
1883520.8750,-423
1883520.9375,-274
1883521.0000,-461
1883521.0625,235
1883521.1250,1536
1883521.1875,1625
1883521.2500,517
1883521.3125,-754
1883521.3750,-1726
1883521.4375,-3096
1883521.5000,-3673
1883521.5625,-3001
1883521.6250,-2430
1883521.6875,-2620
1883521.7500,-3856
1883521.8125,-4318
1883521.8750,-4610
1883521.9375,-3851
1883522.0000,-4291
1883522.0625,-4746
1883522.1250,-5633
1883522.1875,-6183
1883522.2500,-7050
1883522.3125,-7303
1883522.3750,-7052
1883522.4375,-6150
1883522.5000,-4426
1883522.5625,-3861
1883522.6250,-4936
1883522.6875,-5979
1883522.7500,-5260
1883522.8125,-4470
1883522.8750,-2776
1883522.9375,-2761
1883523.0000,-4489
1883523.0625,-5884
1883523.1250,-4376
1883523.1875,-2753
1883523.2500,-1655
1883523.3125,-2279
1883523.3750,-3064
1883523.4375,-4441
1883523.5000,-4278
1883523.5625,-1792
1883523.6250,184
1883523.6875,-402
1883523.7500,-2061
1883523.8125,-2229
1883523.8750,-52
1883523.9375,1275
1883524.0000,306
1883524.0625,-2600
1883524.1250,-3213
1883524.1875,-2992
1883524.2500,-2453
1883524.3125,-1668
1883524.3750,-941
1883524.4375,-1056
1883524.5000,-413
1883524.5625,416
1883524.6250,-878
1883524.6875,-3379
1883524.7500,-3792
1883524.8125,-3395
1883524.8750,-3805
1883524.9375,-3542
1883525.0000,-3376
1883525.0625,-3905
1883525.1250,-3088
1883525.1875,-1078
1883525.2500,-626
1883525.3125,-1613
1883525.3750,-3249
1883525.4375,-4073
1883525.5000,-2936
1883525.5625,-2139
1883525.6250,-2637
1883525.6875,-3113
1883525.7500,-3607
1883525.8125,-3724
1883525.8750,-2099
1883525.9375,-1817
1883526.0000,-4242
1883526.0625,-6052
1883526.1250,-5496
1883526.1875,-4243
1883526.2500,-4301
1883526.3125,-4704
1883526.3750,-5980
1883526.4375,-5989
1883526.5000,-5137
1883526.5625,-2542
1883526.6250,-2199
1883526.6875,-3399
1883526.7500,-6419
1883526.8125,-6753
1883526.8750,-5235
1883526.9375,-3081
1883527.0000,-2422
1883527.0625,-2250
1883527.1250,-2298
1883527.1875,-2505
1883527.2500,-2127
1883527.3125,-1528
1883527.3750,-1132
1883527.4375,-739
1883527.5000,620
1883527.5625,-792
1883527.6250,-2944
1883527.6875,-2316
1883527.7500,713
1883527.8125,2066
1883527.8750,1372
1883527.9375,-119
1883528.0000,-1555
1883528.0625,-2867
1883528.1250,-2132
1883528.1875,-1132
1883528.2500,-996
1883528.3125,-2661
1883528.3750,-3155
1883528.4375,-2788
1883528.5000,-2084
1883528.5625,-1017
1883528.6250,82
1883528.6875,506
1883528.7500,-1457
1883528.8125,-1868
1883528.8750,-587
1883528.9375,198
1883529.0000,-1229
1883529.0625,-1346
1883529.1250,-1378
1883529.1875,-1837
1883529.2500,-1195
1883529.3125,-686
1883529.3750,-1435
1883529.4375,-1695
1883529.5000,-1421
1883529.5625,-1562
1883529.6250,-1786
1883529.6875,-2287
1883529.7500,-3213
1883529.8125,-4441
1883529.8750,-4707
1883529.9375,-3352
1883530.0000,-1479
1883530.0625,-1505
1883530.1250,-3783
1883530.1875,-3498
1883530.2500,-1545
1883530.3125,-1084
1883530.3750,-2380
1883530.4375,-3116
1883530.5000,-3724
1883530.5625,-2459
1883530.6250,-571
1883530.6875,419
1883530.7500,669
1883530.8125,2258
1883530.8750,3521
1883530.9375,3383
1883531.0000,2429
1883531.0625,772
1883531.1250,403
1883531.1875,1323
1883531.2500,1714
1883531.3125,2102
1883531.3750,2314
1883531.4375,2264
1883531.5000,2907
1883531.5625,3827
1883531.6250,3978
1883531.6875,2990
1883531.7500,1487
1883531.8125,-42
1883531.8750,40
1883531.9375,-311
1883532.0000,-60
1883532.0625,-480
1883532.1250,65
1883532.1875,375
1883532.2500,-34
1883532.3125,-1143
1883532.3750,-1499
1883532.4375,-1415
1883532.5000,-320
1883532.5625,-822
1883532.6250,-2526
1883532.6875,-4286
1883532.7500,-3313
1883532.8125,-1865
1883532.8750,-172
1883532.9375,941
1883533.0000,1641
1883533.0625,2022
1883533.1250,2738
1883533.1875,3405
1883533.2500,3988
1883533.3125,2879
1883533.3750,1417
1883533.4375,445
1883533.5000,213
1883533.5625,601
1883533.6250,2662
1883533.6875,5560
1883533.7500,6269
1883533.8125,4629
1883533.8750,4668
1883533.9375,6295
1883534.0000,6071
1883534.0625,5255
1883534.1250,3596
1883534.1875,2271
1883534.2500,1192
1883534.3125,1830
1883534.3750,3102
1883534.4375,4599
1883534.5000,5387
1883534.5625,4463
1883534.6250,4177
1883534.6875,4999
1883534.7500,4886
1883534.8125,3985
1883534.8750,2534
1883534.9375,264
1883535.0000,-749
1883535.0625,129
1883535.1250,1442
1883535.1875,3435
1883535.2500,4415
1883535.3125,5161
1883535.3750,5304
1883535.4375,6567
1883535.5000,6472
1883535.5625,7082
1883535.6250,6484
1883535.6875,5283
1883535.7500,3468
1883535.8125,3193
1883535.8750,4585
1883535.9375,6276
1883536.0000,6923
1883536.0625,7081
1883536.1250,6123
1883536.1875,4697
1883536.2500,4558
1883536.3125,6715
1883536.3750,6343
1883536.4375,3700
1883536.5000,2200
1883536.5625,2401
1883536.6250,1923
1883536.6875,2497
1883536.7500,4292
1883536.8125,4816
1883536.8750,3167
1883536.9375,2749
1883537.0000,3277
1883537.0625,3475
1883537.1250,2368
1883537.1875,1134
1883537.2500,1688
1883537.3125,1852
1883537.3750,1391
1883537.4375,1935
1883537.5000,3164
1883537.5625,2572
1883537.6250,3989
1883537.6875,6788
1883537.7500,7153
1883537.8125,6797
1883537.8750,6369
1883537.9375,6214
1883538.0000,6855
1883538.0625,8333
1883538.1250,9665
1883538.1875,9215
1883538.2500,7225
1883538.3125,6725
1883538.3750,7856
1883538.4375,7795
1883538.5000,6408
1883538.5625,5039
1883538.6250,5130
1883538.6875,3475
1883538.7500,2185
1883538.8125,1101
1883538.8750,2317
1883538.9375,2493
1883539.0000,3197
1883539.0625,3899
1883539.1250,4793
1883539.1875,5264
1883539.2500,7406
1883539.3125,8137
1883539.3750,7523
1883539.4375,3718
1883539.5000,1579
1883539.5625,1290
1883539.6250,2526
1883539.6875,2645
1883539.7500,2751
1883539.8125,789
1883539.8750,-245
1883539.9375,1733
1883540.0000,4630
1883540.0625,5855
1883540.1250,5545
1883540.1875,5500
1883540.2500,7751
1883540.3125,7807
1883540.3750,4506
1883540.4375,2882
1883540.5000,5014
1883540.5625,6913
1883540.6250,7473
1883540.6875,7543
1883540.7500,6795
1883540.8125,6293
1883540.8750,6763
1883540.9375,6038
1883541.0000,2217
1883541.0625,946
1883541.1250,3750
1883541.1875,5394
1883541.2500,2652
1883541.3125,32
1883541.3750,-1931
1883541.4375,-2791
1883541.5000,873
1883541.5625,7909
1883541.6250,13204
1883541.6875,10237
1883541.7500,1036
1883541.8125,-4029
1883541.8750,-4021
1883541.9375,-761
1883542.0000,2744
1883542.0625,4613
1883542.1250,3378
1883542.1875,3725
1883542.2500,5059
1883542.3125,5183
1883542.3750,4240
1883542.4375,4804
1883542.5000,4407
1883542.5625,3121
1883542.6250,3135
1883542.6875,3881
1883542.7500,1969
1883542.8125,2005
1883542.8750,4469
1883542.9375,6650
1883543.0000,7715
1883543.0625,7971
1883543.1250,6293
1883543.1875,5065
1883543.2500,2771
1883543.3125,893
1883543.3750,2224
1883543.4375,3054
1883543.5000,-874
1883543.5625,-1842
1883543.6250,-1433
1883543.6875,-2400
1883543.7500,-1596
1883543.8125,2145
1883543.8750,4589
1883543.9375,3190
1883544.0000,-100
1883544.0625,-2962
1883544.1250,-3558
1883544.1875,-3187
1883544.2500,-2999
1883544.3125,-2618
1883544.3750,-1718
1883544.4375,-1889
1883544.5000,-1833
1883544.5625,789
1883544.6250,2125
1883544.6875,312
1883544.7500,-1379
1883544.8125,-2735
1883544.8750,-4178
1883544.9375,-3767
1883545.0000,-1425
1883545.0625,1270
1883545.1250,3876
1883545.1875,3660
1883545.2500,2146
1883545.3125,1684
1883545.3750,1511
1883545.4375,3630
1883545.5000,5800
1883545.5625,5306
1883545.6250,1363
1883545.6875,-939
1883545.7500,-868
1883545.8125,1725
1883545.8750,1688
1883545.9375,1737
1883546.0000,1782
1883546.0625,1618
1883546.1250,2102
1883546.1875,4516
1883546.2500,3419
1883546.3125,-230
1883546.3750,-2451
1883546.4375,-1445
1883546.5000,-1497
1883546.5625,-1386
1883546.6250,-1745
1883546.6875,-536
1883546.7500,-233
1883546.8125,913
1883546.8750,1289
1883546.9375,1672
1883547.0000,1374
1883547.0625,2230
1883547.1250,1765
1883547.1875,229
1883547.2500,-2161
1883547.3125,-1454
1883547.3750,-721
1883547.4375,856
1883547.5000,3606
1883547.5625,4834
1883547.6250,4075
1883547.6875,3272
1883547.7500,4402
1883547.8125,3865
1883547.8750,2997
1883547.9375,2304
1883548.0000,2030
1883548.0625,2577
1883548.1250,2090
1883548.1875,1680
1883548.2500,1637
1883548.3125,2033
1883548.3750,1311
1883548.4375,565
1883548.5000,1490
1883548.5625,198
1883548.6250,-617
1883548.6875,-661
1883548.7500,-445
1883548.8125,-1749
1883548.8750,-1860
1883548.9375,-3626
1883549.0000,-3338
1883549.0625,-608
1883549.1250,976
1883549.1875,472
1883549.2500,-387
1883549.3125,-936
1883549.3750,-2172
1883549.4375,-1550
1883549.5000,-425
1883549.5625,-176
1883549.6250,-635
1883549.6875,-790
1883549.7500,262
1883549.8125,1709
1883549.8750,2236
1883549.9375,-198
1883550.0000,-206
1883550.0625,1607
1883550.1250,2003
1883550.1875,1145
1883550.2500,1397
1883550.3125,470
1883550.3750,-939
1883550.4375,-304
1883550.5000,525
1883550.5625,307
1883550.6250,-1525
1883550.6875,-1173
1883550.7500,-654
1883550.8125,-222
1883550.8750,-2378
1883550.9375,-2454
1883551.0000,-1239
1883551.0625,-508
1883551.1250,-1007
1883551.1875,-2160
1883551.2500,-2095
1883551.3125,-3649
1883551.3750,-1588
1883551.4375,299
1883551.5000,-591
1883551.5625,-4182
1883551.6250,-1992
1883551.6875,-737
1883551.7500,-1292
1883551.8125,-2189
1883551.8750,-1843
1883551.9375,-1081
1883552.0000,544
1883552.0625,1659
1883552.1250,2360
1883552.1875,2698
1883552.2500,2289
1883552.3125,1600
1883552.3750,1749
1883552.4375,308
1883552.5000,-1783
1883552.5625,-3699
1883552.6250,-2327
1883552.6875,-2292
1883552.7500,-2261
1883552.8125,-3160
1883552.8750,-2724
1883552.9375,-2338
1883553.0000,-1077
1883553.0625,-1644
1883553.1250,-3541
1883553.1875,-5926
1883553.2500,-5545
1883553.3125,-3044
1883553.3750,-1800
1883553.4375,-4767
1883553.5000,-6534
1883553.5625,-4829
1883553.6250,-2390
1883553.6875,-2209
1883553.7500,-2554
1883553.8125,-3446
1883553.8750,-5150
1883553.9375,-5664
1883554.0000,-3939
1883554.0625,-4040
1883554.1250,-6030
1883554.1875,-4797
1883554.2500,-1022
1883554.3125,1634
1883554.3750,1079
1883554.4375,-177
1883554.5000,-1170
1883554.5625,603
1883554.6250,551
1883554.6875,-251
1883554.7500,-1278
1883554.8125,-1643
1883554.8750,-1660
1883554.9375,-4
1883555.0000,1088
1883555.0625,-662
1883555.1250,-2193
1883555.1875,-3538
1883555.2500,-3264
1883555.3125,-1822
1883555.3750,-2813
1883555.4375,-6084
1883555.5000,-5352
1883555.5625,-2668
1883555.6250,-488
1883555.6875,-1006
1883555.7500,-2208
1883555.8125,-4758
1883555.8750,-4086
1883555.9375,-1914
1883556.0000,-1723
1883556.0625,-2061
1883556.1250,-3919
1883556.1875,-4326
1883556.2500,-2523
1883556.3125,-2182
1883556.3750,-4361
1883556.4375,-6137
1883556.5000,-4008
1883556.5625,-2931
1883556.6250,-1554
1883556.6875,-454
1883556.7500,-837
1883556.8125,-1080
1883556.8750,-451
1883556.9375,-249
1883557.0000,-2032
1883557.0625,-2315
1883557.1250,-2097
1883557.1875,-1518
1883557.2500,-534
1883557.3125,-363
1883557.3750,-1462
1883557.4375,-1309
1883557.5000,1377
1883557.5625,1652
1883557.6250,149
1883557.6875,-1800
1883557.7500,-2797
1883557.8125,-3017
1883557.8750,-1874
1883557.9375,-1833
1883558.0000,-2175
1883558.0625,-3796
1883558.1250,-5490
1883558.1875,-5024
1883558.2500,-3925
1883558.3125,-5166
1883558.3750,-6387
1883558.4375,-5331
1883558.5000,-5109
1883558.5625,-5641
1883558.6250,-4778
1883558.6875,-3935
1883558.7500,-4756
1883558.8125,-4500
1883558.8750,-4235
1883558.9375,-4609
1883559.0000,-2862
1883559.0625,-347
1883559.1250,-977
1883559.1875,-1493
1883559.2500,-2046
1883559.3125,-3508
1883559.3750,-4752
1883559.4375,-3459
1883559.5000,-3316
1883559.5625,-3256
1883559.6250,-4048
1883559.6875,-4688
1883559.7500,-3059
1883559.8125,-826
1883559.8750,-1005
1883559.9375,-2458
1883560.0000,-3914
1883560.0625,-5696
1883560.1250,-6561
1883560.1875,-3269
1883560.2500,-1289
1883560.3125,-1817
1883560.3750,-3335
1883560.4375,-4359
1883560.5000,-4378
1883560.5625,-3948
1883560.6250,-2728
1883560.6875,-3134
1883560.7500,-3916
1883560.8125,-5268
1883560.8750,-6290
1883560.9375,-6864
1883561.0000,-5386
1883561.0625,-2949
1883561.1250,-1729
1883561.1875,-2547
1883561.2500,-3124
1883561.3125,-3487
1883561.3750,-3375
1883561.4375,-3111
1883561.5000,-2949
1883561.5625,-3429
1883561.6250,-4728
1883561.6875,-6368
1883561.7500,-5678
1883561.8125,-3193
1883561.8750,-1100
1883561.9375,-176
1883562.0000,-262
1883562.0625,-784
1883562.1250,-1166
1883562.1875,-830
1883562.2500,-214
1883562.3125,27
1883562.3750,-416
1883562.4375,-383
1883562.5000,-58
1883562.5625,-857
1883562.6250,-1511
1883562.6875,-1588
1883562.7500,-2095
1883562.8125,-2746
1883562.8750,-4176
1883562.9375,-5705
1883563.0000,-6429
1883563.0625,-5262
1883563.1250,-3472
1883563.1875,-2904
1883563.2500,-3434
1883563.3125,-4399
1883563.3750,-4088
1883563.4375,-2458
1883563.5000,-851
1883563.5625,-736
1883563.6250,-1744
1883563.6875,-3341
1883563.7500,-4078
1883563.8125,-3681
1883563.8750,-3049
1883563.9375,-2397
1883564.0000,-1768
1883564.0625,-2083
1883564.1250,-2393
1883564.1875,-1122
1883564.2500,-1057
1883564.3125,-1866
1883564.3750,-2416
1883564.4375,-1717
1883564.5000,-2342
1883564.5625,-2823
1883564.6250,-3571
1883564.6875,-4502
1883564.7500,-4802
1883564.8125,-3738
1883564.8750,-2991
1883564.9375,-4065
1883565.0000,-5601
1883565.0625,-6195
1883565.1250,-5503
1883565.1875,-4334
1883565.2500,-4491
1883565.3125,-5044
1883565.3750,-4010
1883565.4375,-2356
1883565.5000,-1089
1883565.5625,-1097
1883565.6250,-1260
1883565.6875,-1844
1883565.7500,-1079
1883565.8125,-490
1883565.8750,-624
1883565.9375,-1668
1883566.0000,-2751
1883566.0625,-2980
1883566.1250,-1390
1883566.1875,577
1883566.2500,637
1883566.3125,-238
1883566.3750,-2107
1883566.4375,-2030
1883566.5000,-140
1883566.5625,3188
1883566.6250,3966
1883566.6875,2938
1883566.7500,1546
1883566.8125,2623
1883566.8750,3283
1883566.9375,2260
1883567.0000,385
1883567.0625,-287
1883567.1250,-618
1883567.1875,-794
1883567.2500,-1246
1883567.3125,-1498
1883567.3750,-1541
1883567.4375,-1703
1883567.5000,-1850
1883567.5625,-2948
1883567.6250,-4850
1883567.6875,-5915
1883567.7500,-4424
1883567.8125,-2853
1883567.8750,-4157
1883567.9375,-6414
1883568.0000,-5989
1883568.0625,-3308
1883568.1250,-198
1883568.1875,674
1883568.2500,447
1883568.3125,-746
1883568.3750,-498
1883568.4375,-96
1883568.5000,455
1883568.5625,1515
1883568.6250,3356
1883568.6875,4949
1883568.7500,5682
1883568.8125,4478
1883568.8750,3583
1883568.9375,4068
1883569.0000,4639
1883569.0625,4128
1883569.1250,3307
1883569.1875,1786
1883569.2500,728
1883569.3125,1919
1883569.3750,3953
1883569.4375,3226
1883569.5000,1278
1883569.5625,270
1883569.6250,1033
1883569.6875,3209
1883569.7500,3454
1883569.8125,1836
1883569.8750,638
1883569.9375,426
1883570.0000,-289
1883570.0625,-388
1883570.1250,306
1883570.1875,744
1883570.2500,671
1883570.3125,889
1883570.3750,523
1883570.4375,-882
1883570.5000,-1208
1883570.5625,153
1883570.6250,1471
1883570.6875,1329
1883570.7500,1062
1883570.8125,1144
1883570.8750,1557
1883570.9375,2405
1883571.0000,4006
1883571.0625,4474
1883571.1250,2979
1883571.1875,1310
1883571.2500,1553
1883571.3125,3671
1883571.3750,4903
1883571.4375,5037
1883571.5000,4640
1883571.5625,4015
1883571.6250,3090
1883571.6875,3166
1883571.7500,3845
1883571.8125,3262
1883571.8750,1864
1883571.9375,1698
1883572.0000,2553
1883572.0625,3863
1883572.1250,4310
1883572.1875,3929
1883572.2500,3769
1883572.3125,3722
1883572.3750,3916
1883572.4375,3053
1883572.5000,1558
1883572.5625,446
1883572.6250,1341
1883572.6875,2677
1883572.7500,3267
1883572.8125,3494
1883572.8750,3094
1883572.9375,2076
1883573.0000,2532
1883573.0625,3826
1883573.1250,4573
1883573.1875,4239
1883573.2500,4166
1883573.3125,5121
1883573.3750,6313
1883573.4375,7014
1883573.5000,7658
1883573.5625,7510
1883573.6250,6217
1883573.6875,5098
1883573.7500,6413
1883573.8125,7782
1883573.8750,8138
1883573.9375,8035
1883574.0000,8261
1883574.0625,7381
1883574.1250,5926
1883574.1875,5763
1883574.2500,6407
1883574.3125,6277
1883574.3750,5035
1883574.4375,3502
1883574.5000,2472
1883574.5625,2554
1883574.6250,3736
1883574.6875,5412
1883574.7500,6118
1883574.8125,4982
1883574.8750,2648
1883574.9375,298
1883575.0000,-28
1883575.0625,1438
1883575.1250,3020
1883575.1875,4085
1883575.2500,4692
1883575.3125,6343
1883575.3750,8519
1883575.4375,10057
1883575.5000,9332
1883575.5625,7495
1883575.6250,6406
1883575.6875,6135
1883575.7500,6048
1883575.8125,5506
1883575.8750,4571
1883575.9375,3841
1883576.0000,5293
1883576.0625,8499
1883576.1250,10236
1883576.1875,9251
1883576.2500,7753
1883576.3125,6700
1883576.3750,5924
1883576.4375,5013
1883576.5000,3981
1883576.5625,3141
1883576.6250,2895
1883576.6875,3382
1883576.7500,4113
1883576.8125,4391
1883576.8750,4634
1883576.9375,4980
1883577.0000,5431
1883577.0625,3880
1883577.1250,1344
1883577.1875,432
1883577.2500,2075
1883577.3125,3919
1883577.3750,4526
1883577.4375,4062
1883577.5000,2800
1883577.5625,2053
1883577.6250,2994
1883577.6875,4594
1883577.7500,5156
1883577.8125,5109
1883577.8750,5232
1883577.9375,5535
1883594.0000,-1732
1883594.0625,-3271
1883594.1250,-6369
1883594.1875,-5987
1883594.2500,-3173
1883594.3125,-1534
1883594.3750,-740
1883594.4375,-1481
1883594.5000,-3307
1883594.5625,-3443
1883594.6250,-584
1883594.6875,2738
1883594.7500,2884
1883594.8125,3
1883594.8750,-1237
1883594.9375,892
1883595.0000,2328
1883595.0625,1027
1883595.1250,-2031
1883595.1875,-3761
1883595.2500,-3017
1883595.3125,-1963
1883595.3750,-2231
1883595.4375,-2317
1883595.5000,-2151
1883595.5625,-1734
1883595.6250,-1042
1883595.6875,-1153
1883595.7500,-2162
1883595.8125,-2576
1883595.8750,-2113
1883595.9375,-1532
1883596.0000,-1367
1883596.0625,-1827
1883596.1250,-2874
1883596.1875,-3486
1883596.2500,-2795
1883596.3125,-1861
1883596.3750,-1917
1883596.4375,-2567
1883596.5000,-3491
1883596.5625,-3763
1883596.6250,-3063
1883596.6875,-2177
1883596.7500,-2044
1883596.8125,-2330
1883596.8750,-3375
1883596.9375,-4217
1883597.0000,-4116
1883597.0625,-3905
1883597.1250,-4336
1883597.1875,-5118
1883597.2500,-5626
1883597.3125,-5907
1883597.3750,-5788
1883597.4375,-4837
1883597.5000,-3870
1883597.5625,-4058
1883597.6250,-5326
1883597.6875,-7420
1883597.7500,-9035
1883597.8125,-8704
1883597.8750,-8085
1883597.9375,-8216
1883598.0000,-8667
1883598.0625,-9402
1883598.1250,-10103
1883598.1875,-9100
1883598.2500,-5689
1883598.3125,-3041
1883598.3750,-2629
1883598.4375,-4109
1883598.5000,-4235
1883598.5625,-1399
1883598.6250,1645
1883598.6875,1361
1883598.7500,-65
1883598.8125,18
1883598.8750,194
1883598.9375,-1332
1883599.0000,-4008
1883599.0625,-5126
1883599.1250,-4276
1883599.1875,-4040
1883599.2500,-5815
1883599.3125,-7496
1883599.3750,-6439
1883599.4375,-4397
1883599.5000,-3684
1883599.5625,-3179
1883599.6250,-700
1883599.6875,1651
1883599.7500,1027
1883599.8125,27
1883599.8750,1887
1883599.9375,4307
1883600.0000,2968
1883600.0625,-620
1883600.1250,-1218
1883600.1875,1665
1883600.2500,2649
1883600.3125,-216
1883600.3750,-2664
1883600.4375,-1739
1883600.5000,-656
1883600.5625,-2804
1883600.6250,-5994
1883600.6875,-6997
1883600.7500,-6226
1883600.8125,-5110
1883600.8750,-4066
1883600.9375,-2248
1883601.0000,-1590
1883601.0625,-3192
1883601.1250,-4532
1883601.1875,-2949
1883601.2500,-262
1883601.3125,-115
1883601.3750,-3079
1883601.4375,-4675
1883601.5000,-3063
1883601.5625,-1081
1883601.6250,-1010
1883601.6875,-1851
1883601.7500,-1662
1883601.8125,-1233
1883601.8750,-1848
1883601.9375,-2338
1883602.0000,-1041
1883602.0625,-5
1883602.1250,-1259
1883602.1875,-3621
1883602.2500,-5062
1883602.3125,-4815
1883602.3750,-3852
1883602.4375,-3146
1883602.5000,-2582
1883602.5625,-2135
1883602.6250,-2696
1883602.6875,-4059
1883602.7500,-4698
1883602.8125,-3550
1883602.8750,-1930
1883602.9375,-2499
1883603.0000,-5398
1883603.0625,-6980
1883603.1250,-5613
1883603.1875,-3604
1883603.2500,-2871
1883603.3125,-3804
1883603.3750,-5085
1883603.4375,-5034
1883603.5000,-4060
1883603.5625,-3914
1883603.6250,-4432
1883603.6875,-4581
1883603.7500,-4524
1883603.8125,-4762
1883603.8750,-4692
1883603.9375,-4107
1883604.0000,-3003
1883604.0625,-2233
1883604.1250,-2551
1883604.1875,-3504
1883604.2500,-3660
1883604.3125,-2901
1883604.3750,-2204
1883604.4375,-1466
1883604.5000,-1339
1883604.5625,-2209
1883604.6250,-3253
1883604.6875,-3003
1883604.7500,-2574
1883604.8125,-3470
1883604.8750,-5798
1883604.9375,-6195
1883605.0000,-4047
1883605.0625,-1098
1883605.1250,-224
1883605.1875,-1182
1883605.2500,-1568
1883605.3125,-303
1883605.3750,210
1883605.4375,-1526
1883605.5000,-2892
1883605.5625,-2376
1883605.6250,-1970
1883605.6875,-4314
1883605.7500,-6740
1883605.8125,-5722
1883605.8750,-2363
1883605.9375,-1466
1883606.0000,-4017
1883606.0625,-5157
1883606.1250,-3339
1883606.1875,-1364
1883606.2500,-703
1883606.3125,503
1883606.3750,2544
1883606.4375,2732
1883606.5000,524
1883606.5625,-9
1883606.6250,4009
1883606.6875,7696
1883606.7500,6063
1883606.8125,2563
1883606.8750,2640
1883606.9375,5855
1883607.0000,7867
1883607.0625,6544
1883607.1250,3884
1883607.1875,2305
1883607.2500,891
1883607.3125,-1672
1883607.3750,-2167
1883607.4375,309
1883607.5000,1573
1883607.5625,-410
1883607.6250,-2551
1883607.6875,-1897
1883607.7500,204
1883607.8125,940
1883607.8750,363
1883607.9375,856
1883608.0000,1543
1883608.0625,-314
1883608.1250,-2239
1883608.1875,-312
1883608.2500,3500
1883608.3125,5305
1883608.3750,4828
1883608.4375,3865
1883608.5000,3703
1883608.5625,4433
1883608.6250,5107
1883608.6875,4866
1883608.7500,3301
1883608.8125,780
1883608.8750,-241
1883608.9375,986
1883609.0000,2829
1883609.0625,4125
1883609.1250,4370
1883609.1875,3722
1883609.2500,3906
1883609.3125,5256
1883609.3750,6317
1883609.4375,5665
1883609.5000,4363
1883609.5625,3520
1883609.6250,3770
1883609.6875,4343
1883609.7500,4212
1883609.8125,3548
1883609.8750,3960
1883609.9375,4993
1883610.0000,4152
1883610.0625,1426
1883610.1250,-95
1883610.1875,729
1883610.2500,1043
1883610.3125,-694
1883610.3750,-3195
1883610.4375,-4347
1883610.5000,-3567
1883610.5625,-1580
1883610.6250,745
1883610.6875,2734
1883610.7500,3913
1883610.8125,4060
1883610.8750,5073
1883610.9375,6604
1883611.0000,6136
1883611.0625,2684
1883611.1250,-235
1883611.1875,357
1883611.2500,2558
1883611.3125,3604
1883611.3750,2579
1883611.4375,1042
1883611.5000,554
1883611.5625,1316
1883611.6250,1117
1883611.6875,289
1883611.7500,913
1883611.8125,2793
1883611.8750,2625
1883611.9375,82
1883612.0000,-696
1883612.0625,2883
1883612.1250,7662
1883612.1875,7690
1883612.2500,4426
1883612.3125,2975
1883612.3750,4709
1883612.4375,5751
1883612.5000,4253
1883612.5625,2690
1883612.6250,1668
1883612.6875,-92
1883612.7500,-1962
1883612.8125,-839
1883612.8750,2703
1883612.9375,5516
1883613.0000,3921
1883613.0625,823
1883613.1250,2420
1883613.1875,6975
1883613.2500,9104
1883613.3125,8055
1883613.3750,8219
1883613.4375,10302
1883613.5000,10937
1883613.5625,9025
1883613.6250,7938
1883613.6875,9385
1883613.7500,10162
1883613.8125,8173
1883613.8750,5427
1883613.9375,5580
1883614.0000,6998
1883614.0625,6698
1883614.1250,5024
1883614.1875,4209
1883614.2500,3629
1883614.3125,2757
1883614.3750,2157
1883614.4375,2477
1883614.5000,3909
1883614.5625,4971
1883614.6250,5176
1883614.6875,5124
1883614.7500,5746
1883614.8125,6189
1883614.8750,5964
1883614.9375,5463
1883615.0000,4865
1883615.0625,3978
1883615.1250,3591
1883615.1875,3880
1883615.2500,4330
1883615.3125,4541
1883615.3750,4760
1883615.4375,5247
1883615.5000,5334
1883615.5625,4363
1883615.6250,1983
1883615.6875,-160
1883615.7500,-169
1883615.8125,2213
1883615.8750,4925
1883615.9375,6796
1883616.0000,7709
1883616.0625,8549
1883616.1250,9163
1883616.1875,9542
1883616.2500,8242
1883616.3125,7029
1883616.3750,6973
1883616.4375,6520
1883616.5000,4758
1883616.5625,3343
1883616.6250,3159
1883616.6875,2990
1883616.7500,3566
1883616.8125,6692
1883616.8750,9073
1883616.9375,7300
1883617.0000,2716
1883617.0625,-1391
1883617.1250,-4249
1883617.1875,-5285
1883617.2500,-4275
1883617.3125,-1045
1883617.3750,2818
1883617.4375,2852
1883617.5000,-737
1883617.5625,-4266
1883617.6250,-5535
1883617.6875,-3545
1883617.7500,-657
1883617.8125,422
1883617.8750,-103
1883617.9375,-1102
1883618.0000,-1190
1883618.0625,-443
1883618.1250,-871
1883618.1875,-2036
1883618.2500,-2003
1883618.3125,-634
1883618.3750,821
1883618.4375,-455
1883618.5000,-3880
1883618.5625,-3310
1883618.6250,1587
1883618.6875,5021
1883618.7500,5130
1883618.8125,3735
1883618.8750,1533
1883618.9375,-56
1883619.0000,-1393
1883619.0625,-832
1883619.1250,1937
1883619.1875,4168
1883619.2500,2776
1883619.3125,-1173
1883619.3750,-4190
1883619.4375,-4056
1883619.5000,-1538
1883619.5625,-1830
1883619.6250,-4456
1883619.6875,-4300
1883619.7500,-1352
1883619.8125,-765
1883619.8750,-2367
1883619.9375,-1375
1883620.0000,3094
1883620.0625,6328
1883620.1250,5075
1883620.1875,2554
1883620.2500,2834
1883620.3125,5095
1883620.3750,6366
1883620.4375,6234
1883620.5000,5781
1883620.5625,5115
1883620.6250,3587
1883620.6875,2589
1883620.7500,3954
1883620.8125,5973
1883620.8750,5445
1883620.9375,2676
1883621.0000,1375
1883621.0625,1504
1883621.1250,105
1883621.1875,-2506
1883621.2500,-3674
1883621.3125,-1760
1883621.3750,1231
1883621.4375,795
1883621.5000,-1970
1883621.5625,-2587
1883621.6250,-1326
1883621.6875,16
1883621.7500,1980
1883621.8125,2792
1883621.8750,1202
1883621.9375,-692
1883622.0000,-872
1883622.0625,583
1883622.1250,1505
1883622.1875,-1155
1883622.2500,-4376
1883622.3125,-3059
1883622.3750,1812
1883622.4375,5219
1883622.5000,4568
1883622.5625,1741
1883622.6250,317
1883622.6875,1156
1883622.7500,2689
1883622.8125,3529
1883622.8750,3738
1883622.9375,4007
1883623.0000,3968
1883623.0625,3221
1883623.1250,3517
1883623.1875,5579
1883623.2500,6389
1883623.3125,5029
1883623.3750,4080
1883623.4375,4095
1883623.5000,3424
1883623.5625,2111
1883623.6250,1671
1883623.6875,2890
1883623.7500,3211
1883623.8125,774
1883623.8750,-1988
1883623.9375,-2091
1883624.0000,-404
1883624.0625,-311
1883624.1250,-2699
1883624.1875,-4795
1883624.2500,-4657
1883624.3125,-3310
1883624.3750,-2148
1883624.4375,-2180
1883624.5000,-3470
1883624.5625,-4885
1883624.6250,-5088
1883624.6875,-3838
1883624.7500,-2280
1883624.8125,-1128
1883624.8750,-712
1883624.9375,-1307
1883625.0000,-1372
1883625.0625,-590
1883625.1250,-727
1883625.1875,-2338
1883625.2500,-4928
1883625.3125,-6268
1883625.3750,-4415
1883625.4375,-218
1883625.5000,2332
1883625.5625,1119
1883625.6250,-391
1883625.6875,286
1883625.7500,2442
1883625.8125,2644
1883625.8750,-625
1883625.9375,-3998
1883626.0000,-2527
1883626.0625,1026
1883626.1250,1083
1883626.1875,-1470
1883626.2500,-2230
1883626.3125,-452
1883626.3750,52
1883626.4375,-2476
1883626.5000,-4609
1883626.5625,-2889
1883626.6250,-1019
1883626.6875,-3257
1883626.7500,-5286
1883626.8125,-3983
1883626.8750,-1697
1883626.9375,-568
1883627.0000,-152
1883627.0625,695
1883627.1250,2317
1883627.1875,1372
1883627.2500,-1616
1883627.3125,-1715
1883627.3750,1556
1883627.4375,3018
1883627.5000,-780
1883627.5625,-4116
1883627.6250,-3560
1883627.6875,-1261
1883627.7500,859
1883627.8125,1301
1883627.8750,370
1883627.9375,110
1883628.0000,2035
1883628.0625,3312
1883628.1250,2833
1883628.1875,742
1883628.2500,-882
1883628.3125,134
1883628.3750,1690
1883628.4375,873
1883628.5000,-1156
1883628.5625,-3343
1883628.6250,-4862
1883628.6875,-5417
1883628.7500,-4968
1883628.8125,-3047
1883628.8750,-1016
1883628.9375,-2080
1883629.0000,-5032
1883629.0625,-5670
1883629.1250,-4363
1883629.1875,-4044
1883629.2500,-4433
1883629.3125,-3738
1883629.3750,-2021
1883629.4375,-404
1883629.5000,1026
1883629.5625,2188
1883629.6250,1189
1883629.6875,-202
1883629.7500,742
1883629.8125,1879
1883629.8750,294
1883629.9375,-1264
1883630.0000,65
1883630.0625,3482
1883630.1250,4834
1883630.1875,2303
1883630.2500,-1544
1883630.3125,-2922
1883630.3750,-2095
1883630.4375,-1754
1883630.5000,-1957
1883630.5625,-2829
1883630.6250,-3713
1883630.6875,-2977
1883630.7500,298
1883630.8125,1889
1883630.8750,-1774
1883630.9375,-6924
1883631.0000,-8644
1883631.0625,-6795
1883631.1250,-4933
1883631.1875,-5736
1883631.2500,-7697
1883631.3125,-6922
1883631.3750,-4278
1883631.4375,-2625
1883631.5000,-3446
1883631.5625,-6053
1883631.6250,-8406
1883631.6875,-8278
1883631.7500,-7067
1883631.8125,-6150
1883631.8750,-7604
1883631.9375,-9810
1883632.0000,-8363
1883632.0625,-4614
1883632.1250,-3406
1883632.1875,-5713
1883632.2500,-8257
1883632.3125,-6879
1883632.3750,-1843
1883632.4375,1143
1883632.5000,-321
1883632.5625,-2807
1883632.6250,-2175
1883632.6875,501
1883632.7500,2078
1883632.8125,1064
1883632.8750,-948
1883632.9375,-3411
1883633.0000,-4834
1883633.0625,-4196
1883633.1250,-2575
1883633.1875,-1918
1883633.2500,-2771
1883633.3125,-4119
1883633.3750,-4056
1883633.4375,-1701
1883633.5000,-1251
1883633.5625,-5102
1883633.6250,-7907
1883633.6875,-5543
1883633.7500,-1989
1883633.8125,-2408
1883633.8750,-4998
1883633.9375,-3583
1883634.0000,1485
1883634.0625,4016
1883634.1250,1795
1883634.1875,-1414
1883634.2500,-2065
1883634.3125,-396
1883634.3750,1145
1883634.4375,853
1883634.5000,-410
1883634.5625,-1846
1883634.6250,-3207
1883634.6875,-3386
1883634.7500,-2002
1883634.8125,-1383
1883634.8750,-2990
1883634.9375,-4416
1883635.0000,-3144
1883635.0625,-987
1883635.1250,-1007
1883635.1875,-2798
1883635.2500,-3456
1883635.3125,-2050
1883635.3750,-838
1883635.4375,-1564
1883635.5000,-2774
1883635.5625,-3238
1883635.6250,-2813
1883635.6875,-2547
1883635.7500,-3125
1883635.8125,-4118
1883635.8750,-4767
1883635.9375,-5739
1883636.0000,-6808
1883636.0625,-6876
1883636.1250,-6611
1883636.1875,-6753
1883636.2500,-5914
1883636.3125,-3561
1883636.3750,-1243
1883636.4375,-858
1883636.5000,-1974
1883636.5625,-2138
1883636.6250,-456
1883636.6875,523
1883636.7500,-777
1883636.8125,-2230
1883636.8750,-2112
1883636.9375,-897
1883637.0000,-112
1883637.0625,-1256
1883637.1250,-3503
1883637.1875,-4445
1883637.2500,-3584
1883637.3125,-1945
1883637.3750,-1264
1883637.4375,-1714
1883637.5000,-2696
1883637.5625,-2711
1883637.6250,-2186
1883637.6875,-2511
1883637.7500,-3843
1883637.8125,-4739
1883637.8750,-4405
1883637.9375,-3513
1883638.0000,-2955
1883638.0625,-2723
1883638.1250,-3507
1883638.1875,-5097
1883638.2500,-5909
1883638.3125,-5818
1883638.3750,-5870
1883638.4375,-6653
1883638.5000,-7234
1883638.5625,-6828
1883638.6250,-5659
1883638.6875,-4670
1883638.7500,-4797
1883638.8125,-6337
1883638.8750,-6407
1883638.9375,-5140
1883639.0000,-5583
1883639.0625,-8526
1883639.1250,-11013
1883639.1875,-10659
1883639.2500,-7702
1883639.3125,-4236
1883639.3750,-3094
1883639.4375,-4485
1883639.5000,-5169
1883639.5625,-2662
1883639.6250,636
1883639.6875,785
1883639.7500,-1987
1883639.8125,-3424
1883639.8750,-1952
1883639.9375,-248
1883640.0000,-475
1883640.0625,-1482
1883640.1250,-1256
1883640.1875,-834
1883640.2500,-1760
1883640.3125,-3831
1883640.3750,-5158
1883640.4375,-5182
1883640.5000,-4786
1883640.5625,-4187
1883640.6250,-2706
1883640.6875,-2431
1883640.7500,-4225
1883640.8125,-5343
1883640.8750,-3720
1883640.9375,-1222
1883641.0000,-404
1883641.0625,-1521
1883641.1250,-1725
1883641.1875,563
1883641.2500,3100
1883641.3125,3205
1883641.3750,1489
1883641.4375,537
1883641.5000,112
1883641.5625,-620
1883641.6250,-1593
1883641.6875,-2273
1883641.7500,-2303
1883641.8125,-1893
1883641.8750,-505
1883641.9375,1018
1883642.0000,503
1883642.0625,-1835
1883642.1250,-2973
1883642.1875,-1432
1883642.2500,308
1883642.3125,-596
1883642.3750,-2570
1883642.4375,-2725
1883642.5000,-620
1883642.5625,1479
1883642.6250,2113
1883642.6875,1514
1883642.7500,277
1883642.8125,-713
1883642.8750,-1049
1883642.9375,-1881
1883643.0000,-3229
1883643.0625,-3718
1883643.1250,-3102
1883643.1875,-2316
1883643.2500,-1384
1883643.3125,-479
1883643.3750,-559
1883643.4375,-1557
1883643.5000,-1825
1883643.5625,-1609
1883643.6250,-2221
1883643.6875,-3144
1883643.7500,-3156
1883643.8125,-2486
1883643.8750,-1465
1883643.9375,-500
1883644.0000,982
1883644.0625,2478
1883644.1250,2345
1883644.1875,710
1883644.2500,-913
1883644.3125,-1165
1883644.3750,-124
1883644.4375,851
1883644.5000,785
1883644.5625,-75
1883644.6250,-80
1883644.6875,1646
1883644.7500,3981
1883644.8125,4066
1883644.8750,1649
1883644.9375,-544
1883645.0000,-1556
1883645.0625,-2279
1883645.1250,-2867
1883645.1875,-2651
1883645.2500,-2366
1883645.3125,-2804
1883645.3750,-3186
1883645.4375,-2555
1883645.5000,-1542
1883645.5625,-1338
1883645.6250,-1592
1883645.6875,-1373
1883645.7500,-1080
1883645.8125,-1599
1883645.8750,-2185
1883645.9375,-1676
1883646.0000,-46
1883646.0625,930
1883646.1250,-209
1883646.1875,-2442
1883646.2500,-3026
1883646.3125,-1333
1883646.3750,492
1883646.4375,320
1883646.5000,-1177
1883646.5625,-1473
1883646.6250,511
1883646.6875,2756
1883646.7500,3693
1883646.8125,3386
1883646.8750,3211
1883646.9375,4125
1883647.0000,5856
1883647.0625,6967
1883647.1250,6493
1883647.1875,4765
1883647.2500,3367
1883647.3125,3348
1883647.3750,4605
1883647.4375,5010
1883647.5000,2745
1883647.5625,-616
1883647.6250,-1150
1883647.6875,1263
1883647.7500,2934
1883647.8125,2175
1883647.8750,571
1883647.9375,241
1883648.0000,1381
1883648.0625,2483
1883648.1250,1890
1883648.1875,246
1883648.2500,-1015
1883648.3125,-601
1883648.3750,1778
1883648.4375,4695
1883648.5000,5182
1883648.5625,4306
1883648.6250,5621
1883648.6875,9105
1883648.7500,10812
1883648.8125,8598
1883648.8750,5299
1883648.9375,4839
1883649.0000,6833
1883649.0625,8146
1883649.1250,7595
1883649.1875,6272
1883649.2500,5594
1883649.3125,6684
1883649.3750,9020
1883649.4375,9862
1883649.5000,7542
1883649.5625,4853
1883649.6250,4561
1883649.6875,5693
1883649.7500,5648
1883649.8125,4301
1883649.8750,3208
1883649.9375,4147
1883650.0000,6500
1883650.0625,7834
1883650.1250,5855
1883650.1875,2642
1883650.2500,2349
1883650.3125,4379
1883650.3750,5212
1883650.4375,3688
1883650.5000,779
1883650.5625,-1013
1883650.6250,147
1883650.6875,3113
1883650.7500,5316
1883650.8125,5876
1883650.8750,5252
1883650.9375,4872
1883651.0000,5352
1883651.0625,5663
1883651.1250,5311
1883651.1875,4782
1883651.2500,5085
1883651.3125,6217
1883651.3750,6644
1883651.4375,5161
1883651.5000,3136
1883651.5625,2599
1883651.6250,3787
1883651.6875,5440
1883651.7500,5676
1883651.8125,3236
1883651.8750,105
1883651.9375,274
1883652.0000,2638
1883652.0625,3653
1883652.1250,2181
1883652.1875,461
1883652.2500,305
1883652.3125,1380
1883652.3750,2563
1883652.4375,2596
1883652.5000,1546
1883652.5625,672
1883652.6250,880
1883652.6875,1436
1883652.7500,1529
1883652.8125,609
1883652.8750,-82
1883652.9375,650
1883653.0000,1901
1883653.0625,2019
1883653.1250,1532
1883653.1875,1326
1883653.2500,1553
1883653.3125,1465
1883653.3750,808
1883653.4375,339
1883653.5000,266
1883653.5625,271
1883653.6250,619
1883653.6875,1461
1883653.7500,1744
1883653.8125,1504
1883653.8750,1491
1883653.9375,3273
1883654.0000,7304
1883654.0625,9159
1883654.1250,7578
1883654.1875,6407
1883654.2500,6423
1883654.3125,5674
1883654.3750,5160
1883654.4375,4594
1883654.5000,5865
1883654.5625,7605
1883654.6250,7747
1883654.6875,6188
1883654.7500,4821
1883654.8125,2233
1883654.8750,-951
1883654.9375,-683
1883655.0000,2864
1883655.0625,5023
1883655.1250,3008
1883655.1875,-846
1883655.2500,-3188
1883655.3125,-3495
1883655.3750,-2159
1883655.4375,1265
1883655.5000,5741
1883655.5625,8236
1883655.6250,5866
1883655.6875,1083
1883655.7500,-2842
1883655.8125,-4256
1883655.8750,-1487
1883655.9375,2556
1883656.0000,3910
1883656.0625,2777
1883656.1250,995
1883656.1875,1106
1883656.2500,2915
1883656.3125,4317
1883656.3750,4150
1883656.4375,3199
1883656.5000,2079
1883656.5625,1214
1883656.6250,-313
1883656.6875,-2614
1883656.7500,-2739
1883656.8125,-777
1883656.8750,999
1883656.9375,2676
1883657.0000,2407
1883657.0625,-1066
1883657.1250,-3816
1883657.1875,-3104
1883657.2500,450
1883657.3125,3280
1883657.3750,2245
1883657.4375,-783
1883657.5000,-2027
1883657.5625,-1995
1883657.6250,-1646
1883657.6875,662
1883657.7500,2098
1883657.8125,1076
1883657.8750,-425
1883657.9375,-1449
1883658.0000,-2022
1883658.0625,-1326
1883658.1250,128
1883658.1875,2495
1883658.2500,5158
1883658.3125,5796
1883658.3750,3489
1883658.4375,1144
1883658.5000,882
1883658.5625,1984
1883658.6250,2395
1883658.6875,688
1883658.7500,-1794
1883658.8125,-2500
1883658.8750,-1336
1883658.9375,-235
1883659.0000,1273
1883659.0625,2543
1883659.1250,2856
1883659.1875,3519
1883659.2500,3790
1883659.3125,2280
1883659.3750,712
1883659.4375,-64
1883659.5000,159
1883659.5625,1051
1883659.6250,784
1883659.6875,-879
1883659.7500,-3051
1883659.8125,-5183
1883659.8750,-5136
1883659.9375,-2975
1883660.0000,-1604
1883660.0625,-1482
1883660.1250,-1966
1883660.1875,-2231
1883660.2500,-1259
1883660.3125,409
1883660.3750,520
1883660.4375,361
1883660.5000,1144
1883660.5625,2274
1883660.6250,2723
1883660.6875,1744
1883660.7500,568
1883660.8125,475
1883660.8750,1144
1883660.9375,2310
1883661.0000,3058
1883661.0625,2373
1883661.1250,1070
1883661.1875,454
1883661.2500,144
1883661.3125,484
1883661.3750,2055
1883661.4375,3462
1883661.5000,3536
1883661.5625,3080
1883661.6250,2710
1883661.6875,1634
1883661.7500,-44
1883661.8125,-1127
1883661.8750,-417
1883661.9375,587
1883662.0000,261
1883662.0625,-1283
1883662.1250,-2877
1883662.1875,-3978
1883662.2500,-3904
1883662.3125,-2286
1883662.3750,144
1883662.4375,943
1883662.5000,7
1883662.5625,-30
1883662.6250,1396
1883662.6875,1895
1883662.7500,924
1883662.8125,175
1883662.8750,527
1883662.9375,1705
1883663.0000,2905
1883663.0625,2844
1883663.1250,1916
1883663.1875,2189
1883663.2500,4084
1883663.3125,5750
1883663.3750,4909
1883663.4375,1917
1883663.5000,-213
1883663.5625,596
1883663.6250,3020
1883663.6875,3914
1883663.7500,2188
1883663.8125,-286
1883663.8750,-1293
1883663.9375,-306
1883664.0000,1322
1883664.0625,421
1883664.1250,-2357
1883664.1875,-3526
1883664.2500,-2421
1883664.3125,-1244
1883664.3750,-2285
1883664.4375,-5389
1883664.5000,-7434
1883664.5625,-4823
1883664.6250,-1182
1883664.6875,-688
1883664.7500,-2588
1883664.8125,-3686
1883664.8750,-2594
1883664.9375,-1541
1883665.0000,-2236
1883665.0625,-4884
1883665.1250,-7046
1883665.1875,-6116
1883665.2500,-3316
1883665.3125,-1629
1883665.3750,-1935
1883665.4375,-2096
1883665.5000,-1843
1883665.5625,-181
1883665.6250,1241
1883665.6875,392
1883665.7500,-1329
1883665.8125,-1470
1883665.8750,-471
1883665.9375,1404
1883666.0000,1999
1883666.0625,282
1883666.1250,-2049
1883666.1875,-2162
1883666.2500,-422
1883666.3125,682
1883666.3750,-748
1883666.4375,-2769
1883666.5000,-2692
1883666.5625,-1156
1883666.6250,-864
1883666.6875,-1782
1883666.7500,-2314
1883666.8125,-2604
1883666.8750,-3129
1883666.9375,-3031
1883667.0000,-1649
1883667.0625,-2335
1883667.1250,-4975
1883667.1875,-5185
1883667.2500,-3238
1883667.3125,-1909
1883667.3750,-1567
1883667.4375,-1268
1883667.5000,-372
1883667.5625,553
1883667.6250,-22
1883667.6875,-1565
1883667.7500,-1720
1883667.8125,-1047
1883667.8750,-1055
1883667.9375,-381
1883668.0000,-262
1883668.0625,-1241
1883668.1250,-2320
1883668.1875,-2662
1883668.2500,-3055
1883668.3125,-3607
1883668.3750,-4192
1883668.4375,-4261
1883668.5000,-3327
1883668.5625,-2234
1883668.6250,-2079
1883668.6875,-3227
1883668.7500,-3926
1883668.8125,-3225
1883668.8750,-1204
1883668.9375,9
1883669.0000,-430
1883669.0625,-1280
1883669.1250,-1582
1883669.1875,-1577
1883669.2500,-957
1883669.3125,-1351
1883669.3750,-3130
1883669.4375,-3683
1883669.5000,-2911
1883669.5625,-2063
1883669.6250,-1580
1883669.6875,-2391
1883669.7500,-3216
1883669.8125,-2093
1883669.8750,-847
1883669.9375,-1024
1883670.0000,-1853
1883670.0625,-2359
1883670.1250,-1419
1883670.1875,435
1883670.2500,576
1883670.3125,-840
1883670.3750,-2235
1883670.4375,-2447
1883670.5000,-1108
1883670.5625,374
1883670.6250,-405
1883670.6875,-2517
1883670.7500,-3411
1883670.8125,-2603
1883670.8750,-854
1883670.9375,-218
1883671.0000,-2257
1883671.0625,-5004
1883671.1250,-5430
1883671.1875,-3429
1883671.2500,-1747
1883671.3125,-2076
1883671.3750,-3637
1883671.4375,-4398
1883671.5000,-3787
1883671.5625,-3830
1883671.6250,-5701
1883671.6875,-7656
1883671.7500,-7001
1883671.8125,-3439
1883671.8750,-274
1883671.9375,-775
1883672.0000,-3747
1883672.0625,-5202
1883672.1250,-3411
1883672.1875,-879
1883672.2500,-798
1883672.3125,-3657
1883672.3750,-6465
1883672.4375,-5953
1883672.5000,-2802
1883672.5625,-402
1883672.6250,-1201
1883672.6875,-3597
1883672.7500,-4040
1883672.8125,-1759
1883672.8750,211
1883672.9375,-378
1883673.0000,-1569
1883673.0625,-1236
1883673.1250,-238
1883673.1875,-186
1883673.2500,-1929
1883673.3125,-4578
1883673.3750,-5849
1883673.4375,-4450
1883673.5000,-2229
1883673.5625,-2020
1883673.6250,-4846
1883673.6875,-7484
1883673.7500,-6201
1883673.8125,-2999
1883673.8750,-1973
1883673.9375,-3892
1883698.0000,93
1883698.0625,-1650
1883698.1250,-1994
1883698.1875,-2004
1883698.2500,-1631
1883698.3125,271
1883698.3750,2336
1883698.4375,2860
1883698.5000,2072
1883698.5625,754
1883698.6250,-61
1883698.6875,589
1883698.7500,2629
1883698.8125,4156
1883698.8750,2761
1883698.9375,-675
1883699.0000,-2361
1883699.0625,-486
1883699.1250,1952
1883699.1875,1938
1883699.2500,127
1883699.3125,-2224
1883699.3750,-3202
1883699.4375,-1628
1883699.5000,106
1883699.5625,-111
1883699.6250,-1497
1883699.6875,-1924
1883699.7500,-601
1883699.8125,1054
1883699.8750,1259
1883699.9375,204
1883700.0000,-509
1883700.0625,-35
1883700.1250,600
1883700.1875,115
1883700.2500,-1027
1883700.3125,-1533
1883700.3750,-933
1883700.4375,330
1883700.5000,1290
1883700.5625,1134
1883700.6250,602
1883700.6875,1007
1883700.7500,1988
1883700.8125,2195
1883700.8750,1477
1883700.9375,1075
1883701.0000,2470
1883701.0625,5209
1883701.1250,6283
1883701.1875,3099
1883701.2500,-1964
1883701.3125,-3900
1883701.3750,-1565
1883701.4375,1572
1883701.5000,1940
1883701.5625,-995
1883701.6250,-3146
1883701.6875,-2200
1883701.7500,70
1883701.8125,940
1883701.8750,-1577
1883701.9375,-4823
1883702.0000,-4697
1883702.0625,-1951
1883702.1250,-443
1883702.1875,710
1883702.2500,208
1883702.3125,-1346
1883702.3750,-2080
1883702.4375,-1124
1883702.5000,-732
1883702.5625,-3165
1883702.6250,-5165
1883702.6875,-4460
1883702.7500,-1782
1883702.8125,538
1883702.8750,-165
1883702.9375,-2901
1883703.0000,-3358
1883703.0625,-699
1883703.1250,-513
1883703.1875,-2637
1883703.2500,-3166
1883703.3125,-1972
1883703.3750,34
1883703.4375,1280
1883703.5000,-530
1883703.5625,-2910
1883703.6250,-3742
1883703.6875,-3007
1883703.7500,-2368
1883703.8125,-2632
1883703.8750,-3615
1883703.9375,-3981
1883704.0000,-3074
1883704.0625,-833
1883704.1250,660
1883704.1875,-466
1883704.2500,-2744
1883704.3125,-2631
1883704.3750,-467
1883704.4375,-245
1883704.5000,-2481
1883704.5625,-4118
1883704.6250,-2511
1883704.6875,-72
1883704.7500,202
1883704.8125,-1397
1883704.8750,-3743
1883704.9375,-5183
1883705.0000,-3588
1883705.0625,242
1883705.1250,3048
1883705.1875,1709
1883705.2500,-2188
1883705.3125,-3677
1883705.3750,-1784
1883705.4375,-418
1883705.5000,-1388
1883705.5625,-2696
1883705.6250,-3111
1883705.6875,-2278
1883705.7500,-1848
1883705.8125,-1908
1883705.8750,-1943
1883705.9375,-1569
1883706.0000,-1085
1883706.0625,-1241
1883706.1250,-2392
1883706.1875,-3593
1883706.2500,-3305
1883706.3125,-2183
1883706.3750,-1209
1883706.4375,-1721
1883706.5000,-3843
1883706.5625,-5617
1883706.6250,-4673
1883706.6875,-2305
1883706.7500,-1038
1883706.8125,-2310
1883706.8750,-4296
1883706.9375,-4764
1883707.0000,-3286
1883707.0625,-1488
1883707.1250,-1427
1883707.1875,-2911
1883707.2500,-3313
1883707.3125,-1842
1883707.3750,-141
1883707.4375,306
1883707.5000,-818
1883707.5625,-2416
1883707.6250,-3005
1883707.6875,-2620
1883707.7500,-2899
1883707.8125,-3960
1883707.8750,-3655
1883707.9375,-1995
1883708.0000,-1642
1883708.0625,-2762
1883708.1250,-3877
1883708.1875,-4099
1883708.2500,-2916
1883708.3125,-681
1883708.3750,-40
1883708.4375,-1731
1883708.5000,-3916
1883708.5625,-4369
1883708.6250,-2322
1883708.6875,83
1883708.7500,5
1883708.8125,-1898
1883708.8750,-3002
1883708.9375,-2509
1883709.0000,-901
1883709.0625,-715
1883709.1250,-2374
1883709.1875,-3850
1883709.2500,-3608
1883709.3125,-2525
1883709.3750,-1963
1883709.4375,-2346
1883709.5000,-2670
1883709.5625,-1728
1883709.6250,290
1883709.6875,1191
1883709.7500,-604
1883709.8125,-2819
1883709.8750,-2882
1883709.9375,-1203
1883710.0000,-192
1883710.0625,-1207
1883710.1250,-3144
1883710.1875,-4342
1883710.2500,-4159
1883710.3125,-3714
1883710.3750,-4480
1883710.4375,-5666
1883710.5000,-5871
1883710.5625,-5550
1883710.6250,-5069
1883710.6875,-5154
1883710.7500,-6216
1883710.8125,-7350
1883710.8750,-7013
1883710.9375,-5593
1883711.0000,-5164
1883711.0625,-5900
1883711.1250,-6233
1883711.1875,-5460
1883711.2500,-3779
1883711.3125,-2244
1883711.3750,-2021
1883711.4375,-2312
1883711.5000,-1582
1883711.5625,-809
1883711.6250,-1419
1883711.6875,-3040
1883711.7500,-4650
1883711.8125,-4974
1883711.8750,-3407
1883711.9375,-1793
1883712.0000,-1821
1883712.0625,-2872
1883712.1250,-3499
1883712.1875,-3289
1883712.2500,-3279
1883712.3125,-4132
1883712.3750,-5157
1883712.4375,-5337
1883712.5000,-4356
1883712.5625,-2755
1883712.6250,-1952
1883712.6875,-2241
1883712.7500,-2480
1883712.8125,-1753
1883712.8750,-307
1883712.9375,256
1883713.0000,-1689
1883713.0625,-4650
1883713.1250,-5342
1883713.1875,-3836
1883713.2500,-2604
1883713.3125,-3031
1883713.3750,-4114
1883713.4375,-3990
1883713.5000,-2742
1883713.5625,-2569
1883713.6250,-3762
1883713.6875,-4410
1883713.7500,-3142
1883713.8125,-1148
1883713.8750,-740
1883713.9375,-2391
1883714.0000,-4667
1883714.0625,-5518
1883714.1250,-4677
1883714.1875,-3517
1883714.2500,-3124
1883714.3125,-3331
1883714.3750,-4232
1883714.4375,-5056
1883714.5000,-5033
1883714.5625,-3976
1883714.6250,-2967
1883714.6875,-2904
1883714.7500,-2926
1883714.8125,-2126
1883714.8750,-946
1883714.9375,-758
1883715.0000,-1166
1883715.0625,-956
1883715.1250,-290
1883715.1875,-313
1883715.2500,-1745
1883715.3125,-2955
1883715.3750,-2352
1883715.4375,-594
1883715.5000,435
1883715.5625,-383
1883715.6250,-2073
1883715.6875,-3359
1883715.7500,-4181
1883715.8125,-4703
1883715.8750,-4582
1883715.9375,-3682
1883716.0000,-2974
1883716.0625,-2537
1883716.1250,-2485
1883716.1875,-2907
1883716.2500,-2833
1883716.3125,-2432
1883716.3750,-3197
1883716.4375,-4620
1883716.5000,-5118
1883716.5625,-4316
1883716.6250,-2895
1883716.6875,-1450
1883716.7500,-797
1883716.8125,-607
1883716.8750,-758
1883716.9375,-598
1883717.0000,169
1883717.0625,-81
1883717.1250,-1640
1883717.1875,-2001
1883717.2500,-711
1883717.3125,477
1883717.3750,-166
1883717.4375,-2183
1883717.5000,-2601
1883717.5625,-441
1883717.6250,1796
1883717.6875,2451
1883717.7500,1747
1883717.8125,-141
1883717.8750,-1910
1883717.9375,-2459
1883718.0000,-1904
1883718.0625,-1273
1883718.1250,-1579
1883718.1875,-2287
1883718.2500,-2757
1883718.3125,-2694
1883718.3750,-1755
1883718.4375,-719
1883718.5000,-959
1883718.5625,-1813
1883718.6250,-2981
1883718.6875,-3965
1883718.7500,-3214
1883718.8125,-1322
1883718.8750,-66
1883718.9375,810
1883719.0000,1368
1883719.0625,1455
1883719.1250,1440
1883719.1875,1572
1883719.2500,2272
1883719.3125,3617
1883719.3750,4442
1883719.4375,3557
1883719.5000,1819
1883719.5625,680
1883719.6250,762
1883719.6875,1517
1883719.7500,1222
1883719.8125,-672
1883719.8750,-2098
1883719.9375,-1683
1883720.0000,138
1883720.0625,1974
1883720.1250,2540
1883720.1875,1969
1883720.2500,1349
1883720.3125,1172
1883720.3750,770
1883720.4375,210
1883720.5000,-185
1883720.5625,2
1883720.6250,388
1883720.6875,771
1883720.7500,1489
1883720.8125,2441
1883720.8750,2634
1883720.9375,1669
1883721.0000,-73
1883721.0625,-2019
1883721.1250,-3117
1883721.1875,-3360
1883721.2500,-2797
1883721.3125,-1514
1883721.3750,-548
1883721.4375,-476
1883721.5000,-61
1883721.5625,1290
1883721.6250,2443
1883721.6875,1936
1883721.7500,-245
1883721.8125,-1421
1883721.8750,218
1883721.9375,3061
1883722.0000,4360
1883722.0625,3830
1883722.1250,3266
1883722.1875,4138
1883722.2500,5760
1883722.3125,6830
1883722.3750,6514
1883722.4375,4892
1883722.5000,3057
1883722.5625,2314
1883722.6250,2542
1883722.6875,3066
1883722.7500,3420
1883722.8125,3702
1883722.8750,3746
1883722.9375,3528
1883723.0000,3034
1883723.0625,2773
1883723.1250,3020
1883723.1875,3692
1883723.2500,3776
1883723.3125,2862
1883723.3750,1632
1883723.4375,1441
1883723.5000,3467
1883723.5625,6097
1883723.6250,6311
1883723.6875,3813
1883723.7500,1856
1883723.8125,2727
1883723.8750,4818
1883723.9375,5543
1883724.0000,4821
1883724.0625,3796
1883724.1250,3674
1883724.1875,5064
1883724.2500,6484
1883724.3125,5967
1883724.3750,3645
1883724.4375,1666
1883724.5000,1758
1883724.5625,3310
1883724.6250,4541
1883724.6875,3976
1883724.7500,3127
1883724.8125,3956
1883724.8750,5448
1883724.9375,5529
1883725.0000,4180
1883725.0625,3143
1883725.1250,3766
1883725.1875,5122
1883725.2500,5724
1883725.3125,5494
1883725.3750,4496
1883725.4375,3183
1883725.5000,2748
1883725.5625,3026
1883725.6250,2264
1883725.6875,163
1883725.7500,-756
1883725.8125,849
1883725.8750,2501
1883725.9375,2664
1883726.0000,1954
1883726.0625,1335
1883726.1250,1952
1883726.1875,4163
1883726.2500,5563
1883726.3125,4154
1883726.3750,2336
1883726.4375,3094
1883726.5000,5622
1883726.5625,6764
1883726.6250,5393
1883726.6875,4050
1883726.7500,5373
1883726.8125,7565
1883726.8750,8044
1883726.9375,6885
1883727.0000,5256
1883727.0625,3800
1883727.1250,3483
1883727.1875,3771
1883727.2500,3306
1883727.3125,2304
1883727.3750,1737
1883727.4375,2269
1883727.5000,3596
1883727.5625,4520
1883727.6250,3650
1883727.6875,1499
1883727.7500,813
1883727.8125,2813
1883727.8750,4497
1883727.9375,3653
1883728.0000,1635
1883728.0625,643
1883728.1250,956
1883728.1875,1398
1883728.2500,1435
1883728.3125,936
1883728.3750,788
1883728.4375,2594
1883728.5000,4932
1883728.5625,6638
1883728.6250,7608
1883728.6875,7802
1883728.7500,6860
1883728.8125,6457
1883728.8750,5443
1883728.9375,4335
1883729.0000,5275
1883729.0625,7901
1883729.1250,8754
1883729.1875,7589
1883729.2500,5006
1883729.3125,165
1883729.3750,-1134
1883729.4375,4085
1883729.5000,8885
1883729.5625,6880
1883729.6250,1263
1883729.6875,-3271
1883729.7500,-4366
1883729.8125,-1213
1883729.8750,2096
1883729.9375,2741
1883730.0000,2695
1883730.0625,2281
1883730.1250,547
1883730.1875,-1228
1883730.2500,-1218
1883730.3125,1187
1883730.3750,4032
1883730.4375,3738
1883730.5000,1255
1883730.5625,-218
1883730.6250,-177
1883730.6875,739
1883730.7500,2026
1883730.8125,1298
1883730.8750,-718
1883730.9375,-1619
1883731.0000,-683
1883731.0625,1087
1883731.1250,1569
1883731.1875,1753
1883731.2500,1035
1883731.3125,601
1883731.3750,3137
1883731.4375,4914
1883731.5000,1617
1883731.5625,-1631
1883731.6250,424
1883731.6875,2686
1883731.7500,2689
1883731.8125,1076
1883731.8750,-1538
1883731.9375,-1735
1883732.0000,462
1883732.0625,1007
1883732.1250,1397
1883732.1875,2458
1883732.2500,1090
1883732.3125,-503
1883732.3750,534
1883732.4375,1136
1883732.5000,-391
1883732.5625,-1980
1883732.6250,-2852
1883732.6875,-2178
1883732.7500,-466
1883732.8125,-689
1883732.8750,-1631
1883732.9375,-709
1883733.0000,446
1883733.0625,56
1883733.1250,-541
1883733.1875,522
1883733.2500,1335
1883733.3125,1563
1883733.3750,2609
1883733.4375,4091
1883733.5000,4352
1883733.5625,3425
1883733.6250,2864
1883733.6875,2658
1883733.7500,2247
1883733.8125,2192
1883733.8750,2404
1883733.9375,2317
1883734.0000,3496
1883734.0625,5916
1883734.1250,6846
1883734.1875,6199
1883734.2500,4432
1883734.3125,1083
1883734.3750,-1690
1883734.4375,-2193
1883734.5000,-1180
1883734.5625,341
1883734.6250,654
1883734.6875,-334
1883734.7500,-84
1883734.8125,472
1883734.8750,575
1883734.9375,964
1883735.0000,335
1883735.0625,-1008
1883735.1250,-1884
1883735.1875,-2608
1883735.2500,-3307
1883735.3125,-2909
1883735.3750,-1899
1883735.4375,-1346
1883735.5000,-1618
1883735.5625,-2290
1883735.6250,-2303
1883735.6875,-1919
1883735.7500,-1357
1883735.8125,-435
1883735.8750,501
1883735.9375,866
1883736.0000,582
1883736.0625,44
1883736.1250,-262
1883736.1875,339
1883736.2500,1017
1883736.3125,1145
1883736.3750,1493
1883736.4375,1695
1883736.5000,1474
1883736.5625,741
1883736.6250,-447
1883736.6875,-1433
1883736.7500,-1060
1883736.8125,92
1883736.8750,907
1883736.9375,741
1883737.0000,178
1883737.0625,1029
1883737.1250,2359
1883737.1875,1351
1883737.2500,-1176
1883737.3125,-2392
1883737.3750,-2235
1883737.4375,-1282
1883737.5000,-599
1883737.5625,-1225
1883737.6250,-2521
1883737.6875,-3566
1883737.7500,-3372
1883737.8125,-952
1883737.8750,535
1883737.9375,-1189
1883738.0000,-3108
1883738.0625,-2270
1883738.1250,-233
1883738.1875,696
1883738.2500,-303
1883738.3125,-2035
1883738.3750,-1665
1883738.4375,1133
1883738.5000,3239
1883738.5625,2468
1883738.6250,554
1883738.6875,525
1883738.7500,2330
1883738.8125,3354
1883738.8750,1826
1883738.9375,-2127
1883739.0000,-4290
1883739.0625,-2481
1883739.1250,757
1883739.1875,1244
1883739.2500,-1930
1883739.3125,-4703
1883739.3750,-3068
1883739.4375,1655
1883739.5000,3027
1883739.5625,-1072
1883739.6250,-6701
1883739.6875,-6956
1883739.7500,-2840
1883739.8125,-455
1883739.8750,-2290
1883739.9375,-4884
1883740.0000,-4099
1883740.0625,-1239
1883740.1250,1768
1883740.1875,1625
1883740.2500,-1700
1883740.3125,-2767
1883740.3750,302
1883740.4375,3734
1883740.5000,3694
1883740.5625,1251
1883740.6250,-1323
1883740.6875,-1745
1883740.7500,-84
1883740.8125,-170
1883740.8750,-2282
1883740.9375,-3485
1883741.0000,-2774
1883741.0625,-385
1883741.1250,1696
1883741.1875,770
1883741.2500,-2638
1883741.3125,-4844
1883741.3750,-4165
1883741.4375,-3421
1883741.5000,-5466
1883741.5625,-7873
1883741.6250,-6813
1883741.6875,-3759
1883741.7500,-2051
1883741.8125,-3344
1883741.8750,-5401
1883741.9375,-5826
1883742.0000,-4579
1883742.0625,-4190
1883742.1250,-4800
1883742.1875,-6285
1883742.2500,-8256
1883742.3125,-8158
1883742.3750,-5340
1883742.4375,-2755
1883742.5000,-2972
1883742.5625,-4552
1883742.6250,-3798
1883742.6875,-1433
1883742.7500,-1272
1883742.8125,-3474
1883742.8750,-5560
1883742.9375,-5719
1883743.0000,-4218
1883743.0625,-2012
1883743.1250,-1610
1883743.1875,-3082
1883743.2500,-3889
1883743.3125,-1759
1883743.3750,1585
1883743.4375,2552
1883743.5000,1573
1883743.5625,612
1883743.6250,809
1883743.6875,1261
1883743.7500,607
1883743.8125,-2339
1883743.8750,-4942
1883743.9375,-4941
1883744.0000,-4325
1883744.0625,-4435
1883744.1250,-4602
1883744.1875,-5555
1883744.2500,-6974
1883744.3125,-7129
1883744.3750,-5771
1883744.4375,-5106
1883744.5000,-6527
1883744.5625,-8143
1883744.6250,-7537
1883744.6875,-5150
1883744.7500,-3422
1883744.8125,-3688
1883744.8750,-5190
1883744.9375,-5200
1883745.0000,-2682
1883745.0625,-769
1883745.1250,-1725
1883745.1875,-3766
1883745.2500,-4686
1883745.3125,-3619
1883745.3750,-1898
1883745.4375,-1399
1883745.5000,-2733
1883745.5625,-3770
1883745.6250,-2011
1883745.6875,1080
1883745.7500,2220
1883745.8125,764
1883745.8750,-1166
1883745.9375,-1924
1883746.0000,-1836
1883746.0625,-2491
1883746.1250,-4276
1883746.1875,-5314
1883746.2500,-4647
1883746.3125,-2888
1883746.3750,-2142
1883746.4375,-3949
1883746.5000,-5915
1883746.5625,-5788
1883746.6250,-4140
1883746.6875,-3336
1883746.7500,-5176
1883746.8125,-7984
1883746.8750,-8352
1883746.9375,-5491
1883747.0000,-1786
1883747.0625,-554
1883747.1250,-2417
1883747.1875,-4037
1883747.2500,-3036
1883747.3125,-410
1883747.3750,833
1883747.4375,-842
1883747.5000,-3946
1883747.5625,-5215
1883747.6250,-3466
1883747.6875,-1622
1883747.7500,-2383
1883747.8125,-4210
1883747.8750,-3865
1883747.9375,-2030
1883748.0000,-1565
1883748.0625,-3807
1883748.1250,-6677
1883748.1875,-7117
1883748.2500,-5216
1883748.3125,-4146
1883748.3750,-5169
1883748.4375,-7534
1883748.5000,-9164
1883748.5625,-8424
1883748.6250,-6795
1883748.6875,-7560
1883748.7500,-10267
1883748.8125,-12142
1883748.8750,-11432
1883748.9375,-9259
1883749.0000,-7439
1883749.0625,-7409
1883749.1250,-8414
1883749.1875,-8154
1883749.2500,-6048
1883749.3125,-4064
1883749.3750,-3517
1883749.4375,-3919
1883749.5000,-2565
1883749.5625,635
1883749.6250,2562
1883749.6875,2027
1883749.7500,497
1883749.8125,660
1883749.8750,2531
1883749.9375,3829
1883750.0000,2419
1883750.0625,-714
1883750.1250,-2881
1883750.1875,-2880
1883750.2500,-2625
1883750.3125,-4110
1883750.3750,-5924
1883750.4375,-6109
1883750.5000,-6188
1883750.5625,-7109
1883750.6250,-7319
1883750.6875,-6590
1883750.7500,-6572
1883750.8125,-6962
1883750.8750,-6451
1883750.9375,-5416
1883751.0000,-4021
1883751.0625,-3464
1883751.1250,-3579
1883751.1875,-2581
1883751.2500,-493
1883751.3125,-1314
1883751.3750,-5337
1883751.4375,-7028
1883751.5000,-4150
1883751.5625,-113
1883751.6250,282
1883751.6875,-2825
1883751.7500,-5484
1883751.8125,-4652
1883751.8750,-1568
1883751.9375,808
1883752.0000,1843
1883752.0625,2011
1883752.1250,127
1883752.1875,-2833
1883752.2500,-6011
1883752.3125,-7463
1883752.3750,-4671
1883752.4375,-1035
1883752.5000,-738
1883752.5625,-2375
1883752.6250,-2942
1883752.6875,-2155
1883752.7500,-945
1883752.8125,297
1883752.8750,278
1883752.9375,-1176
1883753.0000,-3024
1883753.0625,-3865
1883753.1250,-3756
1883753.1875,-2118
1883753.2500,155
1883753.3125,317
1883753.3750,-1089
1883753.4375,-1498
1883753.5000,-1505
1883753.5625,-2236
1883753.6250,-3369
1883753.6875,-4700
1883753.7500,-4822
1883753.8125,-3654
1883753.8750,-4215
1883753.9375,-5551
1883754.0000,-5067
1883754.0625,-3947
1883754.1250,-3060
1883754.1875,-2189
1883754.2500,-3575
1883754.3125,-5578
1883754.3750,-4680
1883754.4375,-2633
1883754.5000,-2016
1883754.5625,-1909
1883754.6250,-1869
1883754.6875,-2035
1883754.7500,-1912
1883754.8125,-1817
1883754.8750,-2901
1883754.9375,-3696
1883755.0000,-2865
1883755.0625,-1837
1883755.1250,-2206
1883755.1875,-2723
1883755.2500,-2862
1883755.3125,-3233
1883755.3750,-3392
1883755.4375,-2771
1883755.5000,-2208
1883755.5625,-3366
1883755.6250,-4807
1883755.6875,-3870
1883755.7500,-2222
1883755.8125,-2692
1883755.8750,-3569
1883755.9375,-2690
1883756.0000,-207
1883756.0625,2998
1883756.1250,4902
1883756.1875,3113
1883756.2500,-111
1883756.3125,-175
1883756.3750,3015
1883756.4375,4990
1883756.5000,3945
1883756.5625,2458
1883756.6250,1966
1883756.6875,719
1883756.7500,-1717
1883756.8125,-3622
1883756.8750,-3366
1883756.9375,-1378
1883757.0000,-780
1883757.0625,-1925
1883757.1250,-2257
1883757.1875,-1114
1883757.2500,-736
1883757.3125,-1449
1883757.3750,-1054
1883757.4375,1349
1883757.5000,3384
1883757.5625,2028
1883757.6250,-376
1883757.6875,-599
1883757.7500,653
1883757.8125,1638
1883757.8750,1880
1883757.9375,1649
1883758.0000,1662
1883758.0625,1560
1883758.1250,528
1883758.1875,-555
1883758.2500,86
1883758.3125,1994
1883758.3750,3115
1883758.4375,2633
1883758.5000,2597
1883758.5625,3830
1883758.6250,4429
1883758.6875,3125
1883758.7500,1010
1883758.8125,-3
1883758.8750,473
1883758.9375,1035
1883759.0000,982
1883759.0625,1552
1883759.1250,3861
1883759.1875,5823
1883759.2500,4840
1883759.3125,2409
1883759.3750,1861
1883759.4375,3210
1883759.5000,3556
1883759.5625,1863
1883759.6250,881
1883759.6875,2246
1883759.7500,4118
1883759.8125,4759
1883759.8750,4497
1883759.9375,4293
1883760.0000,4394
1883760.0625,4736
1883760.1250,4530
1883760.1875,3798
1883760.2500,4017
1883760.3125,4842
1883760.3750,4448
1883760.4375,3367
1883760.5000,3363
1883760.5625,3445
1883760.6250,2807
1883760.6875,2315
1883760.7500,2237
1883760.8125,2392
1883760.8750,2943
1883760.9375,3051
1883761.0000,2577
1883761.0625,2634
1883761.1250,2893
1883761.1875,2618
1883761.2500,1958
1883761.3125,1878
1883761.3750,1967
1883761.4375,1714
1883761.5000,1174
1883761.5625,832
1883761.6250,933
1883761.6875,1974
1883761.7500,2847
1883761.8125,2641
1883761.8750,2115
1883761.9375,2292
1883762.0000,3280
1883762.0625,4234
1883762.1250,4545
1883762.1875,4817
1883762.2500,4815
1883762.3125,5201
1883762.3750,6712
1883762.4375,7796
1883762.5000,8197
1883762.5625,8623
1883762.6250,9379
1883762.6875,10402
1883762.7500,10128
1883762.8125,7293
1883762.8750,3697
1883762.9375,3156
1883763.0000,4309
1883763.0625,3175
1883763.1250,-618
1883763.1875,-2624
1883763.2500,-644
1883763.3125,943
1883763.3750,-479
1883763.4375,-2399
1883763.5000,-1987
1883763.5625,3
1883763.6250,1040
1883763.6875,1180
1883763.7500,1941
1883763.8125,3559
1883763.8750,4769
1883763.9375,5145
1883764.0000,4868
1883764.0625,5019
1883764.1250,5912
1883764.1875,6743
1883764.2500,6969
1883764.3125,7016
1883764.3750,8240
1883764.4375,9624
1883764.5000,9762
1883764.5625,9432
1883764.6250,9609
1883764.6875,8949
1883764.7500,7554
1883764.8125,6468
1883764.8750,6377
1883764.9375,6721
1883765.0000,5902
1883765.0625,4530
1883765.1250,4918
1883765.1875,6496
1883765.2500,6817
1883765.3125,5064
1883765.3750,3497
1883765.4375,3410
1883765.5000,3269
1883765.5625,2285
1883765.6250,1497
1883765.6875,1188
1883765.7500,1239
1883765.8125,1840
1883765.8750,3037
1883765.9375,4456
1883766.0000,4982
1883766.0625,4974
1883766.1250,5097
1883766.1875,5513
1883766.2500,6350
1883766.3125,7632
1883766.3750,8137
1883766.4375,7435
1883766.5000,6546
1883766.5625,6184
1883766.6250,6934
1883766.6875,8161
1883766.7500,9023
1883766.8125,9519
1883766.8750,8883
1883766.9375,7396
1883767.0000,6794
1883767.0625,6613
1883767.1250,4899
1883767.1875,3279
1883767.2500,4076
1883767.3125,4281
1883767.3750,3004
1883767.4375,2553
1883767.5000,2403
1883767.5625,541
1883767.6250,-1709
1883767.6875,-3937
1883767.7500,-4358
1883767.8125,-2559
1883767.8750,-2016
1883767.9375,-3316
1883768.0000,-4126
1883768.0625,-4141
1883768.1250,-5421
1883768.1875,-4995
1883768.2500,-618
1883768.3125,3189
1883768.3750,2470
1883768.4375,-385
1883768.5000,-1645
1883768.5625,-2202
1883768.6250,-1701
1883768.6875,2346
1883768.7500,9272
1883768.8125,14603
1883768.8750,14158
1883768.9375,10560
1883769.0000,7404
1883769.0625,3505
1883769.1250,1745
1883769.1875,2852
1883769.2500,3241
1883769.3125,2323
1883769.3750,631
1883769.4375,-1038
1883769.5000,-1264
1883769.5625,-728
1883769.6250,-1567
1883769.6875,-2667
1883769.7500,-3016
1883769.8125,-2104
1883769.8750,-1513
1883769.9375,-3871
1883770.0000,-5602
1883770.0625,-3458
1883770.1250,-268
1883770.1875,59
1883770.2500,-1998
1883770.3125,-2447
1883770.3750,1487
1883770.4375,5156
1883770.5000,4935
1883770.5625,4265
1883770.6250,4541
1883770.6875,3940
1883770.7500,2598
1883770.8125,1665
1883770.8750,2472
1883770.9375,6238
1883771.0000,9196
1883771.0625,8854
1883771.1250,7202
1883771.1875,5625
1883771.2500,3824
1883771.3125,2535
1883771.3750,1799
1883771.4375,2277
1883771.5000,3894
1883771.5625,4909
1883771.6250,3545
1883771.6875,1095
1883771.7500,575
1883771.8125,1675
1883771.8750,1472
1883771.9375,571
1883772.0000,620
1883772.0625,21
1883772.1250,-1454
1883772.1875,-2110
1883772.2500,117
1883772.3125,3478
1883772.3750,3621
1883772.4375,1109
1883772.5000,411
1883772.5625,915
1883772.6250,742
1883772.6875,586
1883772.7500,895
1883772.8125,1412
1883772.8750,1016
1883772.9375,-95
1883773.0000,-451
1883773.0625,-1298
1883773.1250,-2345
1883773.1875,-176
1883773.2500,3622
1883773.3125,5232
1883773.3750,4588
1883773.4375,3755
1883773.5000,3251
1883773.5625,1716
1883773.6250,-2140
1883773.6875,-4116
1883773.7500,-2426
1883773.8125,-1155
1883773.8750,-2018
1883773.9375,-2637
1883774.0000,-2496
1883774.0625,-2639
1883774.1250,-3146
1883774.1875,-2824
1883774.2500,-1182
1883774.3125,-981
1883774.3750,-3295
1883774.4375,-5935
1883774.5000,-6984
1883774.5625,-5486
1883774.6250,-3142
1883774.6875,-1377
1883774.7500,-475
1883774.8125,-37
1883774.8750,1083
1883774.9375,2213
1883775.0000,3159
1883775.0625,3758
1883775.1250,5129
1883775.1875,6831
1883775.2500,5897
1883775.3125,2253
1883775.3750,-716
1883775.4375,-504
1883775.5000,163
1883775.5625,-1469
1883775.6250,-2635
1883775.6875,-1795
1883775.7500,-886
1883775.8125,-1482
1883775.8750,-2277
1883775.9375,-2364
1883776.0000,-2494
1883776.0625,-2697
1883776.1250,-3146
1883776.1875,-3688
1883776.2500,-3112
1883776.3125,-1045
1883776.3750,478
1883776.4375,1159
1883776.5000,1890
1883776.5625,1746
1883776.6250,816
1883776.6875,535
1883776.7500,888
1883776.8125,1833
1883776.8750,3003
1883776.9375,2264
1883777.0000,558
1883777.0625,957
1883777.1250,2691
1883777.1875,3163
1883777.2500,1550
1883777.3125,-494
1883777.3750,-350
1883777.4375,923
1883777.5000,469
1883777.5625,-1343
1883777.6250,-2074
1883777.6875,-2724
1883777.7500,-2813
1883777.8125,-2528
1883777.8750,-2733
1883777.9375,-3332
1883794.0000,-5941
1883794.0625,-7729
1883794.1250,-8944
1883794.1875,-8193
1883794.2500,-6836
1883794.3125,-7098
1883794.3750,-8281
1883794.4375,-7759
1883794.5000,-4592
1883794.5625,-2113
1883794.6250,-3393
1883794.6875,-5536
1883794.7500,-4024
1883794.8125,26
1883794.8750,1512
1883794.9375,697
1883795.0000,979
1883795.0625,3416
1883795.1250,6138
1883795.1875,7960
1883795.2500,8250
1883795.3125,7863
1883795.3750,7742
1883795.4375,7884
1883795.5000,7817
1883795.5625,6751
1883795.6250,4774
1883795.6875,3477
1883795.7500,3780
1883795.8125,4857
1883795.8750,5375
1883795.9375,3960
1883796.0000,1371
1883796.0625,-635
1883796.1250,-1142
1883796.1875,-1188
1883796.2500,-2382
1883796.3125,-4408
1883796.3750,-5535
1883796.4375,-5414
1883796.5000,-4833
1883796.5625,-4237
1883796.6250,-3015
1883796.6875,-963
1883796.7500,1010
1883796.8125,2555
1883796.8750,3858
1883796.9375,4606
1883797.0000,4061
1883797.0625,3536
1883797.1250,4592
1883797.1875,5307
1883797.2500,3720
1883797.3125,1198
1883797.3750,829
1883797.4375,3384
1883797.5000,6704
1883797.5625,7953
1883797.6250,7014
1883797.6875,5652
1883797.7500,5036
1883797.8125,5272
1883797.8750,5414
1883797.9375,4413
1883798.0000,2237
1883798.0625,284
1883798.1250,411
1883798.1875,2288
1883798.2500,2914
1883798.3125,942
1883798.3750,-1982
1883798.4375,-2882
1883798.5000,-2017
1883798.5625,-2202
1883798.6250,-4601
1883798.6875,-7089
1883798.7500,-7248
1883798.8125,-5697
1883798.8750,-4659
1883798.9375,-3799
1883799.0000,-1839
1883799.0625,942
1883799.1250,3352
1883799.1875,6324
1883799.2500,9528
1883799.3125,10563
1883799.3750,10091
1883799.4375,10309
1883799.5000,11478
1883799.5625,12365
1883799.6250,11439
1883799.6875,9077
1883799.7500,8603
1883799.8125,10885
1883799.8750,11537
1883799.9375,8530
1883800.0000,5686
1883800.0625,5399
1883800.1250,5589
1883800.1875,4393
1883800.2500,2125
1883800.3125,-24
1883800.3750,-1904
1883800.4375,-3225
1883800.5000,-3621
1883800.5625,-2748
1883800.6250,-1172
1883800.6875,-1073
1883800.7500,-2356
1883800.8125,-1802
1883800.8750,945
1883800.9375,2900
1883801.0000,2469
1883801.0625,1045
1883801.1250,479
1883801.1875,342
1883801.2500,-230
1883801.3125,-59
1883801.3750,1387
1883801.4375,2998
1883801.5000,4509
1883801.5625,6977
1883801.6250,9854
1883801.6875,11555
1883801.7500,11510
1883801.8125,10979
1883801.8750,10385
1883801.9375,8607
1883802.0000,6561
1883802.0625,5835
1883802.1250,6763
1883802.1875,8737
1883802.2500,9881
1883802.3125,8497
1883802.3750,5980
1883802.4375,4585
1883802.5000,4030
1883802.5625,2574
1883802.6250,-81
1883802.6875,-1376
1883802.7500,-482
1883802.8125,1355
1883802.8750,2977
1883802.9375,3839
1883803.0000,4942
1883803.0625,5506
1883803.1250,4474
1883803.1875,3117
1883803.2500,2351
1883803.3125,1768
1883803.3750,2838
1883803.4375,4639
1883803.5000,5806
1883803.5625,6126
1883803.6250,5669
1883803.6875,5242
1883803.7500,6347
1883803.8125,5810
1883803.8750,1909
1883803.9375,-379
1883804.0000,2367
1883804.0625,7125
1883804.1250,10081
1883804.1875,9161
1883804.2500,4754
1883804.3125,-784
1883804.3750,-2468
1883804.4375,-733
1883804.5000,1270
1883804.5625,2603
1883804.6250,2456
1883804.6875,1165
1883804.7500,-377
1883804.8125,-206
1883804.8750,1843
1883804.9375,3470
1883805.0000,1017
1883805.0625,-3305
1883805.1250,-4239
1883805.1875,-1982
1883805.2500,240
1883805.3125,2259
1883805.3750,3999
1883805.4375,4663
1883805.5000,3588
1883805.5625,1901
1883805.6250,1389
1883805.6875,1729
1883805.7500,3088
1883805.8125,3131
1883805.8750,1081
1883805.9375,1451
1883806.0000,4123
1883806.0625,4379
1883806.1250,3849
1883806.1875,5143
1883806.2500,4568
1883806.3125,1539
1883806.3750,-988
1883806.4375,-2188
1883806.5000,-333
1883806.5625,2515
1883806.6250,2785
1883806.6875,2702
1883806.7500,4068
1883806.8125,5337
1883806.8750,5355
1883806.9375,3884
1883807.0000,980
1883807.0625,-956
1883807.1250,-1124
1883807.1875,-927
1883807.2500,-146
1883807.3125,1784
1883807.3750,2914
1883807.4375,3048
1883807.5000,2925
1883807.5625,2676
1883807.6250,1668
1883807.6875,-33
1883807.7500,-1315
1883807.8125,-2089
1883807.8750,-1713
1883807.9375,507
1883808.0000,3069
1883808.0625,4215
1883808.1250,4692
1883808.1875,5675
1883808.2500,5426
1883808.3125,3864
1883808.3750,3196
1883808.4375,3013
1883808.5000,1668
1883808.5625,62
1883808.6250,-360
1883808.6875,317
1883808.7500,1417
1883808.8125,1676
1883808.8750,571
1883808.9375,564
1883809.0000,1502
1883809.0625,1100
1883809.1250,286
1883809.1875,1068
1883809.2500,2129
1883809.3125,1843
1883809.3750,-304
1883809.4375,-1488
1883809.5000,716
1883809.5625,3105
1883809.6250,2924
1883809.6875,1573
1883809.7500,605
1883809.8125,584
1883809.8750,1343
1883809.9375,2187
1883810.0000,2531
1883810.0625,2304
1883810.1250,1245
1883810.1875,-106
1883810.2500,-1022
1883810.3125,-1765
1883810.3750,-2567
1883810.4375,-3199
1883810.5000,-3426
1883810.5625,-3597
1883810.6250,-3213
1883810.6875,-1627
1883810.7500,489
1883810.8125,1439
1883810.8750,706
1883810.9375,-672
1883811.0000,-1303
1883811.0625,-1621
1883811.1250,-1764
1883811.1875,-878
1883811.2500,535
1883811.3125,1682
1883811.3750,2264
1883811.4375,1888
1883811.5000,1776
1883811.5625,2236
1883811.6250,2191
1883811.6875,1399
1883811.7500,206
1883811.8125,-758
1883811.8750,-1044
1883811.9375,-677
1883812.0000,33
1883812.0625,337
1883812.1250,-1015
1883812.1875,-2890
1883812.2500,-3095
1883812.3125,-1293
1883812.3750,491
1883812.4375,734
1883812.5000,-270
1883812.5625,-1034
1883812.6250,-856
1883812.6875,-10
1883812.7500,1405
1883812.8125,1609
1883812.8750,-364
1883812.9375,-1407
1883813.0000,-320
1883813.0625,420
1883813.1250,115
1883813.1875,153
1883813.2500,385
1883813.3125,182
1883813.3750,475
1883813.4375,762
1883813.5000,584
1883813.5625,627
1883813.6250,1257
1883813.6875,2539
1883813.7500,3966
1883813.8125,3934
1883813.8750,2280
1883813.9375,958
1883814.0000,1427
1883814.0625,2078
1883814.1250,1312
1883814.1875,-36
1883814.2500,-272
1883814.3125,176
1883814.3750,293
1883814.4375,-208
1883814.5000,-989
1883814.5625,-1317
1883814.6250,-1751
1883814.6875,-883
1883814.7500,-281
1883814.8125,-936
1883814.8750,-2600
1883814.9375,-1720
1883815.0000,1128
1883815.0625,1576
1883815.1250,-863
1883815.1875,-4156
1883815.2500,-5083
1883815.3125,-2426
1883815.3750,-364
1883815.4375,-1019
1883815.5000,-2903
1883815.5625,-3238
1883815.6250,-2629
1883815.6875,-1021
1883815.7500,384
1883815.8125,-337
1883815.8750,-2545
1883815.9375,-3132
1883816.0000,-1535
1883816.0625,1037
1883816.1250,1614
1883816.1875,-1
1883816.2500,-1669
1883816.3125,-90
1883816.3750,3063
1883816.4375,3975
1883816.5000,1726
1883816.5625,-409
1883816.6250,-253
1883816.6875,1229
1883816.7500,580
1883816.8125,-1705
1883816.8750,-1999
1883816.9375,-846
1883817.0000,-1080
1883817.0625,-1675
1883817.1250,324
1883817.1875,2015
1883817.2500,1241
1883817.3125,-181
1883817.3750,-1406
1883817.4375,-3415
1883817.5000,-5479
1883817.5625,-6382
1883817.6250,-5226
1883817.6875,-3771
1883817.7500,-4161
1883817.8125,-5275
1883817.8750,-4612
1883817.9375,-3022
1883818.0000,-3018
1883818.0625,-2821
1883818.1250,-2476
1883818.1875,-2715
1883818.2500,-2810
1883818.3125,-2139
1883818.3750,-3042
1883818.4375,-5282
1883818.5000,-6480
1883818.5625,-5511
1883818.6250,-3409
1883818.6875,-2807
1883818.7500,-4263
1883818.8125,-5248
1883818.8750,-3875
1883818.9375,-1947
1883819.0000,-1754
1883819.0625,-3397
1883819.1250,-5443
1883819.1875,-6637
1883819.2500,-5781
1883819.3125,-3657
1883819.3750,-2310
1883819.4375,-3850
1883819.5000,-5386
1883819.5625,-4049
1883819.6250,-1898
1883819.6875,-1115
1883819.7500,-1638
1883819.8125,-3564
1883819.8750,-5575
1883819.9375,-5879
1883820.0000,-4748
1883820.0625,-3691
1883820.1250,-3437
1883820.1875,-3130
1883820.2500,-2514
1883820.3125,-1499
1883820.3750,-1651
1883820.4375,-2517
1883820.5000,-2681
1883820.5625,-1501
1883820.6250,-1006
1883820.6875,-2709
1883820.7500,-4987
1883820.8125,-4810
1883820.8750,-2626
1883820.9375,-797
1883821.0000,-349
1883821.0625,-970
1883821.1250,-1368
1883821.1875,-599
1883821.2500,83
1883821.3125,-433
1883821.3750,-1136
1883821.4375,-1656
1883821.5000,-2017
1883821.5625,-2002
1883821.6250,-2007
1883821.6875,-3205
1883821.7500,-5093
1883821.8125,-5761
1883821.8750,-3890
1883821.9375,-1850
1883822.0000,-2117
1883822.0625,-4638
1883822.1250,-6642
1883822.1875,-6376
1883822.2500,-5331
1883822.3125,-5707
1883822.3750,-6548
1883822.4375,-6159
1883822.5000,-4295
1883822.5625,-1877
1883822.6250,-1038
1883822.6875,-2043
1883822.7500,-2838
1883822.8125,-2126
1883822.8750,-1460
1883822.9375,-2778
1883823.0000,-5839
1883823.0625,-7991
1883823.1250,-6586
1883823.1875,-2604
1883823.2500,-162
1883823.3125,-1396
1883823.3750,-3646
1883823.4375,-3502
1883823.5000,-1827
1883823.5625,-1779
1883823.6250,-4330
1883823.6875,-7484
1883823.7500,-8496
1883823.8125,-6459
1883823.8750,-4125
1883823.9375,-4253
1883824.0000,-6476
1883824.0625,-8242
1883824.1250,-7332
1883824.1875,-5594
1883824.2500,-5675
1883824.3125,-7114
1883824.3750,-8202
1883824.4375,-7287
1883824.5000,-4465
1883824.5625,-2643
1883824.6250,-3965
1883824.6875,-6684
1883824.7500,-8022
1883824.8125,-7156
1883824.8750,-5633
1883824.9375,-4976
1883825.0000,-5409
1883825.0625,-6165
1883825.1250,-6229
1883825.1875,-5215
1883825.2500,-5030
1883825.3125,-7070
1883825.3750,-8936
1883825.4375,-8169
1883825.5000,-6193
1883825.5625,-4930
1883825.6250,-4555
1883825.6875,-4235
1883825.7500,-2486
1883825.8125,-219
1883825.8750,16
1883825.9375,-1320
1883826.0000,-3048
1883826.0625,-4765
1883826.1250,-5134
1883826.1875,-4205
1883826.2500,-4220
1883826.3125,-4482
1883826.3750,-4166
1883826.4375,-3375
1883826.5000,-3096
1883826.5625,-2952
1883826.6250,-4726
1883826.6875,-7559
1883826.7500,-7447
1883826.8125,-4195
1883826.8750,-1918
1883826.9375,-2713
1883827.0000,-4994
1883827.0625,-6492
1883827.1250,-5123
1883827.1875,-2800
1883827.2500,-1147
1883827.3125,871
1883827.3750,2554
1883827.4375,1236
1883827.5000,-1298
1883827.5625,-2869
1883827.6250,-3015
1883827.6875,-1158
1883827.7500,1238
1883827.8125,1871
1883827.8750,691
1883827.9375,-1262
1883828.0000,-3004
1883828.0625,-3504
1883828.1250,-2459
1883828.1875,-2212
1883828.2500,-3327
1883828.3125,-4206
1883828.3750,-3904
1883828.4375,-3544
1883828.5000,-3159
1883828.5625,-2644
1883828.6250,-2767
1883828.6875,-2773
1883828.7500,-1842
1883828.8125,-1711
1883828.8750,-3521
1883828.9375,-4990
1883829.0000,-4532
1883829.0625,-2607
1883829.1250,-1355
1883829.1875,-2683
1883829.2500,-5474
1883829.3125,-6688
1883829.3750,-6459
1883829.4375,-4655
1883829.5000,-1679
1883829.5625,-883
1883829.6250,-2497
1883829.6875,-3779
1883829.7500,-3192
1883829.8125,-2024
1883829.8750,-1725
1883829.9375,-2620
1883830.0000,-3083
1883830.0625,-2404
1883830.1250,-1820
1883830.1875,-2233
1883830.2500,-2652
1883830.3125,-2756
1883830.3750,-3038
1883830.4375,-2864
1883830.5000,-2564
1883830.5625,-3224
1883830.6250,-4401
1883830.6875,-4425
1883830.7500,-3178
1883830.8125,-1690
1883830.8750,-1325
1883830.9375,-1370
1883831.0000,-639
1883831.0625,-66
1883831.1250,-483
1883831.1875,-989
1883831.2500,-766
1883831.3125,87
1883831.3750,92
1883831.4375,-1050
1883831.5000,-2501
1883831.5625,-4026
1883831.6250,-5064
1883831.6875,-4180
1883831.7500,-2742
1883831.8125,-3038
1883831.8750,-5203
1883831.9375,-6795
1883832.0000,-5260
1883832.0625,-1942
1883832.1250,-540
1883832.1875,-1549
1883832.2500,-2237
1883832.3125,-730
1883832.3750,1555
1883832.4375,1997
1883832.5000,543
1883832.5625,-1153
1883832.6250,-1541
1883832.6875,571
1883832.7500,3983
1883832.8125,5364
1883832.8750,4128
1883832.9375,2929
1883833.0000,3063
1883833.0625,2798
1883833.1250,1346
1883833.1875,459
1883833.2500,1437
1883833.3125,3248
1883833.3750,4019
1883833.4375,3259
1883833.5000,1606
1883833.5625,1345
1883833.6250,3492
1883833.6875,4841
1883833.7500,2677
1883833.8125,-586
1883833.8750,-1996
1883833.9375,-1361
1883834.0000,-502
1883834.0625,-1177
1883834.1250,-2239
1883834.1875,-2049
1883834.2500,-1274
1883834.3125,-680
1883834.3750,-229
1883834.4375,194
1883834.5000,102
1883834.5625,-241
1883834.6250,78
1883834.6875,878
1883834.7500,1254
1883834.8125,1192
1883834.8750,1622
1883834.9375,2939
1883835.0000,3717
1883835.0625,3620
1883835.1250,2889
1883835.1875,2056
1883835.2500,1747
1883835.3125,2619
1883835.3750,4553
1883835.4375,5806
1883835.5000,5717
1883835.5625,5244
1883835.6250,5869
1883835.6875,6968
1883835.7500,6960
1883835.8125,5791
1883835.8750,5212
1883835.9375,6045
1883836.0000,6554
1883836.0625,5456
1883836.1250,3829
1883836.1875,2617
1883836.2500,1544
1883836.3125,715
1883836.3750,531
1883836.4375,1199
1883836.5000,1985
1883836.5625,1886
1883836.6250,1063
1883836.6875,1224
1883836.7500,2462
1883836.8125,3070
1883836.8750,2293
1883836.9375,970
1883837.0000,282
1883837.0625,732
1883837.1250,1672
1883837.1875,2302
1883837.2500,2975
1883837.3125,3435
1883837.3750,3389
1883837.4375,3282
1883837.5000,3766
1883837.5625,4841
1883837.6250,5362
1883837.6875,5147
1883837.7500,5233
1883837.8125,4859
1883837.8750,2962
1883837.9375,1506
1883838.0000,2286
1883838.0625,4264
1883838.1250,4706
1883838.1875,3195
1883838.2500,1651
1883838.3125,1922
1883838.3750,3403
1883838.4375,3563
1883838.5000,2209
1883838.5625,868
1883838.6250,717
1883838.6875,1389
1883838.7500,1847
1883838.8125,1419
1883838.8750,551
1883838.9375,641
1883839.0000,1719
1883839.0625,3134
1883839.1250,4746
1883839.1875,5495
1883839.2500,4390
1883839.3125,3512
1883839.3750,4819
1883839.4375,6340
1883839.5000,6210
1883839.5625,4882
1883839.6250,3797
1883839.6875,3663
1883839.7500,4629
1883839.8125,5690
1883839.8750,6047
1883839.9375,5700
1883840.0000,4694
1883840.0625,3803
1883840.1250,4129
1883840.1875,4458
1883840.2500,3658
1883840.3125,2903
1883840.3750,3738
1883840.4375,4663
1883840.5000,4954
1883840.5625,5254
1883840.6250,5958
1883840.6875,6286
1883840.7500,5456
1883840.8125,4347
1883840.8750,3521
1883840.9375,3336
1883841.0000,4069
1883841.0625,5366
1883841.1250,5949
1883841.1875,5592
1883841.2500,4786
1883841.3125,4776
1883841.3750,6013
1883841.4375,7600
1883841.5000,7661
1883841.5625,5567
1883841.6250,2644
1883841.6875,884
1883841.7500,1664
1883841.8125,4463
1883841.8750,6175
1883841.9375,6362
1883842.0000,6665
1883842.0625,6797
1883842.1250,7142
1883842.1875,7550
1883842.2500,6083
1883842.3125,3694
1883842.3750,2764
1883842.4375,2167
1883842.5000,2777
1883842.5625,3565
1883842.6250,3644
1883842.6875,3885
1883842.7500,4231
1883842.8125,1286
1883842.8750,-2748
1883842.9375,-1276
1883843.0000,4767
1883843.0625,9285
1883843.1250,7855
1883843.1875,2765
1883843.2500,-2850
1883843.3125,-5312
1883843.3750,-5129
1883843.4375,-3570
1883843.5000,-343
1883843.5625,2039
1883843.6250,622
1883843.6875,-1571
1883843.7500,-1927
1883843.8125,-1125
1883843.8750,682
1883843.9375,75
1883844.0000,-2692
1883844.0625,-2953
1883844.1250,-1562
1883844.1875,-241
1883844.2500,1009
1883844.3125,1407
1883844.3750,451
1883844.4375,1905
1883844.5000,5106
1883844.5625,6554
1883844.6250,3932
1883844.6875,625
1883844.7500,36
1883844.8125,1661
1883844.8750,4097
1883844.9375,6411
1883845.0000,5301
1883845.0625,1272
1883845.1250,755
1883845.1875,2253
1883845.2500,2957
1883845.3125,3221
1883845.3750,1073
1883845.4375,-1730
1883845.5000,-1793
1883845.5625,-1979
1883845.6250,-1274
1883845.6875,3116
1883845.7500,5423
1883845.8125,4254
1883845.8750,2844
1883845.9375,344
1883846.0000,-2808
1883846.0625,-3006
1883846.1250,-2001
1883846.1875,-457
1883846.2500,1728
1883846.3125,2397
1883846.3750,2662
1883846.4375,4143
1883846.5000,4724
1883846.5625,3294
1883846.6250,1413
1883846.6875,1011
1883846.7500,1274
1883846.8125,1222
1883846.8750,1050
1883846.9375,181
1883847.0000,529
1883847.0625,2482
1883847.1250,4065
1883847.1875,4909
1883847.2500,4121
1883847.3125,1720
1883847.3750,1149
1883847.4375,2290
1883847.5000,2993
1883847.5625,3392
1883847.6250,2697
1883847.6875,785
1883847.7500,-616
1883847.8125,-2299
1883847.8750,-2958
1883847.9375,-1606
1883848.0000,-818
1883848.0625,-1284
1883848.1250,-1273
1883848.1875,-1322
1883848.2500,-977
1883848.3125,-1228
1883848.3750,-3044
1883848.4375,-3870
1883848.5000,-3708
1883848.5625,-3463
1883848.6250,-1774
1883848.6875,946
1883848.7500,2446
1883848.8125,2602
1883848.8750,2484
1883848.9375,2817
1883849.0000,3609
1883849.0625,4024
1883849.1250,4387
1883849.1875,3849
1883849.2500,2202
1883849.3125,1103
1883849.3750,830
1883849.4375,1469
1883849.5000,3038
1883849.5625,3202
1883849.6250,1687
1883849.6875,340
1883849.7500,-335
1883849.8125,-418
1883849.8750,528
1883849.9375,1439
1883850.0000,1139
1883850.0625,-129
1883850.1250,-835
1883850.1875,-35
1883850.2500,680
1883850.3125,23
1883850.3750,-533
1883850.4375,-604
1883850.5000,-161
1883850.5625,700
1883850.6250,817
1883850.6875,18
1883850.7500,-184
1883850.8125,389
1883850.8750,786
1883850.9375,973
1883851.0000,1570
1883851.0625,2272
1883851.1250,1827
1883851.1875,742
1883851.2500,174
1883851.3125,59
1883851.3750,253
1883851.4375,475
1883851.5000,857
1883851.5625,936
1883851.6250,285
1883851.6875,-681
1883851.7500,-696
1883851.8125,1111
1883851.8750,2521
1883851.9375,1359
1883852.0000,-961
1883852.0625,-1625
1883852.1250,69
1883852.1875,1650
1883852.2500,456
1883852.3125,-2434
1883852.3750,-2926
1883852.4375,-1806
1883852.5000,-212
1883852.5625,124
1883852.6250,344
1883852.6875,634
1883852.7500,-709
1883852.8125,-1469
1883852.8750,-1285
1883852.9375,-1860
1883853.0000,-2766
1883853.0625,-3100
1883853.1250,-2514
1883853.1875,-1135
1883853.2500,524
1883853.3125,325
1883853.3750,82
1883853.4375,635
1883853.5000,767
1883853.5625,269
1883853.6250,-256
1883853.6875,-1092
1883853.7500,-465
1883853.8125,1325
1883853.8750,2316
1883853.9375,459
1883854.0000,-996
1883854.0625,589
1883854.1250,3481
1883854.1875,4582
1883854.2500,3413
1883854.3125,1934
1883854.3750,2352
1883854.4375,3020
1883854.5000,2526
1883854.5625,2118
1883854.6250,1279
1883854.6875,-300
1883854.7500,-1074
1883854.8125,375
1883854.8750,903
1883854.9375,-957
1883855.0000,-2315
1883855.0625,-1118
1883855.1250,483
1883855.1875,147
1883855.2500,-1294
1883855.3125,-1092
1883855.3750,558
1883855.4375,699
1883855.5000,-1361
1883855.5625,-2965
1883855.6250,-2694
1883855.6875,-2054
1883855.7500,-31
1883855.8125,878
1883855.8750,-1432
1883855.9375,-4117
1883856.0000,-3672
1883856.0625,-2535
1883856.1250,-2565
1883856.1875,-3762
1883856.2500,-4469
1883856.3125,-3096
1883856.3750,-1544
1883856.4375,-1477
1883856.5000,-2219
1883856.5625,-2404
1883856.6250,-2132
1883856.6875,-1499
1883856.7500,-2039
1883856.8125,-4110
1883856.8750,-5916
1883856.9375,-5995
1883857.0000,-4571
1883857.0625,-3151
1883857.1250,-4217
1883857.1875,-6342
1883857.2500,-5831
1883857.3125,-3695
1883857.3750,-2440
1883857.4375,-1786
1883857.5000,-2443
1883857.5625,-3521
1883857.6250,-3868
1883857.6875,-4104
1883857.7500,-4504
1883857.8125,-4548
1883857.8750,-4312
1883857.9375,-4454
1883858.0000,-3535
1883858.0625,-1881
1883858.1250,-634
1883858.1875,-602
1883858.2500,-1001
1883858.3125,-1201
1883858.3750,-2022
1883858.4375,-3557
1883858.5000,-3318
1883858.5625,-1213
1883858.6250,599
1883858.6875,1888
1883858.7500,1765
1883858.8125,458
1883858.8750,1007
1883858.9375,2781
1883859.0000,3618
1883859.0625,2818
1883859.1250,415
1883859.1875,-1358
1883859.2500,-707
1883859.3125,843
1883859.3750,968
1883859.4375,-489
1883859.5000,-2129
1883859.5625,-2580
1883859.6250,-2042
1883859.6875,-1911
1883859.7500,-3088
1883859.8125,-4661
1883859.8750,-5526
1883859.9375,-6198
1883860.0000,-6899
1883860.0625,-7282
1883860.1250,-7456
1883860.1875,-6591
1883860.2500,-4473
1883860.3125,-3411
1883860.3750,-4124
1883860.4375,-5403
1883860.5000,-6308
1883860.5625,-5942
1883860.6250,-4358
1883860.6875,-3734
1883860.7500,-4808
1883860.8125,-5314
1883860.8750,-3811
1883860.9375,-1249
1883861.0000,-568
1883861.0625,-2094
1883861.1250,-3930
1883861.1875,-4651
1883861.2500,-4517
1883861.3125,-3361
1883861.3750,-2199
1883861.4375,-3028
1883861.5000,-4467
1883861.5625,-3938
1883861.6250,-2780
1883861.6875,-3075
1883861.7500,-4739
1883861.8125,-6465
1883861.8750,-6634
1883861.9375,-5048
1883862.0000,-3744
1883862.0625,-3753
1883862.1250,-4413
1883862.1875,-4617
1883862.2500,-3903
1883862.3125,-3249
1883862.3750,-3281
1883862.4375,-4503
1883862.5000,-5696
1883862.5625,-5204
1883862.6250,-3050
1883862.6875,-1406
1883862.7500,-1892
1883862.8125,-2969
1883862.8750,-2291
1883862.9375,-787
1883863.0000,-848
1883863.0625,-2131
1883863.1250,-3186
1883863.1875,-3000
1883863.2500,-1936
1883863.3125,-1580
1883863.3750,-2300
1883863.4375,-2838
1883863.5000,-2670
1883863.5625,-2345
1883863.6250,-2862
1883863.6875,-4966
1883863.7500,-7682
1883863.8125,-8699
1883863.8750,-7383
1883863.9375,-5008
1883864.0000,-3624
1883864.0625,-4734
1883864.1250,-6459
1883864.1875,-6407
1883864.2500,-4300
1883864.3125,-3755
1883864.3750,-5170
1883864.4375,-6049
1883864.5000,-5044
1883864.5625,-3065
1883864.6250,-1560
1883864.6875,-1814
1883864.7500,-2695
1883864.8125,-2488
1883864.8750,-1192
1883864.9375,-169
1883865.0000,-1229
1883865.0625,-3296
1883865.1250,-3639
1883865.1875,-2131
1883865.2500,-1152
1883865.3125,-1695
1883865.3750,-2851
1883865.4375,-3347
1883865.5000,-2976
1883865.5625,-2166
1883865.6250,-1537
1883865.6875,-1488
1883865.7500,-1381
1883865.8125,-818
1883865.8750,230
1883865.9375,806
1883866.0000,329
1883866.0625,-817
1883866.1250,-927
1883866.1875,230
1883866.2500,1059
1883866.3125,565
1883866.3750,-809
1883866.4375,-1570
1883866.5000,-1919
1883866.5625,-3014
1883866.6250,-4416
1883866.6875,-5002
1883866.7500,-4701
1883866.8125,-3810
1883866.8750,-2694
1883866.9375,-2972
1883867.0000,-4701
1883867.0625,-5348
1883867.1250,-4088
1883867.1875,-3016
1883867.2500,-3310
1883867.3125,-3921
1883867.3750,-4089
1883867.4375,-3169
1883867.5000,-2147
1883867.5625,-1802
1883867.6250,-1753
1883867.6875,-1976
1883867.7500,-2245
1883867.8125,-2205
1883867.8750,-1868
1883867.9375,-2266
1883868.0000,-2690
1883868.0625,-2704
1883868.1250,-2276
1883868.1875,-2218
1883868.2500,-2627
1883868.3125,-2451
1883868.3750,-1277
1883868.4375,-283
1883868.5000,-94
1883868.5625,-289
1883868.6250,-843
1883868.6875,-1019
1883868.7500,11
1883868.8125,1189
1883868.8750,1984
1883868.9375,2036
1883869.0000,1772
1883869.0625,1704
1883869.1250,1798
1883869.1875,1749
1883869.2500,1812
1883869.3125,1711
1883869.3750,1742
1883869.4375,1250
1883869.5000,-95
1883869.5625,-1063
1883869.6250,-1084
1883869.6875,-991
1883869.7500,-648
1883869.8125,-112
1883869.8750,280
1883869.9375,538
1883870.0000,1384
1883870.0625,2266
1883870.1250,2424
1883870.1875,1112
1883870.2500,-1446
1883870.3125,-3022
1883870.3750,-2552
1883870.4375,-1415
1883870.5000,156
1883870.5625,1911
1883870.6250,3028
1883870.6875,3252
1883870.7500,2834
1883870.8125,2389
1883870.8750,2780
1883870.9375,3922
1883871.0000,4564
1883871.0625,3910
1883871.1250,2415
1883871.1875,1468
1883871.2500,1944
1883871.3125,2218
1883871.3750,1266
1883871.4375,152
1883871.5000,-183
1883871.5625,-332
1883871.6250,-709
1883871.6875,-1429
1883871.7500,-1996
1883871.8125,-2051
1883871.8750,-1680
1883871.9375,-1227
1883872.0000,-1033
1883872.0625,-497
1883872.1250,615
1883872.1875,2026
1883872.2500,3092
1883872.3125,3408
1883872.3750,3196
1883872.4375,3260
1883872.5000,3776
1883872.5625,3845
1883872.6250,3481
1883872.6875,3434
1883872.7500,3808
1883872.8125,3935
1883872.8750,3702
1883872.9375,3300
1883873.0000,3150
1883873.0625,4322
1883873.1250,5765
1883873.1875,5199
1883873.2500,3435
1883873.3125,3205
1883873.3750,4126
1883873.4375,4672
1883873.5000,4346
1883873.5625,4080
1883873.6250,4069
1883873.6875,4180
1883873.7500,4399
1883873.8125,4996
1883873.8750,5162
1883873.9375,4409
1883874.0000,3270
1883874.0625,2155
1883874.1250,1523
1883874.1875,1076
1883874.2500,548
1883874.3125,888
1883874.3750,1552
1883874.4375,1271
1883874.5000,671
1883874.5625,642
1883874.6250,998
1883874.6875,2131
1883874.7500,3349
1883874.8125,3509
1883874.8750,3333
1883874.9375,3884
1883875.0000,4975
1883875.0625,5652
1883875.1250,5224
1883875.1875,4445
1883875.2500,4509
1883875.3125,5501
1883875.3750,6984
1883875.4375,8404
1883875.5000,8413
1883875.5625,7058
1883875.6250,5865
1883875.6875,5498
1883875.7500,5336
1883875.8125,4647
1883875.8750,4271
1883875.9375,4933
1883876.0000,5536
1883876.0625,4881
1883876.1250,3735
1883876.1875,3649
1883876.2500,4390
1883876.3125,4093
1883876.3750,2165
1883876.4375,-184
1883876.5000,-1490
1883876.5625,-650
1883876.6250,1305
1883876.6875,2324
1883876.7500,2439
1883876.8125,2989
1883876.8750,4023
1883876.9375,5427
1883877.0000,6659
1883877.0625,6601
1883877.1250,4899
1883877.1875,3645
1883877.2500,4421
1883877.3125,6710
1883877.3750,8056
1883877.4375,7857
1883877.5000,7781
1883877.5625,9225
1883877.6250,10673
1883877.6875,10313
1883877.7500,8636
1883877.8125,6171
1883877.8750,4052
1883877.9375,3269
1883878.0000,3281
1883878.0625,2752
1883878.1250,2200
1883878.1875,3253
1883878.2500,5330
1883878.3125,6263
1883878.3750,5265
1883878.4375,3940
1883878.5000,3589
1883878.5625,3461
1883878.6250,3096
1883878.6875,2109
1883878.7500,-109
1883878.8125,-1906
1883878.8750,-510
1883878.9375,3030
1883879.0000,5387
1883879.0625,5073
1883879.1250,3447
1883879.1875,2974
1883879.2500,4347
1883879.3125,4474
1883879.3750,3004
1883879.4375,2365
1883879.5000,3662
1883879.5625,6766
1883879.6250,8899
1883879.6875,7318
1883879.7500,4309
1883879.8125,4598
1883879.8750,6464
1883879.9375,7545
1883880.0000,6404
1883880.0625,3608
1883880.1250,1620
1883880.1875,1243
1883880.2500,-570
1883880.3125,-3403
1883880.3750,-1753
1883880.4375,3203
1883880.5000,7210
1883880.5625,7879
1883880.6250,6128
1883880.6875,1828
1883880.7500,-1170
1883880.8125,7
1883880.8750,3893
1883880.9375,7764
1883881.0000,8179
1883881.0625,3844
1883881.1250,-383
1883881.1875,-435
1883881.2500,2095
1883881.3125,4667
1883881.3750,4606
1883881.4375,2704
1883881.5000,2641
1883881.5625,3381
1883881.6250,3024
1883881.6875,1734
1883881.7500,565
1883881.8125,-590
1883881.8750,918
1883881.9375,3761
1883898.0000,-2630
1883898.0625,-3682
1883898.1250,-4401
1883898.1875,-4085
1883898.2500,-4025
1883898.3125,-4812
1883898.3750,-5343
1883898.4375,-4958
1883898.5000,-3969
1883898.5625,-3596
1883898.6250,-3677
1883898.6875,-3405
1883898.7500,-2296
1883898.8125,-584
1883898.8750,-533
1883898.9375,-2343
1883899.0000,-3711
1883899.0625,-2321
1883899.1250,-483
1883899.1875,99
1883899.2500,-810
1883899.3125,-2398
1883899.3750,-3831
1883899.4375,-3308
1883899.5000,-2171
1883899.5625,-1937
1883899.6250,-3416
1883899.6875,-5570
1883899.7500,-7372
1883899.8125,-6862
1883899.8750,-4977
1883899.9375,-3882
1883900.0000,-4329
1883900.0625,-5329
1883900.1250,-5591
1883900.1875,-5556
1883900.2500,-5229
1883900.3125,-5048
1883900.3750,-5161
1883900.4375,-5126
1883900.5000,-4247
1883900.5625,-4032
1883900.6250,-4602
1883900.6875,-4704
1883900.7500,-4618
1883900.8125,-4722
1883900.8750,-4406
1883900.9375,-4886
1883901.0000,-5433
1883901.0625,-4409
1883901.1250,-2318
1883901.1875,-509
1883901.2500,840
1883901.3125,1275
1883901.3750,-205
1883901.4375,-1899
1883901.5000,-3231
1883901.5625,-3823
1883901.6250,-4849
1883901.6875,-5578
1883901.7500,-5250
1883901.8125,-4600
1883901.8750,-4503
1883901.9375,-4517
1883902.0000,-3971
1883902.0625,-3337
1883902.1250,-2872
1883902.1875,-2802
1883902.2500,-3030
1883902.3125,-3066
1883902.3750,-2337
1883902.4375,-686
1883902.5000,1076
1883902.5625,1919
1883902.6250,1180
1883902.6875,188
1883902.7500,781
1883902.8125,1937
1883902.8750,2065
1883902.9375,148
1883903.0000,-2043
1883903.0625,-3285
1883903.1250,-3179
1883903.1875,-2117
1883903.2500,-1842
1883903.3125,-2256
1883903.3750,-1711
1883903.4375,-130
1883903.5000,851
1883903.5625,973
1883903.6250,593
1883903.6875,433
1883903.7500,829
1883903.8125,820
1883903.8750,-458
1883903.9375,-1897
1883904.0000,-2563
1883904.0625,-1734
1883904.1250,-831
1883904.1875,-1462
1883904.2500,-3857
1883904.3125,-5030
1883904.3750,-4587
1883904.4375,-3658
1883904.5000,-2951
1883904.5625,-3468
1883904.6250,-5218
1883904.6875,-6487
1883904.7500,-6013
1883904.8125,-5901
1883904.8750,-6514
1883904.9375,-6921
1883905.0000,-5873
1883905.0625,-4323
1883905.1250,-3824
1883905.1875,-3749
1883905.2500,-2677
1883905.3125,-377
1883905.3750,1427
1883905.4375,1509
1883905.5000,-365
1883905.5625,-2358
1883905.6250,-3236
1883905.6875,-1905
1883905.7500,712
1883905.8125,2411
1883905.8750,1826
1883905.9375,963
1883906.0000,2100
1883906.0625,3818
1883906.1250,4305
1883906.1875,2045
1883906.2500,-768
1883906.3125,-1994
1883906.3750,-1384
1883906.4375,-720
1883906.5000,-721
1883906.5625,-472
1883906.6250,873
1883906.6875,2379
1883906.7500,2072
1883906.8125,160
1883906.8750,-1683
1883906.9375,-2359
1883907.0000,-2105
1883907.0625,-790
1883907.1250,618
1883907.1875,1255
1883907.2500,1406
1883907.3125,2042
1883907.3750,2854
1883907.4375,3357
1883907.5000,2335
1883907.5625,1010
1883907.6250,1083
1883907.6875,2350
1883907.7500,3032
1883907.8125,2524
1883907.8750,2150
1883907.9375,2705
1883908.0000,3093
1883908.0625,1917
1883908.1250,163
1883908.1875,-868
1883908.2500,-167
1883908.3125,2164
1883908.3750,3815
1883908.4375,2663
1883908.5000,819
1883908.5625,710
1883908.6250,2629
1883908.6875,4034
1883908.7500,2917
1883908.8125,126
1883908.8750,-1808
1883908.9375,-1716
1883909.0000,-14
1883909.0625,930
1883909.1250,224
1883909.1875,-896
1883909.2500,-1192
1883909.3125,-655
1883909.3750,-810
1883909.4375,-1615
1883909.5000,-2369
1883909.5625,-2143
1883909.6250,-1196
1883909.6875,-197
1883909.7500,41
1883909.8125,366
1883909.8750,2195
1883909.9375,4425
1883910.0000,5445
1883910.0625,4687
1883910.1250,2898
1883910.1875,2298
1883910.2500,2936
1883910.3125,4043
1883910.3750,4243
1883910.4375,3056
1883910.5000,1981
1883910.5625,2734
1883910.6250,5267
1883910.6875,6242
1883910.7500,5482
1883910.8125,4350
1883910.8750,4739
1883910.9375,5206
1883911.0000,4715
1883911.0625,3055
1883911.1250,1034
1883911.1875,63
1883911.2500,1127
1883911.3125,2468
1883911.3750,2119
1883911.4375,338
1883911.5000,-701
1883911.5625,390
1883911.6250,2644
1883911.6875,3047
1883911.7500,869
1883911.8125,-818
1883911.8750,-93
1883911.9375,1568
1883912.0000,2213
1883912.0625,2109
1883912.1250,2202
1883912.1875,3244
1883912.2500,4714
1883912.3125,5537
1883912.3750,5732
1883912.4375,5409
1883912.5000,5552
1883912.5625,6018
1883912.6250,6291
1883912.6875,5893
1883912.7500,4021
1883912.8125,2197
1883912.8750,2232
1883912.9375,3940
1883913.0000,5180
1883913.0625,4271
1883913.1250,3843
1883913.1875,5235
1883913.2500,7437
1883913.3125,7391
1883913.3750,4472
1883913.4375,1615
1883913.5000,2059
1883913.5625,4509
1883913.6250,5971
1883913.6875,5822
1883913.7500,4757
1883913.8125,4154
1883913.8750,4711
1883913.9375,5178
1883914.0000,3962
1883914.0625,1900
1883914.1250,-3
1883914.1875,-29
1883914.2500,1897
1883914.3125,3384
1883914.3750,3675
1883914.4375,3779
1883914.5000,4443
1883914.5625,5651
1883914.6250,6289
1883914.6875,5375
1883914.7500,3986
1883914.8125,4770
1883914.8750,7319
1883914.9375,8281
1883915.0000,7496
1883915.0625,6715
1883915.1250,7602
1883915.1875,9131
1883915.2500,9321
1883915.3125,7271
1883915.3750,4360
1883915.4375,2720
1883915.5000,4137
1883915.5625,6685
1883915.6250,5965
1883915.6875,2900
1883915.7500,1782
1883915.8125,2755
1883915.8750,4429
1883915.9375,5840
1883916.0000,5649
1883916.0625,3778
1883916.1250,2261
1883916.1875,2812
1883916.2500,3746
1883916.3125,3220
1883916.3750,1210
1883916.4375,-754
1883916.5000,-1108
1883916.5625,405
1883916.6250,1503
1883916.6875,1687
1883916.7500,2239
1883916.8125,2717
1883916.8750,2799
1883916.9375,3476
1883917.0000,3302
1883917.0625,2056
1883917.1250,635
1883917.1875,743
1883917.2500,3310
1883917.3125,5097
1883917.3750,5108
1883917.4375,5262
1883917.5000,5479
1883917.5625,4217
1883917.6250,3644
1883917.6875,2501
1883917.7500,2146
1883917.8125,3082
1883917.8750,4004
1883917.9375,2593
1883918.0000,727
1883918.0625,-1062
1883918.1250,-2461
1883918.1875,476
1883918.2500,6616
1883918.3125,8960
1883918.3750,5314
1883918.4375,429
1883918.5000,-1706
1883918.5625,-1890
1883918.6250,-2297
1883918.6875,-1815
1883918.7500,1735
1883918.8125,7486
1883918.8750,9123
1883918.9375,6014
1883919.0000,2282
1883919.0625,368
1883919.1250,2176
1883919.1875,5153
1883919.2500,5995
1883919.3125,4340
1883919.3750,2423
1883919.4375,2214
1883919.5000,3506
1883919.5625,4821
1883919.6250,4705
1883919.6875,4372
1883919.7500,4277
1883919.8125,5295
1883919.8750,5172
1883919.9375,1750
1883920.0000,-2040
1883920.0625,-2746
1883920.1250,-224
1883920.1875,3207
1883920.2500,4263
1883920.3125,2117
1883920.3750,108
1883920.4375,237
1883920.5000,2002
1883920.5625,4156
1883920.6250,3065
1883920.6875,-688
1883920.7500,-1387
1883920.8125,-563
1883920.8750,-2169
1883920.9375,-3535
1883921.0000,-3404
1883921.0625,-2214
1883921.1250,693
1883921.1875,1860
1883921.2500,-1000
1883921.3125,-4045
1883921.3750,-4584
1883921.4375,-2002
1883921.5000,1791
1883921.5625,4025
1883921.6250,3090
1883921.6875,557
1883921.7500,290
1883921.8125,3288
1883921.8750,4582
1883921.9375,2385
1883922.0000,-168
1883922.0625,90
1883922.1250,2190
1883922.1875,3774
1883922.2500,4150
1883922.3125,2835
1883922.3750,995
1883922.4375,1876
1883922.5000,3349
1883922.5625,2220
1883922.6250,151
1883922.6875,-801
1883922.7500,-119
1883922.8125,1469
1883922.8750,1720
1883922.9375,364
1883923.0000,-783
1883923.0625,-2628
1883923.1250,-3444
1883923.1875,-1641
1883923.2500,-346
1883923.3125,-23
1883923.3750,789
1883923.4375,2089
1883923.5000,2755
1883923.5625,860
1883923.6250,-2367
1883923.6875,-2116
1883923.7500,908
1883923.8125,2177
1883923.8750,871
1883923.9375,-1002
1883924.0000,-1770
1883924.0625,-874
1883924.1250,1133
1883924.1875,3780
1883924.2500,4718
1883924.3125,2835
1883924.3750,1030
1883924.4375,2023
1883924.5000,4558
1883924.5625,4965
1883924.6250,2297
1883924.6875,-111
1883924.7500,345
1883924.8125,2137
1883924.8750,3005
1883924.9375,2480
1883925.0000,1466
1883925.0625,1045
1883925.1250,1915
1883925.1875,2570
1883925.2500,2369
1883925.3125,1893
1883925.3750,1806
1883925.4375,1330
1883925.5000,418
1883925.5625,-291
1883925.6250,106
1883925.6875,2113
1883925.7500,4299
1883925.8125,4870
1883925.8750,3239
1883925.9375,655
1883926.0000,-956
1883926.0625,-94
1883926.1250,1702
1883926.1875,1215
1883926.2500,-1290
1883926.3125,-3777
1883926.3750,-3956
1883926.4375,-1357
1883926.5000,888
1883926.5625,1169
1883926.6250,-272
1883926.6875,-1184
1883926.7500,-427
1883926.8125,859
1883926.8750,1878
1883926.9375,2066
1883927.0000,1914
1883927.0625,2367
1883927.1250,3086
1883927.1875,2106
1883927.2500,3
1883927.3125,-1321
1883927.3750,-427
1883927.4375,1833
1883927.5000,2143
1883927.5625,800
1883927.6250,-40
1883927.6875,234
1883927.7500,889
1883927.8125,1076
1883927.8750,34
1883927.9375,-1840
1883928.0000,-2493
1883928.0625,-1710
1883928.1250,73
1883928.1875,1682
1883928.2500,402
1883928.3125,-2138
1883928.3750,-3185
1883928.4375,-1841
1883928.5000,-33
1883928.5625,486
1883928.6250,-473
1883928.6875,-211
1883928.7500,2346
1883928.8125,3465
1883928.8750,2649
1883928.9375,1409
1883929.0000,-46
1883929.0625,-461
1883929.1250,377
1883929.1875,840
1883929.2500,318
1883929.3125,107
1883929.3750,-759
1883929.4375,-1709
1883929.5000,-1862
1883929.5625,-2387
1883929.6250,-3179
1883929.6875,-3983
1883929.7500,-4581
1883929.8125,-3496
1883929.8750,-1878
1883929.9375,-2326
1883930.0000,-4580
1883930.0625,-4944
1883930.1250,-2720
1883930.1875,-537
1883930.2500,-1034
1883930.3125,-3076
1883930.3750,-3963
1883930.4375,-2804
1883930.5000,-1683
1883930.5625,-1365
1883930.6250,-494
1883930.6875,-36
1883930.7500,-224
1883930.8125,303
1883930.8750,1766
1883930.9375,900
1883931.0000,-1937
1883931.0625,-3035
1883931.1250,-1717
1883931.1875,-686
1883931.2500,-1273
1883931.3125,-2648
1883931.3750,-2046
1883931.4375,-33
1883931.5000,937
1883931.5625,561
1883931.6250,-95
1883931.6875,262
1883931.7500,974
1883931.8125,2605
1883931.8750,3456
1883931.9375,1660
1883932.0000,-710
1883932.0625,-329
1883932.1250,1890
1883932.1875,2041
1883932.2500,-919
1883932.3125,-3522
1883932.3750,-4289
1883932.4375,-3096
1883932.5000,-1514
1883932.5625,-2368
1883932.6250,-5068
1883932.6875,-5432
1883932.7500,-2671
1883932.8125,-574
1883932.8750,-929
1883932.9375,-3251
1883933.0000,-4985
1883933.0625,-5168
1883933.1250,-4322
1883933.1875,-4078
1883933.2500,-4545
1883933.3125,-3756
1883933.3750,-987
1883933.4375,1491
1883933.5000,1091
1883933.5625,-1304
1883933.6250,-3093
1883933.6875,-2667
1883933.7500,-592
1883933.8125,-398
1883933.8750,-2508
1883933.9375,-3578
1883934.0000,-2956
1883934.0625,-1129
1883934.1250,1266
1883934.1875,2579
1883934.2500,1616
1883934.3125,49
1883934.3750,-919
1883934.4375,-1188
1883934.5000,-552
1883934.5625,898
1883934.6250,1885
1883934.6875,1443
1883934.7500,1268
1883934.8125,1624
1883934.8750,1674
1883934.9375,1482
1883935.0000,977
1883935.0625,274
1883935.1250,-162
1883935.1875,-435
1883935.2500,-323
1883935.3125,-542
1883935.3750,-807
1883935.4375,-1499
1883935.5000,-2737
1883935.5625,-3159
1883935.6250,-2100
1883935.6875,-637
1883935.7500,-575
1883935.8125,-1417
1883935.8750,-1648
1883935.9375,-1539
1883936.0000,-2337
1883936.0625,-4129
1883936.1250,-4575
1883936.1875,-3921
1883936.2500,-4605
1883936.3125,-5290
1883936.3750,-4830
1883936.4375,-3364
1883936.5000,-2382
1883936.5625,-3118
1883936.6250,-5164
1883936.6875,-5852
1883936.7500,-4835
1883936.8125,-4441
1883936.8750,-5167
1883936.9375,-5640
1883937.0000,-5991
1883937.0625,-6392
1883937.1250,-6039
1883937.1875,-5385
1883937.2500,-5102
1883937.3125,-5409
1883937.3750,-5864
1883937.4375,-5765
1883937.5000,-5542
1883937.5625,-5332
1883937.6250,-4922
1883937.6875,-4846
1883937.7500,-4923
1883937.8125,-5293
1883937.8750,-6510
1883937.9375,-7032
1883938.0000,-5737
1883938.0625,-3448
1883938.1250,-1608
1883938.1875,-1717
1883938.2500,-3297
1883938.3125,-3738
1883938.3750,-2849
1883938.4375,-2438
1883938.5000,-2864
1883938.5625,-4129
1883938.6250,-5144
1883938.6875,-3819
1883938.7500,-1438
1883938.8125,-683
1883938.8750,-1641
1883938.9375,-2258
1883939.0000,-2044
1883939.0625,-1878
1883939.1250,-2018
1883939.1875,-2101
1883939.2500,-2260
1883939.3125,-2575
1883939.3750,-2638
1883939.4375,-2796
1883939.5000,-3199
1883939.5625,-3370
1883939.6250,-2489
1883939.6875,-503
1883939.7500,359
1883939.8125,-1146
1883939.8750,-2956
1883939.9375,-2313
1883940.0000,-40
1883940.0625,533
1883940.1250,-914
1883940.1875,-2445
1883940.2500,-2849
1883940.3125,-1293
1883940.3750,259
1883940.4375,547
1883940.5000,279
1883940.5625,-83
1883940.6250,-190
1883940.6875,177
1883940.7500,-485
1883940.8125,-2910
1883940.8750,-4869
1883940.9375,-4557
1883941.0000,-2550
1883941.0625,-947
1883941.1250,-459
1883941.1875,-355
1883941.2500,-230
1883941.3125,-580
1883941.3750,-1374
1883941.4375,-2552
1883941.5000,-3374
1883941.5625,-3194
1883941.6250,-2188
1883941.6875,-1123
1883941.7500,-703
1883941.8125,-976
1883941.8750,-1812
1883941.9375,-2226
1883942.0000,-2822
1883942.0625,-3835
1883942.1250,-5075
1883942.1875,-5382
1883942.2500,-3775
1883942.3125,-1933
1883942.3750,-1402
1883942.4375,-1670
1883942.5000,-1665
1883942.5625,-1227
1883942.6250,-1014
1883942.6875,-1483
1883942.7500,-2436
1883942.8125,-2701
1883942.8750,-1938
1883942.9375,-902
1883943.0000,350
1883943.0625,1372
1883943.1250,1074
1883943.1875,-33
1883943.2500,-639
1883943.3125,-498
1883943.3750,-899
1883943.4375,-2395
1883943.5000,-3211
1883943.5625,-2557
1883943.6250,-820
1883943.6875,127
1883943.7500,-51
1883943.8125,-62
1883943.8750,202
1883943.9375,-224
1883944.0000,-1755
1883944.0625,-3354
1883944.1250,-3726
1883944.1875,-2690
1883944.2500,-1855
1883944.3125,-2082
1883944.3750,-1976
1883944.4375,-1343
1883944.5000,-1145
1883944.5625,-1339
1883944.6250,-2162
1883944.6875,-3489
1883944.7500,-3792
1883944.8125,-2397
1883944.8750,-52
1883944.9375,2224
1883945.0000,3371
1883945.0625,3688
1883945.1250,4478
1883945.1875,5583
1883945.2500,6048
1883945.3125,5320
1883945.3750,3659
1883945.4375,2561
1883945.5000,2978
1883945.5625,3372
1883945.6250,2856
1883945.6875,2245
1883945.7500,2597
1883945.8125,3160
1883945.8750,2506
1883945.9375,864
1883946.0000,-152
1883946.0625,94
1883946.1250,865
1883946.1875,1470
1883946.2500,1187
1883946.3125,747
1883946.3750,1547
1883946.4375,3493
1883946.5000,5074
1883946.5625,4977
1883946.6250,3074
1883946.6875,965
1883946.7500,506
1883946.8125,977
1883946.8750,868
1883946.9375,-195
1883947.0000,-1296
1883947.0625,-1302
1883947.1250,-343
1883947.1875,-161
1883947.2500,-1075
1883947.3125,-1562
1883947.3750,-656
1883947.4375,1083
1883947.5000,1998
1883947.5625,667
1883947.6250,-1196
1883947.6875,-794
1883947.7500,1482
1883947.8125,3215
1883947.8750,2579
1883947.9375,1278
1883948.0000,1598
1883948.0625,3233
1883948.1250,4746
1883948.1875,5085
1883948.2500,4375
1883948.3125,3167
1883948.3750,2465
1883948.4375,3368
1883948.5000,5127
1883948.5625,5671
1883948.6250,4789
1883948.6875,4769
1883948.7500,6184
1883948.8125,7616
1883948.8750,7577
1883948.9375,5695
1883949.0000,3778
1883949.0625,3550
1883949.1250,4299
1883949.1875,4047
1883949.2500,2450
1883949.3125,1094
1883949.3750,1709
1883949.4375,3787
1883949.5000,5308
1883949.5625,5307
1883949.6250,4534
1883949.6875,4074
1883949.7500,4083
1883949.8125,4191
1883949.8750,3857
1883949.9375,3045
1883950.0000,2582
1883950.0625,3390
1883950.1250,4994
1883950.1875,5389
1883950.2500,3876
1883950.3125,3074
1883950.3750,4993
1883950.4375,7491
1883950.5000,7015
1883950.5625,4040
1883950.6250,1195
1883950.6875,1180
1883950.7500,4219
1883950.8125,7303
1883950.8750,7376
1883950.9375,5680
1883951.0000,4764
1883951.0625,5746
1883951.1250,8011
1883951.1875,8582
1883951.2500,5486
1883951.3125,2229
1883951.3750,2094
1883951.4375,3756
1883951.5000,4669
1883951.5625,4095
1883951.6250,3119
1883951.6875,2338
1883951.7500,2421
1883951.8125,3740
1883951.8750,4631
1883951.9375,3662
1883952.0000,1944
1883952.0625,1723
1883952.1250,3039
1883952.1875,4117
1883952.2500,3796
1883952.3125,3786
1883952.3750,5366
1883952.4375,7075
1883952.5000,7105
1883952.5625,6320
1883952.6250,6158
1883952.6875,7137
1883952.7500,8651
1883952.8125,8526
1883952.8750,6073
1883952.9375,4020
1883953.0000,4858
1883953.0625,7242
1883953.1250,7950
1883953.1875,6651
1883953.2500,5175
1883953.3125,4400
1883953.3750,4434
1883953.4375,4638
1883953.5000,4355
1883953.5625,3661
1883953.6250,3224
1883953.6875,3786
1883953.7500,5081
1883953.8125,5912
1883953.8750,5178
1883953.9375,3403
1883954.0000,2338
1883954.0625,2075
1883954.1250,1172
1883954.1875,23
1883954.2500,-754
1883954.3125,-372
1883954.3750,2096
1883954.4375,4683
1883954.5000,4175
1883954.5625,1926
1883954.6250,1963
1883954.6875,4432
1883954.7500,6686
1883954.8125,6858
1883954.8750,5340
1883954.9375,4253
1883955.0000,4841
1883955.0625,4420
1883955.1250,2558
1883955.1875,4025
1883955.2500,8352
1883955.3125,10505
1883955.3750,9381
1883955.4375,7545
1883955.5000,4434
1883955.5625,2532
1883955.6250,4098
1883955.6875,6170
1883955.7500,6071
1883955.8125,4671
1883955.8750,2743
1883955.9375,1675
1883956.0000,2032
1883956.0625,3534
1883956.1250,4710
1883956.1875,2738
1883956.2500,-1036
1883956.3125,-752
1883956.3750,2653
1883956.4375,3602
1883956.5000,1664
1883956.5625,115
1883956.6250,-304
1883956.6875,1136
1883956.7500,3094
1883956.8125,3781
1883956.8750,3159
1883956.9375,3374
1883957.0000,5492
1883957.0625,6976
1883957.1250,7243
1883957.1875,7621
1883957.2500,6851
1883957.3125,5176
1883957.3750,5060
1883957.4375,4945
1883957.5000,2891
1883957.5625,1767
1883957.6250,743
1883957.6875,-12
1883957.7500,1967
1883957.8125,3126
1883957.8750,1704
1883957.9375,2473
1883958.0000,4334
1883958.0625,2824
1883958.1250,940
1883958.1875,1068
1883958.2500,478
1883958.3125,382
1883958.3750,636
1883958.4375,-1156
1883958.5000,-1945
1883958.5625,-209
1883958.6250,830
1883958.6875,387
1883958.7500,353
1883958.8125,-222
1883958.8750,-1820
1883958.9375,-2361
1883959.0000,-2259
1883959.0625,-3471
1883959.1250,-4103
1883959.1875,-2823
1883959.2500,-781
1883959.3125,1306
1883959.3750,2244
1883959.4375,2011
1883959.5000,972
1883959.5625,649
1883959.6250,1822
1883959.6875,2849
1883959.7500,2773
1883959.8125,2350
1883959.8750,2803
1883959.9375,4432
1883960.0000,6657
1883960.0625,5802
1883960.1250,2468
1883960.1875,1280
1883960.2500,2218
1883960.3125,3069
1883960.3750,3474
1883960.4375,2209
1883960.5000,-297
1883960.5625,-1523
1883960.6250,-804
1883960.6875,998
1883960.7500,1905
1883960.8125,290
1883960.8750,-1036
1883960.9375,779
1883961.0000,3297
1883961.0625,3312
1883961.1250,1564
1883961.1875,387
1883961.2500,644
1883961.3125,787
1883961.3750,271
1883961.4375,-278
1883961.5000,-1006
1883961.5625,-711
1883961.6250,1832
1883961.6875,4483
1883961.7500,4745
1883961.8125,3003
1883961.8750,1542
1883961.9375,2437
1883962.0000,4140
1883962.0625,3495
1883962.1250,1091
1883962.1875,-193
1883962.2500,1288
1883962.3125,4208
1883962.3750,5598
1883962.4375,4501
1883962.5000,2636
1883962.5625,1911
1883962.6250,3036
1883962.6875,3989
1883962.7500,3197
1883962.8125,1508
1883962.8750,500
1883962.9375,897
1883963.0000,2641
1883963.0625,3128
1883963.1250,1306
1883963.1875,403
1883963.2500,1209
1883963.3125,1601
1883963.3750,399
1883963.4375,-1392
1883963.5000,-1956
1883963.5625,-770
1883963.6250,464
1883963.6875,-51
1883963.7500,-1989
1883963.8125,-3491
1883963.8750,-2546
1883963.9375,-210
1883964.0000,971
1883964.0625,538
1883964.1250,-549
1883964.1875,-923
1883964.2500,-78
1883964.3125,1457
1883964.3750,1841
1883964.4375,1112
1883964.5000,200
1883964.5625,-300
1883964.6250,31
1883964.6875,471
1883964.7500,125
1883964.8125,-297
1883964.8750,306
1883964.9375,1041
1883965.0000,592
1883965.0625,-310
1883965.1250,-931
1883965.1875,-1306
1883965.2500,-1155
1883965.3125,-793
1883965.3750,-1032
1883965.4375,-1690
1883965.5000,-1984
1883965.5625,-1171
1883965.6250,-506
1883965.6875,-1365
1883965.7500,-2158
1883965.8125,-2234
1883965.8750,-2648
1883965.9375,-2610
1883966.0000,-1714
1883966.0625,-1017
1883966.1250,-660
1883966.1875,-403
1883966.2500,116
1883966.3125,1705
1883966.3750,2073
1883966.4375,633
1883966.5000,-540
1883966.5625,-500
1883966.6250,-288
1883966.6875,-133
1883966.7500,-735
1883966.8125,-937
1883966.8750,-35
1883966.9375,209
1883967.0000,-26
1883967.0625,130
1883967.1250,1867
1883967.1875,3212
1883967.2500,2350
1883967.3125,820
1883967.3750,89
1883967.4375,-1118
1883967.5000,-2725
1883967.5625,-3389
1883967.6250,-2478
1883967.6875,-1006
1883967.7500,-515
1883967.8125,-1872
1883967.8750,-3032
1883967.9375,-2981
1883968.0000,-983
1883968.0625,1077
1883968.1250,627
1883968.1875,-2160
1883968.2500,-3787
1883968.3125,-3525
1883968.3750,-2097
1883968.4375,-1071
1883968.5000,-1693
1883968.5625,-2538
1883968.6250,-2476
1883968.6875,-1508
1883968.7500,222
1883968.8125,1482
1883968.8750,1178
1883968.9375,-1113
1883969.0000,-2835
1883969.0625,-2218
1883969.1250,-701
1883969.1875,-486
1883969.2500,-65
1883969.3125,1268
1883969.3750,1248
1883969.4375,672
1883969.5000,1633
1883969.5625,2591
1883969.6250,2123
1883969.6875,2328
1883969.7500,2226
1883969.8125,-16
1883969.8750,-3175
1883969.9375,-4601
1883970.0000,-3373
1883970.0625,-542
1883970.1250,862
1883970.1875,-489
1883970.2500,-1666
1883970.3125,-1270
1883970.3750,-424
1883970.4375,-866
1883970.5000,-3034
1883970.5625,-6129
1883970.6250,-7373
1883970.6875,-5455
1883970.7500,-2707
1883970.8125,-2312
1883970.8750,-3673
1883970.9375,-4047
1883971.0000,-2999
1883971.0625,-3047
1883971.1250,-4970
1883971.1875,-6750
1883971.2500,-6088
1883971.3125,-3164
1883971.3750,-446
1883971.4375,-312
1883971.5000,-1145
1883971.5625,-440
1883971.6250,448
1883971.6875,1211
1883971.7500,1094
1883971.8125,-829
1883971.8750,-2184
1883971.9375,-869
1883972.0000,749
1883972.0625,1097
1883972.1250,1027
1883972.1875,778
1883972.2500,628
1883972.3125,1381
1883972.3750,1871
1883972.4375,846
1883972.5000,-463
1883972.5625,-408
1883972.6250,761
1883972.6875,1663
1883972.7500,1759
1883972.8125,820
1883972.8750,-387
1883972.9375,-1186
1883973.0000,-1684
1883973.0625,-2229
1883973.1250,-2417
1883973.1875,-1636
1883973.2500,-506
1883973.3125,-101
1883973.3750,-222
1883973.4375,-417
1883973.5000,-89
1883973.5625,556
1883973.6250,584
1883973.6875,-988
1883973.7500,-3521
1883973.8125,-4511
1883973.8750,-2763
1883973.9375,-67
1883974.0000,643
1883974.0625,-944
1883974.1250,-3259
1883974.1875,-4757
1883974.2500,-4781
1883974.3125,-3939
1883974.3750,-3248
1883974.4375,-3749
1883974.5000,-4556
1883974.5625,-4723
1883974.6250,-4238
1883974.6875,-3350
1883974.7500,-3782
1883974.8125,-4984
1883974.8750,-5671
1883974.9375,-5797
1883975.0000,-5600
1883975.0625,-4856
1883975.1250,-4151
1883975.1875,-3836
1883975.2500,-3487
1883975.3125,-3284
1883975.3750,-3237
1883975.4375,-3462
1883975.5000,-3310
1883975.5625,-2244
1883975.6250,-1547
1883975.6875,-2179
1883975.7500,-3013
1883975.8125,-3042
1883975.8750,-2402
1883975.9375,-1327
1883976.0000,-206
1883976.0625,-794
1883976.1250,-2712
1883976.1875,-3129
1883976.2500,-921
1883976.3125,633
1883976.3750,-1046
1883976.4375,-3956
1883976.5000,-4672
1883976.5625,-2372
1883976.6250,346
1883976.6875,1247
1883976.7500,170
1883976.8125,-1960
1883976.8750,-3135
1883976.9375,-1920
1883977.0000,-65
1883977.0625,-516
1883977.1250,-3028
1883977.1875,-4804
1883977.2500,-4089
1883977.3125,-2164
1883977.3750,-1459
1883977.4375,-2432
1883977.5000,-3195
1883977.5625,-1937
1883977.6250,-19
1883977.6875,468
1883977.7500,-407
1883977.8125,-1288
1883977.8750,-927
1883977.9375,221
1883978.0000,329
1883978.0625,-735
1883978.1250,-1541
1883978.1875,-1632
1883978.2500,-1395
1883978.3125,-1365
1883978.3750,-2421
1883978.4375,-4105
1883978.5000,-4592
1883978.5625,-3389
1883978.6250,-1771
1883978.6875,-1441
1883978.7500,-2175
1883978.8125,-2662
1883978.8750,-2144
1883978.9375,-1739
1883979.0000,-1918
1883979.0625,-3009
1883979.1250,-4090
1883979.1875,-3474
1883979.2500,-544
1883979.3125,1633
1883979.3750,848
1883979.4375,-1645
1883979.5000,-3090
1883979.5625,-2570
1883979.6250,-1964
1883979.6875,-2120
1883979.7500,-2302
1883979.8125,-2186
1883979.8750,-1712
1883979.9375,52
1883980.0000,1570
1883980.0625,1446
1883980.1250,651
1883980.1875,380
1883980.2500,-239
1883980.3125,-1133
1883980.3750,-1086
1883980.4375,656
1883980.5000,2489
1883980.5625,2554
1883980.6250,2263
1883980.6875,2937
1883980.7500,3730
1883980.8125,3495
1883980.8750,2694
1883980.9375,2035
1883981.0000,1241
1883981.0625,-520
1883981.1250,-1286
1883981.1875,298
1883981.2500,2282
1883981.3125,2742
1883981.3750,1784
1883981.4375,274
1883981.5000,-446
1883981.5625,-136
1883981.6250,541
1883981.6875,316
1883981.7500,-638
1883981.8125,-1148
1883981.8750,-388
1883981.9375,968
1883982.0000,1528
1883982.0625,388
1883982.1250,-1498
1883982.1875,-1746
1883982.2500,-732
1883982.3125,-626
1883982.3750,-1580
1883982.4375,-2478
1883982.5000,-2361
1883982.5625,-722
1883982.6250,787
1883982.6875,42
1883982.7500,-908
1883982.8125,92
1883982.8750,2546
1883982.9375,4768
1883983.0000,5511
1883983.0625,5109
1883983.1250,4347
1883983.1875,3827
1883983.2500,4087
1883983.3125,4582
1883983.3750,3872
1883983.4375,2572
1883983.5000,2025
1883983.5625,2564
1883983.6250,4402
1883983.6875,6052
1883983.7500,6091
1883983.8125,5787
1883983.8750,6304
1883983.9375,5586
1883984.0000,3292
1883984.0625,1082
1883984.1250,467
1883984.1875,1458
1883984.2500,2567
1883984.3125,1798
1883984.3750,-94
1883984.4375,181
1883984.5000,2699
1883984.5625,4633
1883984.6250,3608
1883984.6875,128
1883984.7500,-3080
1883984.8125,-3344
1883984.8750,-652
1883984.9375,1841
1883985.0000,1028
1883985.0625,-1934
1883985.1250,-2448
1883985.1875,455
1883985.2500,3356
1883985.3125,3018
1883985.3750,-16
1883985.4375,-1996
1883985.5000,-1140
1883985.5625,1043
1883985.6250,2182
1883985.6875,1740
1883985.7500,1089
1883985.8125,1841
1883985.8750,4107
1883985.9375,5668
1883986.0000,4835
1883986.0625,3063
1883986.1250,2853
1883986.1875,4560
1883986.2500,6094
1883986.3125,5701
1883986.3750,4471
1883986.4375,4474
1883986.5000,5920
1883986.5625,6608
1883986.6250,4981
1883986.6875,2514
1883986.7500,2553
1883986.8125,5096
1883986.8750,7025
1883986.9375,6320
1883987.0000,3692
1883987.0625,1795
1883987.1250,2781
1883987.1875,4871
1883987.2500,4539
1883987.3125,2016
1883987.3750,758
1883987.4375,2488
1883987.5000,6053
1883987.5625,8961
1883987.6250,9109
1883987.6875,7156
1883987.7500,5872
1883987.8125,6523
1883987.8750,7652
1883987.9375,6558
1883988.0000,3326
1883988.0625,1324
1883988.1250,2583
1883988.1875,5223
1883988.2500,6983
1883988.3125,6747
1883988.3750,6410
1883988.4375,8141
1883988.5000,10038
1883988.5625,9201
1883988.6250,5924
1883988.6875,3102
1883988.7500,3136
1883988.8125,5513
1883988.8750,7584
1883988.9375,7755
1883989.0000,6709
1883989.0625,6347
1883989.1250,7132
1883989.1875,7079
1883989.2500,5371
1883989.3125,2888
1883989.3750,1142
1883989.4375,1880
1883989.5000,3646
1883989.5625,4029
1883989.6250,3064
1883989.6875,2658
1883989.7500,3868
1883989.8125,5531
1883989.8750,5724
1883989.9375,4434
1883990.0000,3914
1883990.0625,4970
1883990.1250,6452
1883990.1875,7230
1883990.2500,6531
1883990.3125,5148
1883990.3750,5014
1883990.4375,6864
1883990.5000,8092
1883990.5625,6921
1883990.6250,5288
1883990.6875,5002
1883990.7500,5756
1883990.8125,7029
1883990.8750,8201
1883990.9375,7630
1883991.0000,5087
1883991.0625,3536
1883991.1250,4692
1883991.1875,5778
1883991.2500,4731
1883991.3125,3055
1883991.3750,3048
1883991.4375,4264
1883991.5000,4418
1883991.5625,3247
1883991.6250,2229
1883991.6875,2126
1883991.7500,2312
1883991.8125,1399
1883991.8750,-1242
1883991.9375,-3154
1883992.0000,-1256
1883992.0625,3616
1883992.1250,7112
1883992.1875,7604
1883992.2500,5677
1883992.3125,3321
1883992.3750,2027
1883992.4375,3375
1883992.5000,4946
1883992.5625,4523
1883992.6250,3248
1883992.6875,3944
1883992.7500,7004
1883992.8125,9861
1883992.8750,8535
1883992.9375,2951
1883993.0000,507
1883993.0625,3504
1883993.1250,6481
1883993.1875,5692
1883993.2500,3550
1883993.3125,2227
1883993.3750,1885
1883993.4375,2334
1883993.5000,2056
1883993.5625,1892
1883993.6250,3728
1883993.6875,4960
1883993.7500,3327
1883993.8125,557
1883993.8750,-1375
1883993.9375,-501
1884002.0000,-410
1884002.0625,1618
1884002.1250,2085
1884002.1875,897
1884002.2500,430
1884002.3125,1073
1884002.3750,1512
1884002.4375,1858
1884002.5000,1392
1884002.5625,-208
1884002.6250,-235
1884002.6875,1872
1884002.7500,3134
1884002.8125,1938
1884002.8750,-131
1884002.9375,-909
1884003.0000,137
1884003.0625,800
1884003.1250,-745
1884003.1875,-2543
1884003.2500,-3006
1884003.3125,-2269
1884003.3750,-936
1884003.4375,-303
1884003.5000,-1391
1884003.5625,-2354
1884003.6250,-1415
1884003.6875,102
1884003.7500,158
1884003.8125,-1670
1884003.8750,-3667
1884003.9375,-4314
1884004.0000,-3001
1884004.0625,-186
1884004.1250,1302
1884004.1875,-630
1884004.2500,-3331
1884004.3125,-3109
1884004.3750,-300
1884004.4375,1216
1884004.5000,-863
1884004.5625,-3355
1884004.6250,-3109
1884004.6875,-1346
1884004.7500,-436
1884004.8125,-910
1884004.8750,-1653
1884004.9375,-1266
1884005.0000,-670
1884005.0625,-1819
1884005.1250,-2839
1884005.1875,-2768
1884005.2500,-1931
1884005.3125,-916
1884005.3750,802
1884005.4375,1243
1884005.5000,-1128
1884005.5625,-3350
1884005.6250,-3564
1884005.6875,-2423
1884005.7500,-990
1884005.8125,-1665
1884005.8750,-4124
1884005.9375,-4711
1884006.0000,-1968
1884006.0625,-420
1884006.1250,-2314
1884006.1875,-4943
1884006.2500,-4873
1884006.3125,-2814
1884006.3750,-1489
1884006.4375,-1433
1884006.5000,-966
1884006.5625,-37
1884006.6250,922
1884006.6875,39
1884006.7500,-2455
1884006.8125,-3762
1884006.8750,-3120
1884006.9375,-1746
1884007.0000,-894
1884007.0625,-1471
1884007.1250,-2575
1884007.1875,-2734
1884007.2500,-1207
1884007.3125,758
1884007.3750,1117
1884007.4375,-370
1884007.5000,-1333
1884007.5625,-463
1884007.6250,-329
1884007.6875,-1665
1884007.7500,-2575
1884007.8125,-2106
1884007.8750,-1226
1884007.9375,-787
1884008.0000,-704
1884008.0625,-82
1884008.1250,-306
1884008.1875,-2408
1884008.2500,-3687
1884008.3125,-3304
1884008.3750,-3190
1884008.4375,-4322
1884008.5000,-3966
1884008.5625,-2015
1884008.6250,44
1884008.6875,1300
1884008.7500,2354
1884008.8125,1904
1884008.8750,-567
1884008.9375,-2180
1884009.0000,-1482
1884009.0625,-767
1884009.1250,-1304
1884009.1875,-2276
1884009.2500,-2669
1884009.3125,-2406
1884009.3750,-2270
1884009.4375,-1351
1884009.5000,823
1884009.5625,2355
1884009.6250,1842
1884009.6875,320
1884009.7500,-1358
1884009.8125,-2186
1884009.8750,-1991
1884009.9375,-803
1884010.0000,47
1884010.0625,-1440
1884010.1250,-3865
1884010.1875,-4590
1884010.2500,-3378
1884010.3125,-2192
1884010.3750,-2910
1884010.4375,-4857
1884010.5000,-6220
1884010.5625,-5583
1884010.6250,-3142
1884010.6875,-1288
1884010.7500,-1783
1884010.8125,-2746
1884010.8750,-2043
1884010.9375,-1414
1884011.0000,-2304
1884011.0625,-3322
1884011.1250,-3079
1884011.1875,-1982
1884011.2500,-731
1884011.3125,-368
1884011.3750,-1404
1884011.4375,-2473
1884011.5000,-2213
1884011.5625,-756
1884011.6250,-25
1884011.6875,-1597
1884011.7500,-3658
1884011.8125,-3689
1884011.8750,-1662
1884011.9375,498
1884012.0000,-36
1884012.0625,-2608
1884012.1250,-3859
1884012.1875,-3499
1884012.2500,-3417
1884012.3125,-4095
1884012.3750,-5740
1884012.4375,-7624
1884012.5000,-7608
1884012.5625,-5465
1884012.6250,-3101
1884012.6875,-2933
1884012.7500,-4591
1884012.8125,-5537
1884012.8750,-4737
1884012.9375,-3180
1884013.0000,-2290
1884013.0625,-2471
1884013.1250,-3058
1884013.1875,-3335
1884013.2500,-3078
1884013.3125,-2726
1884013.3750,-2754
1884013.4375,-2578
1884013.5000,-2001
1884013.5625,-1737
1884013.6250,-2171
1884013.6875,-2989
1884013.7500,-3265
1884013.8125,-2735
1884013.8750,-2491
1884013.9375,-3009
1884014.0000,-3989
1884014.0625,-4883
1884014.1250,-4610
1884014.1875,-3369
1884014.2500,-2156
1884014.3125,-1399
1884014.3750,-1796
1884014.4375,-3541
1884014.5000,-4501
1884014.5625,-3420
1884014.6250,-1531
1884014.6875,-1063
1884014.7500,-2066
1884014.8125,-2679
1884014.8750,-2014
1884014.9375,-568
1884015.0000,716
1884015.0625,487
1884015.1250,-1458
1884015.1875,-3018
1884015.2500,-2796
1884015.3125,-1816
1884015.3750,-1346
1884015.4375,-1981
1884015.5000,-3076
1884015.5625,-3236
1884015.6250,-2002
1884015.6875,-611
1884015.7500,-606
1884015.8125,-1750
1884015.8750,-2805
1884015.9375,-2698
1884016.0000,-1699
1884016.0625,-1198
1884016.1250,-1800
1884016.1875,-2585
1884016.2500,-2813
1884016.3125,-2592
1884016.3750,-1950
1884016.4375,-1457
1884016.5000,-1807
1884016.5625,-2948
1884016.6250,-3402
1884016.6875,-2830
1884016.7500,-2342
1884016.8125,-2079
1884016.8750,-1217
1884016.9375,-532
1884017.0000,-866
1884017.0625,-1920
1884017.1250,-3280
1884017.1875,-3742
1884017.2500,-2990
1884017.3125,-2419
1884017.3750,-3246
1884017.4375,-5270
1884017.5000,-6788
1884017.5625,-6458
1884017.6250,-4953
1884017.6875,-3686
1884017.7500,-3447
1884017.8125,-4087
1884017.8750,-4744
1884017.9375,-4579
1884018.0000,-3583
1884018.0625,-2501
1884018.1250,-1791
1884018.1875,-1218
1884018.2500,-92
1884018.3125,1031
1884018.3750,1003
1884018.4375,222
1884018.5000,-97
1884018.5625,698
1884018.6250,1400
1884018.6875,826
1884018.7500,673
1884018.8125,1625
1884018.8750,2838
1884018.9375,3655
1884019.0000,4867
1884019.0625,4859
1884019.1250,3253
1884019.1875,2123
1884019.2500,2360
1884019.3125,2767
1884019.3750,3284
1884019.4375,3802
1884019.5000,3500
1884019.5625,2653
1884019.6250,2531
1884019.6875,2945
1884019.7500,3074
1884019.8125,2717
1884019.8750,2056
1884019.9375,1432
1884020.0000,1341
1884020.0625,984
1884020.1250,-474
1884020.1875,-1324
1884020.2500,-1723
1884020.3125,-2406
1884020.3750,-2726
1884020.4375,-2280
1884020.5000,-1412
1884020.5625,357
1884020.6250,2662
1884020.6875,3627
1884020.7500,2330
1884020.8125,132
1884020.8750,-442
1884020.9375,1014
1884021.0000,2608
1884021.0625,2622
1884021.1250,2368
1884021.1875,3267
1884021.2500,4654
1884021.3125,5396
1884021.3750,5216
1884021.4375,3967
1884021.5000,2164
1884021.5625,895
1884021.6250,1312
1884021.6875,3037
1884021.7500,3331
1884021.8125,1616
1884021.8750,1041
1884021.9375,1960
1884022.0000,2070
1884022.0625,1181
1884022.1250,632
1884022.1875,1126
1884022.2500,2036
1884022.3125,2055
1884022.3750,1020
1884022.4375,32
1884022.5000,-746
1884022.5625,-645
1884022.6250,292
1884022.6875,816
1884022.7500,676
1884022.8125,944
1884022.8750,2070
1884022.9375,4271
1884023.0000,5938
1884023.0625,5722
1884023.1250,5119
1884023.1875,5183
1884023.2500,4531
1884023.3125,2833
1884023.3750,1891
1884023.4375,2187
1884023.5000,3431
1884023.5625,5196
1884023.6250,6524
1884023.6875,6463
1884023.7500,5810
1884023.8125,5601
1884023.8750,5776
1884023.9375,5102
1884024.0000,3416
1884024.0625,2607
1884024.1250,3613
1884024.1875,5428
1884024.2500,6610
1884024.3125,6950
1884024.3750,6929
1884024.4375,6575
1884024.5000,6109
1884024.5625,5240
1884024.6250,3588
1884024.6875,1570
1884024.7500,-103
1884024.8125,-828
1884024.8750,-596
1884024.9375,-51
1884025.0000,200
1884025.0625,1414
1884025.1250,3540
1884025.1875,5102
1884025.2500,5299
1884025.3125,5075
1884025.3750,5370
1884025.4375,5864
1884025.5000,6244
1884025.5625,6181
1884025.6250,5835
1884025.6875,5506
1884025.7500,5594
1884025.8125,6963
1884025.8750,8938
1884025.9375,9289
1884026.0000,7278
1884026.0625,5726
1884026.1250,6197
1884026.1875,7394
1884026.2500,7340
1884026.3125,5847
1884026.3750,3925
1884026.4375,3126
1884026.5000,4190
1884026.5625,5681
1884026.6250,5658
1884026.6875,3968
1884026.7500,2342
1884026.8125,2615
1884026.8750,4760
1884026.9375,7120
1884027.0000,8120
1884027.0625,7812
1884027.1250,6956
1884027.1875,6468
1884027.2500,6801
1884027.3125,6387
1884027.3750,4773
1884027.4375,3877
1884027.5000,5013
1884027.5625,6745
1884027.6250,7227
1884027.6875,6766
1884027.7500,5673
1884027.8125,5486
1884027.8750,6954
1884027.9375,7858
1884028.0000,7107
1884028.0625,6065
1884028.1250,6018
1884028.1875,7890
1884028.2500,9835
1884028.3125,9636
1884028.3750,8182
1884028.4375,7149
1884028.5000,6481
1884028.5625,5439
1884028.6250,3877
1884028.6875,2739
1884028.7500,3723
1884028.8125,6619
1884028.8750,8130
1884028.9375,7187
1884029.0000,5825
1884029.0625,5817
1884029.1250,6883
1884029.1875,7048
1884029.2500,5649
1884029.3125,3588
1884029.3750,1890
1884029.4375,1318
1884029.5000,2510
1884029.5625,4839
1884029.6250,5927
1884029.6875,4827
1884029.7500,3202
1884029.8125,2543
1884029.8750,2982
1884029.9375,3586
1884030.0000,3529
1884030.0625,3333
1884030.1250,3555
1884030.1875,3589
1884030.2500,3544
1884030.3125,5105
1884030.3750,8123
1884030.4375,10531
1884030.5000,11083
1884030.5625,10031
1884030.6250,8627
1884030.6875,7730
1884030.7500,7906
1884030.8125,8125
1884030.8750,7401
1884030.9375,5561
1884031.0000,4021
1884031.0625,3370
1884031.1250,4186
1884031.1875,5487
1884031.2500,5904
1884031.3125,5179
1884031.3750,4752
1884031.4375,3780
1884031.5000,1797
1884031.5625,1760
1884031.6250,4360
1884031.6875,5775
1884031.7500,3280
1884031.8125,-631
1884031.8750,-2614
1884031.9375,-2791
1884032.0000,-2413
1884032.0625,-675
1884032.1250,3043
1884032.1875,6711
1884032.2500,6786
1884032.3125,4314
1884032.3750,2377
1884032.4375,1508
1884032.5000,1830
1884032.5625,2087
1884032.6250,1909
1884032.6875,1867
1884032.7500,2588
1884032.8125,4748
1884032.8750,6727
1884032.9375,7329
1884033.0000,6132
1884033.0625,4118
1884033.1250,2831
1884033.1875,3515
1884033.2500,4337
1884033.3125,3211
1884033.3750,1637
1884033.4375,1406
1884033.5000,1796
1884033.5625,2222
1884033.6250,2115
1884033.6875,907
1884033.7500,-229
1884033.8125,-338
1884033.8750,7
1884033.9375,476
1884034.0000,213
1884034.0625,-702
1884034.1250,217
1884034.1875,2203
1884034.2500,2693
1884034.3125,1726
1884034.3750,-221
1884034.4375,-2412
1884034.5000,-3403
1884034.5625,-2648
1884034.6250,-881
1884034.6875,460
1884034.7500,395
1884034.8125,-241
1884034.8750,112
1884034.9375,1507
1884035.0000,2426
1884035.0625,2553
1884035.1250,2656
1884035.1875,2852
1884035.2500,1878
1884035.3125,-9
1884035.3750,-649
1884035.4375,821
1884035.5000,2786
1884035.5625,3649
1884035.6250,3573
1884035.6875,2516
1884035.7500,1426
1884035.8125,2532
1884035.8750,3775
1884035.9375,2846
1884036.0000,1453
1884036.0625,1502
1884036.1250,2541
1884036.1875,2784
1884036.2500,651
1884036.3125,-2103
1884036.3750,-2511
1884036.4375,-1195
1884036.5000,565
1884036.5625,1417
1884036.6250,699
1884036.6875,30
1884036.7500,1033
1884036.8125,2483
1884036.8750,2314
1884036.9375,442
1884037.0000,-959
1884037.0625,606
1884037.1250,4130
1884037.1875,6699
1884037.2500,6701
1884037.3125,5712
1884037.3750,5392
1884037.4375,5937
1884037.5000,6644
1884037.5625,6219
1884037.6250,4397
1884037.6875,3176
1884037.7500,3458
1884037.8125,3606
1884037.8750,3249
1884037.9375,3393
1884038.0000,3881
1884038.0625,4087
1884038.1250,3112
1884038.1875,838
1884038.2500,-1294
1884038.3125,-1082
1884038.3750,1094
1884038.4375,2390
1884038.5000,1385
1884038.5625,-832
1884038.6250,-1668
1884038.6875,-312
1884038.7500,1941
1884038.8125,3040
1884038.8750,1271
1884038.9375,-1704
1884039.0000,-1849
1884039.0625,766
1884039.1250,2404
1884039.1875,1426
1884039.2500,-506
1884039.3125,-896
1884039.3750,868
1884039.4375,2450
1884039.5000,2582
1884039.5625,2015
1884039.6250,1163
1884039.6875,523
1884039.7500,1127
1884039.8125,2299
1884039.8750,2614
1884039.9375,1611
1884040.0000,-213
1884040.0625,-758
1884040.1250,201
1884040.1875,1111
1884040.2500,2061
1884040.3125,2691
1884040.3750,1682
1884040.4375,616
1884040.5000,330
1884040.5625,390
1884040.6250,813
1884040.6875,647
1884040.7500,-303
1884040.8125,-827
1884040.8750,-1090
1884040.9375,-1541
1884041.0000,-911
1884041.0625,537
1884041.1250,1113
1884041.1875,166
1884041.2500,-1571
1884041.3125,-2127
1884041.3750,-1020
1884041.4375,-413
1884041.5000,-1541
1884041.5625,-3212
1884041.6250,-4413
1884041.6875,-4226
1884041.7500,-2306
1884041.8125,-594
1884041.8750,-861
1884041.9375,-2026
1884042.0000,-2670
1884042.0625,-1695
1884042.1250,314
1884042.1875,1452
1884042.2500,441
1884042.3125,-1794
1884042.3750,-2635
1884042.4375,-905
1884042.5000,1822
1884042.5625,1840
1884042.6250,-293
1884042.6875,-2389
1884042.7500,-2669
1884042.8125,-2531
1884042.8750,-2994
1884042.9375,-3296
1884043.0000,-3780
1884043.0625,-3402
1884043.1250,-2684
1884043.1875,-2935
1884043.2500,-2956
1884043.3125,-2375
1884043.3750,-2278
1884043.4375,-2375
1884043.5000,-2410
1884043.5625,-3990
1884043.6250,-5494
1884043.6875,-4705
1884043.7500,-3681
1884043.8125,-3831
1884043.8750,-4443
1884043.9375,-4265
1884044.0000,-2022
1884044.0625,1219
1884044.1250,1930
1884044.1875,-510
1884044.2500,-2935
1884044.3125,-2219
1884044.3750,1040
1884044.4375,3474
1884044.5000,2510
1884044.5625,-787
1884044.6250,-2732
1884044.6875,-1647
1884044.7500,284
1884044.8125,958
1884044.8750,271
1884044.9375,-951
1884045.0000,-1247
1884045.0625,1054
1884045.1250,2530
1884045.1875,-51
1884045.2500,-3292
1884045.3125,-4175
1884045.3750,-4038
1884045.4375,-4154
1884045.5000,-3752
1884045.5625,-2326
1884045.6250,406
1884045.6875,2801
1884045.7500,3056
1884045.8125,1614
1884045.8750,412
1884045.9375,-777
1884046.0000,-1194
1884046.0625,-1078
1884046.1250,-1215
1884046.1875,-1404
1884046.2500,-657
1884046.3125,714
1884046.3750,1194
1884046.4375,320
1884046.5000,-1334
1884046.5625,-2318
1884046.6250,-2125
1884046.6875,-1046
1884046.7500,-496
1884046.8125,-994
1884046.8750,-2044
1884046.9375,-1684
1884047.0000,-290
1884047.0625,394
1884047.1250,86
1884047.1875,-884
1884047.2500,-1978
1884047.3125,-1351
1884047.3750,-44
1884047.4375,-307
1884047.5000,-1264
1884047.5625,-1805
1884047.6250,-1261
1884047.6875,194
1884047.7500,307
1884047.8125,-2079
1884047.8750,-3538
1884047.9375,-2468
1884048.0000,-1654
1884048.0625,-2464
1884048.1250,-3582
1884048.1875,-5010
1884048.2500,-6262
1884048.3125,-6310
1884048.3750,-5387
1884048.4375,-4850
1884048.5000,-4358
1884048.5625,-3076
1884048.6250,-817
1884048.6875,967
1884048.7500,1046
1884048.8125,-112
1884048.8750,-1417
1884048.9375,-1261
1884049.0000,-545
1884049.0625,-1443
1884049.1250,-2885
1884049.1875,-3112
1884049.2500,-2303
1884049.3125,-1085
1884049.3750,-711
1884049.4375,-1853
1884049.5000,-3395
1884049.5625,-3563
1884049.6250,-2687
1884049.6875,-3007
1884049.7500,-4818
1884049.8125,-5778
1884049.8750,-5443
1884049.9375,-4512
1884050.0000,-4077
1884050.0625,-5489
1884050.1250,-7704
1884050.1875,-7987
1884050.2500,-6536
1884050.3125,-4602
1884050.3750,-3478
1884050.4375,-3798
1884050.5000,-4608
1884050.5625,-4825
1884050.6250,-4957
1884050.6875,-5538
1884050.7500,-6155
1884050.8125,-6496
1884050.8750,-5707
1884050.9375,-3579
1884051.0000,-1534
1884051.0625,-21
1884051.1250,607
1884051.1875,-649
1884051.2500,-3082
1884051.3125,-5003
1884051.3750,-6292
1884051.4375,-6797
1884051.5000,-6256
1884051.5625,-5342
1884051.6250,-4963
1884051.6875,-5427
1884051.7500,-5574
1884051.8125,-4380
1884051.8750,-3553
1884051.9375,-3940
1884052.0000,-4771
1884052.0625,-5371
1884052.1250,-4539
1884052.1875,-2198
1884052.2500,-358
1884052.3125,-540
1884052.3750,-2240
1884052.4375,-3785
1884052.5000,-3663
1884052.5625,-2073
1884052.6250,-477
1884052.6875,107
1884052.7500,-712
1884052.8125,-2380
1884052.8750,-3488
1884052.9375,-3608
1884053.0000,-3123
1884053.0625,-2556
1884053.1250,-1895
1884053.1875,-1392
1884053.2500,-1814
1884053.3125,-2432
1884053.3750,-2267
1884053.4375,-1655
1884053.5000,-1331
1884053.5625,-1372
1884053.6250,-1679
1884053.6875,-1975
1884053.7500,-1804
1884053.8125,-788
1884053.8750,598
1884053.9375,896
1884054.0000,-330
1884054.0625,-1849
1884054.1250,-2265
1884054.1875,-1567
1884054.2500,-56
1884054.3125,781
1884054.3750,571
1884054.4375,74
1884054.5000,-261
1884054.5625,-1092
1884054.6250,-2419
1884054.6875,-3015
1884054.7500,-2841
1884054.8125,-2926
1884054.8750,-3048
1884054.9375,-2592
1884055.0000,-1557
1884055.0625,-469
1884055.1250,-646
1884055.1875,-2860
1884055.2500,-5148
1884055.3125,-5951
1884055.3750,-5354
1884055.4375,-3467
1884055.5000,-1500
1884055.5625,-1629
1884055.6250,-3214
1884055.6875,-3646
1884055.7500,-2478
1884055.8125,-1404
1884055.8750,-1550
1884055.9375,-1686
1884056.0000,-1439
1884056.0625,-1608
1884056.1250,-1916
1884056.1875,-1446
1884056.2500,113
1884056.3125,1657
1884056.3750,2749
1884056.4375,2976
1884056.5000,1897
1884056.5625,96
1884056.6250,-542
1884056.6875,672
1884056.7500,1957
1884056.8125,2071
1884056.8750,1707
1884056.9375,1987
1884057.0000,3615
1884057.0625,4956
1884057.1250,4141
1884057.1875,2167
1884057.2500,514
1884057.3125,-415
1884057.3750,288
1884057.4375,1607
1884057.5000,1437
1884057.5625,697
1884057.6250,686
1884057.6875,1271
1884057.7500,1583
1884057.8125,533
1884057.8750,-1365
1884057.9375,-2705
1884058.0000,-3140
1884058.0625,-2965
1884058.1250,-1983
1884058.1875,-918
1884058.2500,-547
1884058.3125,-480
1884058.3750,-157
1884058.4375,567
1884058.5000,989
1884058.5625,530
1884058.6250,85
1884058.6875,-334
1884058.7500,-1194
1884058.8125,-1993
1884058.8750,-1579
1884058.9375,-85
1884059.0000,1481
1884059.0625,2237
1884059.1250,1676
1884059.1875,566
1884059.2500,1182
1884059.3125,2924
1884059.3750,3769
1884059.4375,3305
1884059.5000,2766
1884059.5625,2887
1884059.6250,3602
1884059.6875,4692
1884059.7500,4595
1884059.8125,2669
1884059.8750,-241
1884059.9375,-2693
1884060.0000,-3654
1884060.0625,-2564
1884060.1250,-245
1884060.1875,1710
1884060.2500,2140
1884060.3125,1468
1884060.3750,1363
1884060.4375,2735
1884060.5000,3867
1884060.5625,3527
1884060.6250,2472
1884060.6875,1968
1884060.7500,2569
1884060.8125,4724
1884060.8750,7664
1884060.9375,9414
1884061.0000,9080
1884061.0625,7685
1884061.1250,6686
1884061.1875,5802
1884061.2500,4848
1884061.3125,4171
1884061.3750,3758
1884061.4375,3241
1884061.5000,3306
1884061.5625,4167
1884061.6250,5157
1884061.6875,5615
1884061.7500,5728
1884061.8125,6022
1884061.8750,6163
1884061.9375,5086
1884062.0000,2735
1884062.0625,913
1884062.1250,655
1884062.1875,1348
1884062.2500,2392
1884062.3125,2974
1884062.3750,2459
1884062.4375,1489
1884062.5000,1710
1884062.5625,3007
1884062.6250,2683
1884062.6875,535
1884062.7500,99
1884062.8125,1398
1884062.8750,2331
1884062.9375,2895
1884063.0000,3129
1884063.0625,2337
1884063.1250,2263
1884063.1875,4125
1884063.2500,5564
1884063.3125,5854
1884063.3750,7267
1884063.4375,10469
1884063.5000,13025
1884063.5625,12511
1884063.6250,9213
1884063.6875,5702
1884063.7500,4220
1884063.8125,4552
1884063.8750,4783
1884063.9375,3733
1884064.0000,3223
1884064.0625,4895
1884064.1250,7172
1884064.1875,9155
1884064.2500,9866
1884064.3125,8071
1884064.3750,5409
1884064.4375,4066
1884064.5000,4206
1884064.5625,4184
1884064.6250,3188
1884064.6875,2427
1884064.7500,3637
1884064.8125,5735
1884064.8750,6976
1884064.9375,6560
1884065.0000,5534
1884065.0625,6222
1884065.1250,7456
1884065.1875,7085
1884065.2500,5742
1884065.3125,4504
1884065.3750,3533
1884065.4375,3704
1884065.5000,4503
1884065.5625,4541
1884065.6250,4101
1884065.6875,4203
1884065.7500,4799
1884065.8125,5235
1884065.8750,5465
1884065.9375,5943
1884066.0000,6423
1884066.0625,6302
1884066.1250,5898
1884066.1875,5682
1884066.2500,5022
1884066.3125,4015
1884066.3750,3496
1884066.4375,3049
1884066.5000,2091
1884066.5625,1021
1884066.6250,1439
1884066.6875,4242
1884066.7500,6858
1884066.8125,7334
1884066.8750,6804
1884066.9375,5642
1884067.0000,3939
1884067.0625,3211
1884067.1250,3299
1884067.1875,2791
1884067.2500,1523
1884067.3125,1047
1884067.3750,2489
1884067.4375,4627
1884067.5000,5463
1884067.5625,5098
1884067.6250,4842
1884067.6875,5388
1884067.7500,5215
1884067.8125,3372
1884067.8750,1342
1884067.9375,1135
1884068.0000,2641
1884068.0625,3973
1884068.1250,4591
1884068.1875,4684
1884068.2500,4874
1884068.3125,5923
1884068.3750,8086
1884068.4375,9636
1884068.5000,9340
1884068.5625,8474
1884068.6250,8273
1884068.6875,8621
1884068.7500,10026
1884068.8125,10678
1884068.8750,9791
1884068.9375,8710
1884069.0000,7459
1884069.0625,5431
1884069.1250,4097
1884069.1875,3139
1884069.2500,2784
1884069.3125,4079
1884069.3750,5580
1884069.4375,4840
1884069.5000,2212
1884069.5625,-340
1884069.6250,-1688
1884069.6875,-831
1884069.7500,2100
1884069.8125,3964
1884069.8750,2588
1884069.9375,935
1884070.0000,1468
1884070.0625,2604
1884070.1250,2424
1884070.1875,1850
1884070.2500,2398
1884070.3125,4211
1884070.3750,5679
1884070.4375,5116
1884070.5000,3117
1884070.5625,1777
1884070.6250,3200
1884070.6875,4939
1884070.7500,4304
1884070.8125,3356
1884070.8750,3032
1884070.9375,3509
1884071.0000,5659
1884071.0625,7311
1884071.1250,4865
1884071.1875,790
1884071.2500,-317
1884071.3125,2233
1884071.3750,4932
1884071.4375,3860
1884071.5000,-68
1884071.5625,-2248
1884071.6250,-894
1884071.6875,1679
1884071.7500,2973
1884071.8125,1714
1884071.8750,-1145
1884071.9375,-3699
1884072.0000,-3835
1884072.0625,-1494
1884072.1250,184
1884072.1875,-907
1884072.2500,-2029
1884072.3125,-973
1884072.3750,323
1884072.4375,632
1884072.5000,876
1884072.5625,2074
1884072.6250,3575
1884072.6875,4229
1884072.7500,3675
1884072.8125,1811
1884072.8750,-1184
1884072.9375,-2066
1884073.0000,493
1884073.0625,3756
1884073.1250,4112
1884073.1875,1559
1884073.2500,-292
1884073.3125,607
1884073.3750,2382
1884073.4375,2747
1884073.5000,2061
1884073.5625,942
1884073.6250,364
1884073.6875,1123
1884073.7500,3071
1884073.8125,4340
1884073.8750,3592
1884073.9375,2669
1884074.0000,2676
1884074.0625,2006
1884074.1250,-158
1884074.1875,-2274
1884074.2500,-2742
1884074.3125,-1269
1884074.3750,354
1884074.4375,655
1884074.5000,-357
1884074.5625,-2043
1884074.6250,-2348
1884074.6875,605
1884074.7500,5050
1884074.8125,7325
1884074.8750,6167
1884074.9375,4383
1884075.0000,4682
1884075.0625,6126
1884075.1250,6813
1884075.1875,5881
1884075.2500,4326
1884075.3125,4692
1884075.3750,6869
1884075.4375,8198
1884075.5000,7906
1884075.5625,6464
1884075.6250,4447
1884075.6875,3280
1884075.7500,2838
1884075.8125,2338
1884075.8750,2145
1884075.9375,1642
1884076.0000,87
1884076.0625,-1614
1884076.1250,-2424
1884076.1875,-2123
1884076.2500,-1320
1884076.3125,-708
1884076.3750,111
1884076.4375,734
1884076.5000,218
1884076.5625,-733
1884076.6250,-399
1884076.6875,609
1884076.7500,1271
1884076.8125,846
1884076.8750,-11
1884076.9375,-43
1884077.0000,598
1884077.0625,1812
1884077.1250,3787
1884077.1875,4842
1884077.2500,3719
1884077.3125,2250
1884077.3750,2586
1884077.4375,3678
1884077.5000,3287
1884077.5625,1416
1884077.6250,132
1884077.6875,625
1884077.7500,2118
1884077.8125,3434
1884077.8750,4118
1884077.9375,4258
1884078.0000,4634
1884078.0625,5740
1884078.1250,6125
1884078.1875,4846
1884078.2500,2136
1884078.3125,-1254
1884078.3750,-3022
1884078.4375,-2262
1884078.5000,-867
1884078.5625,151
1884078.6250,278
1884078.6875,-1132
1884078.7500,-1480
1884078.8125,452
1884078.8750,1919
1884078.9375,915
1884079.0000,-1062
1884079.0625,-2018
1884079.1250,-2069
1884079.1875,-2601
1884079.2500,-4080
1884079.3125,-4510
1884079.3750,-2384
1884079.4375,733
1884079.5000,1668
1884079.5625,455
1884079.6250,-696
1884079.6875,-912
1884079.7500,30
1884079.8125,350
1884079.8750,-1157
1884079.9375,-3653
1884080.0000,-4053
1884080.0625,-1452
1884080.1250,2028
1884080.1875,2596
1884080.2500,259
1884080.3125,-1328
1884080.3750,-1168
1884080.4375,135
1884080.5000,412
1884080.5625,-161
1884080.6250,-2089
1884080.6875,-4513
1884080.7500,-4789
1884080.8125,-2991
1884080.8750,-1632
1884080.9375,-1990
1884081.0000,-3366
1884081.0625,-3093
1884081.1250,-793
1884081.1875,351
1884081.2500,-1900
1884081.3125,-4174
1884081.3750,-5106
1884081.4375,-4876
1884081.5000,-4837
1884081.5625,-6766
1884081.6250,-8969
1884081.6875,-7972
1884081.7500,-4821
1884081.8125,-2726
1884081.8750,-2698
1884081.9375,-2769
1884082.0000,-786
1884082.0625,3033
1884082.1250,5587
1884082.1875,5593
1884082.2500,3989
1884082.3125,2840
1884082.3750,2827
1884082.4375,4377
1884082.5000,5697
1884082.5625,4242
1884082.6250,1512
1884082.6875,1899
1884082.7500,4803
1884082.8125,5009
1884082.8750,1868
1884082.9375,-993
1884083.0000,-1722
1884083.0625,-1709
1884083.1250,-2185
1884083.1875,-3023
1884083.2500,-3296
1884083.3125,-2340
1884083.3750,-334
1884083.4375,318
1884083.5000,-1699
1884083.5625,-4474
1884083.6250,-4984
1884083.6875,-2541
1884083.7500,-418
1884083.8125,-1599
1884083.8750,-4551
1884083.9375,-4410
1884084.0000,-1328
1884084.0625,1004
1884084.1250,250
1884084.1875,-1647
1884084.2500,-2390
1884084.3125,-712
1884084.3750,1693
1884084.4375,1908
1884084.5000,-411
1884084.5625,-2024
1884084.6250,-788
1884084.6875,1964
1884084.7500,3314
1884084.8125,1505
1884084.8750,-1193
1884084.9375,-803
1884085.0000,1596
1884085.0625,1155
1884085.1250,-2325
1884085.1875,-5152
1884085.2500,-4753
1884085.3125,-1587
1884085.3750,1459
1884085.4375,1745
1884085.5000,397
1884085.5625,146
1884085.6250,1825
1884085.6875,2842
1884085.7500,802
1884085.8125,-4137
1884085.8750,-7634
1884085.9375,-6612
1884086.0000,-3029
1884086.0625,-1738
1884086.1250,-4182
1884086.1875,-6658
1884086.2500,-5884
1884086.3125,-2782
1884086.3750,-622
1884086.4375,-1378
1884086.5000,-3865
1884086.5625,-4408
1884086.6250,-1945
1884086.6875,206
1884086.7500,-388
1884086.8125,-2771
1884086.8750,-4487
1884086.9375,-3459
1884087.0000,-1171
1884087.0625,-382
1884087.1250,-1156
1884087.1875,-1851
1884087.2500,-759
1884087.3125,1051
1884087.3750,1035
1884087.4375,-1661
1884087.5000,-4687
1884087.5625,-6020
1884087.6250,-5090
1884087.6875,-3720
1884087.7500,-4509
1884087.8125,-7140
1884087.8750,-8143
1884087.9375,-5849
1884088.0000,-3604
1884088.0625,-5320
1884088.1250,-9357
1884088.1875,-11584
1884088.2500,-10603
1884088.3125,-8251
1884088.3750,-7172
1884088.4375,-8153
1884088.5000,-8885
1884088.5625,-6664
1884088.6250,-2588
1884088.6875,-1060
1884088.7500,-2982
1884088.8125,-5416
1884088.8750,-5990
1884088.9375,-4975
1884089.0000,-4862
1884089.0625,-6409
1884089.1250,-7391
1884089.1875,-6016
1884089.2500,-3298
1884089.3125,-1294
1884089.3750,-1276
1884089.4375,-1581
1884089.5000,-411
1884089.5625,1787
1884089.6250,3296
1884089.6875,2122
1884089.7500,-811
1884089.8125,-2331
1884089.8750,-1497
1884089.9375,634
1884106.0000,6966
1884106.0625,7477
1884106.1250,9475
1884106.1875,10116
1884106.2500,9095
1884106.3125,8380
1884106.3750,8538
1884106.4375,9316
1884106.5000,10212
1884106.5625,9450
1884106.6250,7739
1884106.6875,6117
1884106.7500,4661
1884106.8125,3693
1884106.8750,3923
1884106.9375,3837
1884107.0000,4244
1884107.0625,5143
1884107.1250,4620
1884107.1875,2533
1884107.2500,1128
1884107.3125,-351
1884107.3750,-2691
1884107.4375,-2262
1884107.5000,2787
1884107.5625,7838
1884107.6250,7287
1884107.6875,2603
1884107.7500,1008
1884107.8125,2421
1884107.8750,3200
1884107.9375,3771
1884108.0000,6496
1884108.0625,9669
1884108.1250,8513
1884108.1875,4612
1884108.2500,2436
1884108.3125,2391
1884108.3750,3968
1884108.4375,6269
1884108.5000,7072
1884108.5625,5881
1884108.6250,3038
1884108.6875,561
1884108.7500,-176
1884108.8125,561
1884108.8750,1197
1884108.9375,1225
1884109.0000,1484
1884109.0625,1271
1884109.1250,-1400
1884109.1875,-5263
1884109.2500,-6151
1884109.3125,-4654
1884109.3750,-2914
1884109.4375,-1476
1884109.5000,-1933
1884109.5625,-5245
1884109.6250,-7834
1884109.6875,-6492
1884109.7500,-2266
1884109.8125,308
1884109.8750,-2405
1884109.9375,-6761
1884110.0000,-6928
1884110.0625,-3574
1884110.1250,-413
1884110.1875,2370
1884110.2500,3769
1884110.3125,3647
1884110.3750,3619
1884110.4375,4676
1884110.5000,5312
1884110.5625,4684
1884110.6250,3889
1884110.6875,4692
1884110.7500,6400
1884110.8125,7314
1884110.8750,6649
1884110.9375,6318
1884111.0000,7272
1884111.0625,7754
1884111.1250,6646
1884111.1875,5172
1884111.2500,3262
1884111.3125,764
1884111.3750,64
1884111.4375,1445
1884111.5000,2536
1884111.5625,2758
1884111.6250,2528
1884111.6875,4307
1884111.7500,6211
1884111.8125,3615
1884111.8750,-1279
1884111.9375,-2969
1884112.0000,-811
1884112.0625,1968
1884112.1250,1870
1884112.1875,-991
1884112.2500,-2990
1884112.3125,-2965
1884112.3750,-2163
1884112.4375,-809
1884112.5000,1076
1884112.5625,3137
1884112.6250,4141
1884112.6875,3816
1884112.7500,3398
1884112.8125,3849
1884112.8750,3559
1884112.9375,3213
1884113.0000,4753
1884113.0625,7340
1884113.1250,7892
1884113.1875,5520
1884113.2500,3542
1884113.3125,4256
1884113.3750,5429
1884113.4375,5437
1884113.5000,4013
1884113.5625,2577
1884113.6250,2977
1884113.6875,3935
1884113.7500,3226
1884113.8125,1032
1884113.8750,-314
1884113.9375,458
1884114.0000,1960
1884114.0625,2350
1884114.1250,1615
1884114.1875,-238
1884114.2500,-1662
1884114.3125,-664
1884114.3750,2544
1884114.4375,4851
1884114.5000,3655
1884114.5625,353
1884114.6250,-1112
1884114.6875,714
1884114.7500,3196
1884114.8125,3880
1884114.8750,3780
1884114.9375,3867
1884115.0000,3447
1884115.0625,2415
1884115.1250,2376
1884115.1875,3647
1884115.2500,4963
1884115.3125,5269
1884115.3750,4312
1884115.4375,3070
1884115.5000,2349
1884115.5625,2868
1884115.6250,4400
1884115.6875,4616
1884115.7500,2099
1884115.8125,-664
1884115.8750,-1693
1884115.9375,-977
1884116.0000,311
1884116.0625,14
1884116.1250,-2028
1884116.1875,-4638
1884116.2500,-5515
1884116.3125,-3451
1884116.3750,-730
1884116.4375,-494
1884116.5000,-3398
1884116.5625,-6627
1884116.6250,-7365
1884116.6875,-5892
1884116.7500,-4302
1884116.8125,-4826
1884116.8750,-7386
1884116.9375,-9116
1884117.0000,-8183
1884117.0625,-5473
1884117.1250,-2229
1884117.1875,152
1884117.2500,1034
1884117.3125,979
1884117.3750,830
1884117.4375,2058
1884117.5000,3641
1884117.5625,3815
1884117.6250,3427
1884117.6875,3290
1884117.7500,1963
1884117.8125,1049
1884117.8750,2044
1884117.9375,2865
1884118.0000,3566
1884118.0625,3319
1884118.1250,2325
1884118.1875,951
1884118.2500,718
1884118.3125,2673
1884118.3750,3311
1884118.4375,1034
1884118.5000,-962
1884118.5625,-1093
1884118.6250,-242
1884118.6875,589
1884118.7500,89
1884118.8125,-2817
1884118.8750,-4982
1884118.9375,-5696
1884119.0000,-4899
1884119.0625,-3172
1884119.1250,-2846
1884119.1875,-4583
1884119.2500,-4697
1884119.3125,-2584
1884119.3750,-210
1884119.4375,349
1884119.5000,-201
1884119.5625,-492
1884119.6250,-343
1884119.6875,-818
1884119.7500,-741
1884119.8125,-417
1884119.8750,-455
1884119.9375,-390
1884120.0000,854
1884120.0625,2550
1884120.1250,3654
1884120.1875,4787
1884120.2500,6918
1884120.3125,8538
1884120.3750,6678
1884120.4375,3228
1884120.5000,1281
1884120.5625,1211
1884120.6250,2228
1884120.6875,2223
1884120.7500,26
1884120.8125,-1718
1884120.8750,-2043
1884120.9375,-937
1884121.0000,1363
1884121.0625,2342
1884121.1250,-516
1884121.1875,-3947
1884121.2500,-3762
1884121.3125,-1300
1884121.3750,717
1884121.4375,421
1884121.5000,-862
1884121.5625,-1838
1884121.6250,-1772
1884121.6875,-624
1884121.7500,1404
1884121.8125,2237
1884121.8750,660
1884121.9375,-1839
1884122.0000,-2493
1884122.0625,-1864
1884122.1250,-1239
1884122.1875,-123
1884122.2500,1067
1884122.3125,1580
1884122.3750,1589
1884122.4375,865
1884122.5000,106
1884122.5625,344
1884122.6250,-4
1884122.6875,-1031
1884122.7500,-2275
1884122.8125,-3939
1884122.8750,-4951
1884122.9375,-4636
1884123.0000,-3624
1884123.0625,-2818
1884123.1250,-3346
1884123.1875,-4608
1884123.2500,-5567
1884123.3125,-5485
1884123.3750,-5183
1884123.4375,-5484
1884123.5000,-6826
1884123.5625,-7788
1884123.6250,-7465
1884123.6875,-7054
1884123.7500,-7058
1884123.8125,-7052
1884123.8750,-7625
1884123.9375,-8219
1884124.0000,-6357
1884124.0625,-3395
1884124.1250,-2313
1884124.1875,-2114
1884124.2500,-1805
1884124.3125,-287
1884124.3750,2235
1884124.4375,2335
1884124.5000,-235
1884124.5625,-1627
1884124.6250,-542
1884124.6875,815
1884124.7500,1207
1884124.8125,1094
1884124.8750,1362
1884124.9375,1926
1884125.0000,1582
1884125.0625,305
1884125.1250,-1065
1884125.1875,-2346
1884125.2500,-3472
1884125.3125,-3471
1884125.3750,-2579
1884125.4375,-2471
1884125.5000,-3820
1884125.5625,-5607
1884125.6250,-6003
1884125.6875,-4136
1884125.7500,-2923
1884125.8125,-4882
1884125.8750,-8255
1884125.9375,-9377
1884126.0000,-7329
1884126.0625,-4477
1884126.1250,-3472
1884126.1875,-3680
1884126.2500,-3440
1884126.3125,-2102
1884126.3750,-633
1884126.4375,-298
1884126.5000,-620
1884126.5625,-1205
1884126.6250,-1717
1884126.6875,-1518
1884126.7500,-754
1884126.8125,-498
1884126.8750,-645
1884126.9375,-28
1884127.0000,1879
1884127.0625,3218
1884127.1250,2248
1884127.1875,71
1884127.2500,-714
1884127.3125,257
1884127.3750,858
1884127.4375,-746
1884127.5000,-3323
1884127.5625,-3861
1884127.6250,-2250
1884127.6875,-1009
1884127.7500,-812
1884127.8125,-1288
1884127.8750,-1480
1884127.9375,-1029
1884128.0000,-1806
1884128.0625,-4040
1884128.1250,-4492
1884128.1875,-3665
1884128.2500,-2340
1884128.3125,-1330
1884128.3750,-1718
1884128.4375,-3371
1884128.5000,-3900
1884128.5625,-3160
1884128.6250,-2559
1884128.6875,-1534
1884128.7500,236
1884128.8125,2123
1884128.8750,2880
1884128.9375,1523
1884129.0000,-2165
1884129.0625,-5897
1884129.1250,-6785
1884129.1875,-5145
1884129.2500,-2123
1884129.3125,742
1884129.3750,709
1884129.4375,-1027
1884129.5000,-2068
1884129.5625,-2033
1884129.6250,-1000
1884129.6875,179
1884129.7500,-562
1884129.8125,-2976
1884129.8750,-4437
1884129.9375,-3772
1884130.0000,-1888
1884130.0625,-503
1884130.1250,-942
1884130.1875,-2709
1884130.2500,-3484
1884130.3125,-3137
1884130.3750,-3783
1884130.4375,-6080
1884130.5000,-7951
1884130.5625,-8295
1884130.6250,-7096
1884130.6875,-4929
1884130.7500,-3211
1884130.8125,-2961
1884130.8750,-3151
1884130.9375,-2749
1884131.0000,-1258
1884131.0625,760
1884131.1250,948
1884131.1875,650
1884131.2500,2568
1884131.3125,4637
1884131.3750,4193
1884131.4375,3973
1884131.5000,4715
1884131.5625,3726
1884131.6250,1831
1884131.6875,1485
1884131.7500,1960
1884131.8125,1936
1884131.8750,1417
1884131.9375,1296
1884132.0000,1983
1884132.0625,3190
1884132.1250,2544
1884132.1875,196
1884132.2500,-256
1884132.3125,1858
1884132.3750,2704
1884132.4375,1264
1884132.5000,-602
1884132.5625,-2784
1884132.6250,-4118
1884132.6875,-4226
1884132.7500,-3913
1884132.8125,-3162
1884132.8750,-1760
1884132.9375,-601
1884133.0000,-929
1884133.0625,-2069
1884133.1250,-2503
1884133.1875,-1555
1884133.2500,-357
1884133.3125,590
1884133.3750,839
1884133.4375,-347
1884133.5000,-1989
1884133.5625,-2476
1884133.6250,-653
1884133.6875,2242
1884133.7500,3578
1884133.8125,3217
1884133.8750,3281
1884133.9375,4478
1884134.0000,5146
1884134.0625,4547
1884134.1250,3182
1884134.1875,2321
1884134.2500,2768
1884134.3125,3674
1884134.3750,3350
1884134.4375,2321
1884134.5000,2403
1884134.5625,2417
1884134.6250,2006
1884134.6875,1702
1884134.7500,1237
1884134.8125,469
1884134.8750,-10
1884134.9375,323
1884135.0000,865
1884135.0625,1263
1884135.1250,1868
1884135.1875,3537
1884135.2500,5498
1884135.3125,5817
1884135.3750,4603
1884135.4375,2423
1884135.5000,272
1884135.5625,-191
1884135.6250,1229
1884135.6875,1726
1884135.7500,1229
1884135.8125,1744
1884135.8750,2864
1884135.9375,4060
1884136.0000,5100
1884136.0625,5049
1884136.1250,3411
1884136.1875,2195
1884136.2500,2697
1884136.3125,3596
1884136.3750,3325
1884136.4375,1842
1884136.5000,707
1884136.5625,544
1884136.6250,588
1884136.6875,866
1884136.7500,1763
1884136.8125,2639
1884136.8750,3480
1884136.9375,3743
1884137.0000,2604
1884137.0625,1709
1884137.1250,2012
1884137.1875,1538
1884137.2500,-211
1884137.3125,-1260
1884137.3750,-891
1884137.4375,-650
1884137.5000,-332
1884137.5625,649
1884137.6250,1212
1884137.6875,1514
1884137.7500,2557
1884137.8125,4104
1884137.8750,5215
1884137.9375,5392
1884138.0000,5178
1884138.0625,5905
1884138.1250,7057
1884138.1875,6915
1884138.2500,6428
1884138.3125,7697
1884138.3750,10106
1884138.4375,10485
1884138.5000,8217
1884138.5625,5962
1884138.6250,5921
1884138.6875,6778
1884138.7500,5889
1884138.8125,3679
1884138.8750,2620
1884138.9375,3157
1884139.0000,3743
1884139.0625,3823
1884139.1250,4246
1884139.1875,4704
1884139.2500,4068
1884139.3125,3227
1884139.3750,3505
1884139.4375,4519
1884139.5000,4424
1884139.5625,3716
1884139.6250,3735
1884139.6875,4611
1884139.7500,6406
1884139.8125,7471
1884139.8750,7146
1884139.9375,6613
1884140.0000,7151
1884140.0625,7858
1884140.1250,7407
1884140.1875,5758
1884140.2500,4290
1884140.3125,3583
1884140.3750,2474
1884140.4375,1640
1884140.5000,2566
1884140.5625,4610
1884140.6250,5338
1884140.6875,4355
1884140.7500,3749
1884140.8125,4458
1884140.8750,5233
1884140.9375,5738
1884141.0000,6489
1884141.0625,7111
1884141.1250,6291
1884141.1875,4467
1884141.2500,3594
1884141.3125,4296
1884141.3750,5069
1884141.4375,5331
1884141.5000,5655
1884141.5625,5906
1884141.6250,5700
1884141.6875,5122
1884141.7500,4695
1884141.8125,4772
1884141.8750,5598
1884141.9375,6664
1884142.0000,7165
1884142.0625,7054
1884142.1250,6649
1884142.1875,6397
1884142.2500,6128
1884142.3125,5860
1884142.3750,5273
1884142.4375,4248
1884142.5000,3273
1884142.5625,2982
1884142.6250,3531
1884142.6875,3410
1884142.7500,2562
1884142.8125,3013
1884142.8750,4618
1884142.9375,6056
1884143.0000,6321
1884143.0625,5037
1884143.1250,3374
1884143.1875,3669
1884143.2500,5326
1884143.3125,5762
1884143.3750,4584
1884143.4375,3775
1884143.5000,4720
1884143.5625,6434
1884143.6250,7897
1884143.6875,7684
1884143.7500,5105
1884143.8125,2051
1884143.8750,1400
1884143.9375,2837
1884144.0000,2988
1884144.0625,720
1884144.1250,-1657
1884144.1875,-1382
1884144.2500,1517
1884144.3125,3567
1884144.3750,3406
1884144.4375,2399
1884144.5000,1711
1884144.5625,1802
1884144.6250,3359
1884144.6875,5230
1884144.7500,5340
1884144.8125,4232
1884144.8750,4370
1884144.9375,5459
1884145.0000,5230
1884145.0625,3573
1884145.1250,2368
1884145.1875,2660
1884145.2500,4231
1884145.3125,6182
1884145.3750,6237
1884145.4375,4682
1884145.5000,4178
1884145.5625,4704
1884145.6250,4815
1884145.6875,5017
1884145.7500,4293
1884145.8125,3968
1884145.8750,4593
1884145.9375,5436
1884146.0000,5522
1884146.0625,5438
1884146.1250,3996
1884146.1875,945
1884146.2500,-196
1884146.3125,2723
1884146.3750,6024
1884146.4375,4905
1884146.5000,1144
1884146.5625,-1103
1884146.6250,-1405
1884146.6875,-838
1884146.7500,1076
1884146.8125,4689
1884146.8750,7247
1884146.9375,4952
1884147.0000,199
1884147.0625,-4050
1884147.1250,-6407
1884147.1875,-4402
1884147.2500,98
1884147.3125,1854
1884147.3750,245
1884147.4375,-1182
1884147.5000,-823
1884147.5625,-181
1884147.6250,233
1884147.6875,93
1884147.7500,-19
1884147.8125,704
1884147.8750,1613
1884147.9375,1059
1884148.0000,953
1884148.0625,2008
1884148.1250,1669
1884148.1875,781
1884148.2500,2297
1884148.3125,4449
1884148.3750,4246
1884148.4375,3312
1884148.5000,3844
1884148.5625,6590
1884148.6250,8643
1884148.6875,6520
1884148.7500,2209
1884148.8125,441
1884148.8750,871
1884148.9375,1805
1884149.0000,5055
1884149.0625,8246
1884149.1250,7899
1884149.1875,4856
1884149.2500,2356
1884149.3125,2229
1884149.3750,3649
1884149.4375,3842
1884149.5000,2729
1884149.5625,2485
1884149.6250,2496
1884149.6875,445
1884149.7500,-1713
1884149.8125,-570
1884149.8750,1867
1884149.9375,2027
1884150.0000,625
1884150.0625,-842
1884150.1250,-1544
1884150.1875,-553
1884150.2500,698
1884150.3125,512
1884150.3750,-742
1884150.4375,-1931
1884150.5000,-1641
1884150.5625,-210
1884150.6250,489
1884150.6875,399
1884150.7500,-136
1884150.8125,-743
1884150.8750,-1116
1884150.9375,-818
1884151.0000,-296
1884151.0625,-1507
1884151.1250,-5009
1884151.1875,-6823
1884151.2500,-5530
1884151.3125,-3270
1884151.3750,-811
1884151.4375,1443
1884151.5000,2110
1884151.5625,2069
1884151.6250,2396
1884151.6875,2800
1884151.7500,3458
1884151.8125,4206
1884151.8750,3542
1884151.9375,1368
1884152.0000,-296
1884152.0625,-484
1884152.1250,-267
1884152.1875,587
1884152.2500,2269
1884152.3125,2177
1884152.3750,487
1884152.4375,523
1884152.5000,2311
1884152.5625,2960
1884152.6250,1935
1884152.6875,1391
1884152.7500,2555
1884152.8125,3913
1884152.8750,3424
1884152.9375,1846
1884153.0000,1059
1884153.0625,1167
1884153.1250,1500
1884153.1875,1903
1884153.2500,2047
1884153.3125,1618
1884153.3750,900
1884153.4375,1066
1884153.5000,2160
1884153.5625,2695
1884153.6250,2162
1884153.6875,1944
1884153.7500,2471
1884153.8125,3353
1884153.8750,3648
1884153.9375,3156
1884154.0000,2126
1884154.0625,761
1884154.1250,-131
1884154.1875,-760
1884154.2500,-2294
1884154.3125,-3245
1884154.3750,-1843
1884154.4375,622
1884154.5000,2328
1884154.5625,1931
1884154.6250,568
1884154.6875,774
1884154.7500,1611
1884154.8125,2039
1884154.8750,2601
1884154.9375,2816
1884155.0000,130
1884155.0625,-1593
1884155.1250,-257
1884155.1875,1405
1884155.2500,855
1884155.3125,-1054
1884155.3750,-1661
1884155.4375,-1384
1884155.5000,-203
1884155.5625,802
1884155.6250,490
1884155.6875,429
1884155.7500,971
1884155.8125,582
1884155.8750,293
1884155.9375,2034
1884156.0000,3710
1884156.0625,2978
1884156.1250,327
1884156.1875,-2689
1884156.2500,-3238
1884156.3125,-1741
1884156.3750,-1149
1884156.4375,-1774
1884156.5000,-2716
1884156.5625,-4294
1884156.6250,-4932
1884156.6875,-3342
1884156.7500,-1231
1884156.8125,-70
1884156.8750,-682
1884156.9375,-2058
1884157.0000,-1937
1884157.0625,-1061
1884157.1250,-996
1884157.1875,-1335
1884157.2500,-1075
1884157.3125,-886
1884157.3750,-1089
1884157.4375,-1434
1884157.5000,-1241
1884157.5625,-435
1884157.6250,591
1884157.6875,884
1884157.7500,-380
1884157.8125,-2028
1884157.8750,-2624
1884157.9375,-2183
1884158.0000,-878
1884158.0625,1251
1884158.1250,1738
1884158.1875,442
1884158.2500,-690
1884158.3125,-485
1884158.3750,-835
1884158.4375,-598
1884158.5000,689
1884158.5625,2003
1884158.6250,2392
1884158.6875,2272
1884158.7500,1504
1884158.8125,-373
1884158.8750,-1360
1884158.9375,-591
1884159.0000,692
1884159.0625,268
1884159.1250,-2109
1884159.1875,-4502
1884159.2500,-4101
1884159.3125,-1531
1884159.3750,134
1884159.4375,-528
1884159.5000,-2177
1884159.5625,-2762
1884159.6250,-1968
1884159.6875,-1288
1884159.7500,117
1884159.8125,1902
1884159.8750,1446
1884159.9375,84
1884160.0000,-215
1884160.0625,707
1884160.1250,2268
1884160.1875,2953
1884160.2500,2577
1884160.3125,2691
1884160.3750,2490
1884160.4375,770
1884160.5000,-959
1884160.5625,-505
1884160.6250,834
1884160.6875,1014
1884160.7500,-121
1884160.8125,-790
1884160.8750,-525
1884160.9375,574
1884161.0000,1240
1884161.0625,179
1884161.1250,-1588
1884161.1875,-2356
1884161.2500,-1591
1884161.3125,-4
1884161.3750,1443
1884161.4375,1214
1884161.5000,-31
1884161.5625,-1124
1884161.6250,-1472
1884161.6875,-1313
1884161.7500,-1745
1884161.8125,-3245
1884161.8750,-4495
1884161.9375,-4472
1884162.0000,-3983
1884162.0625,-4561
1884162.1250,-5309
1884162.1875,-4258
1884162.2500,-1856
1884162.3125,-308
1884162.3750,-678
1884162.4375,-2071
1884162.5000,-2695
1884162.5625,-1556
1884162.6250,-225
1884162.6875,-884
1884162.7500,-3114
1884162.8125,-4695
1884162.8750,-4798
1884162.9375,-3193
1884163.0000,-1994
1884163.0625,-3270
1884163.1250,-4891
1884163.1875,-4460
1884163.2500,-2572
1884163.3125,-1016
1884163.3750,-851
1884163.4375,-2346
1884163.5000,-3005
1884163.5625,-1429
1884163.6250,-655
1884163.6875,-2471
1884163.7500,-5233
1884163.8125,-7097
1884163.8750,-6879
1884163.9375,-5321
1884164.0000,-4466
1884164.0625,-4965
1884164.1250,-4653
1884164.1875,-3023
1884164.2500,-991
1884164.3125,34
1884164.3750,-1901
1884164.4375,-6582
1884164.5000,-8818
1884164.5625,-6840
1884164.6250,-3965
1884164.6875,-3215
1884164.7500,-4878
1884164.8125,-5712
1884164.8750,-3684
1884164.9375,-1750
1884165.0000,-3299
1884165.0625,-5794
1884165.1250,-3795
1884165.1875,2044
1884165.2500,4460
1884165.3125,449
1884165.3750,-4640
1884165.4375,-6948
1884165.5000,-5292
1884165.5625,-1862
1884165.6250,1441
1884165.6875,4188
1884165.7500,3554
1884165.8125,-1061
1884165.8750,-5013
1884165.9375,-7177
1884166.0000,-6616
1884166.0625,-2472
1884166.1250,756
1884166.1875,823
1884166.2500,248
1884166.3125,296
1884166.3750,374
1884166.4375,844
1884166.5000,2598
1884166.5625,4090
1884166.6250,4771
1884166.6875,4204
1884166.7500,2805
1884166.8125,651
1884166.8750,386
1884166.9375,2095
1884167.0000,2009
1884167.0625,164
1884167.1250,-378
1884167.1875,114
1884167.2500,-427
1884167.3125,-2112
1884167.3750,-2192
1884167.4375,256
1884167.5000,1920
1884167.5625,603
1884167.6250,-227
1884167.6875,1343
1884167.7500,2399
1884167.8125,3460
1884167.8750,5127
1884167.9375,4410
1884168.0000,1976
1884168.0625,-479
1884168.1250,-2884
1884168.1875,-3533
1884168.2500,-2413
1884168.3125,-1120
1884168.3750,-17
1884168.4375,1143
1884168.5000,1033
1884168.5625,-501
1884168.6250,-1484
1884168.6875,-384
1884168.7500,1056
1884168.8125,2091
1884168.8750,2904
1884168.9375,1911
1884169.0000,-250
1884169.0625,-717
1884169.1250,1180
1884169.1875,4105
1884169.2500,5278
1884169.3125,4370
1884169.3750,2626
1884169.4375,925
1884169.5000,624
1884169.5625,1753
1884169.6250,2110
1884169.6875,923
1884169.7500,-277
1884169.8125,273
1884169.8750,1371
1884169.9375,1051
1884170.0000,-199
1884170.0625,-767
1884170.1250,-839
1884170.1875,-287
1884170.2500,732
1884170.3125,611
1884170.3750,-797
1884170.4375,-1794
1884170.5000,-2136
1884170.5625,-1957
1884170.6250,-1426
1884170.6875,-851
1884170.7500,-507
1884170.8125,-1691
1884170.8750,-4367
1884170.9375,-6811
1884171.0000,-7937
1884171.0625,-5713
1884171.1250,-1837
1884171.1875,-37
1884171.2500,-728
1884171.3125,-2018
1884171.3750,-3123
1884171.4375,-3171
1884171.5000,-991
1884171.5625,1430
1884171.6250,1906
1884171.6875,1934
1884171.7500,3177
1884171.8125,4293
1884171.8750,3786
1884171.9375,2319
1884172.0000,2149
1884172.0625,3093
1884172.1250,3621
1884172.1875,3132
1884172.2500,2012
1884172.3125,1661
1884172.3750,2854
1884172.4375,4253
1884172.5000,4700
1884172.5625,5318
1884172.6250,5840
1884172.6875,5317
1884172.7500,4006
1884172.8125,2825
1884172.8750,2929
1884172.9375,4318
1884173.0000,5560
1884173.0625,6675
1884173.1250,7909
1884173.1875,8078
1884173.2500,6771
1884173.3125,5601
1884173.3750,3593
1884173.4375,2155
1884173.5000,2776
1884173.5625,3135
1884173.6250,1814
1884173.6875,1392
1884173.7500,2950
1884173.8125,4812
1884173.8750,5351
1884173.9375,4925
1884174.0000,4405
1884174.0625,3963
1884174.1250,5161
1884174.1875,8210
1884174.2500,9879
1884174.3125,8536
1884174.3750,6113
1884174.4375,5672
1884174.5000,8269
1884174.5625,11079
1884174.6250,9423
1884174.6875,4751
1884174.7500,2898
1884174.8125,4855
1884174.8750,7806
1884174.9375,8651
1884175.0000,6633
1884175.0625,4058
1884175.1250,3398
1884175.1875,4433
1884175.2500,5732
1884175.3125,5868
1884175.3750,4977
1884175.4375,4739
1884175.5000,5977
1884175.5625,6742
1884175.6250,5727
1884175.6875,4579
1884175.7500,4656
1884175.8125,5723
1884175.8750,5267
1884175.9375,2119
1884176.0000,-1499
1884176.0625,-1947
1884176.1250,1144
1884176.1875,5032
1884176.2500,6146
1884176.3125,4779
1884176.3750,3348
1884176.4375,3146
1884176.5000,4977
1884176.5625,6217
1884176.6250,4990
1884176.6875,3082
1884176.7500,3312
1884176.8125,5829
1884176.8750,7603
1884176.9375,7061
1884177.0000,6201
1884177.0625,5926
1884177.1250,6460
1884177.1875,6535
1884177.2500,4283
1884177.3125,1019
1884177.3750,734
1884177.4375,2906
1884177.5000,4884
1884177.5625,5445
1884177.6250,4410
1884177.6875,2673
1884177.7500,1885
1884177.8125,2350
1884177.8750,2770
1884177.9375,2038
1884178.0000,75
1884178.0625,-85
1884178.1250,2356
1884178.1875,5309
1884178.2500,6362
1884178.3125,4979
1884178.3750,3339
1884178.4375,4353
1884178.5000,6708
1884178.5625,7418
1884178.6250,6792
1884178.6875,6666
1884178.7500,8128
1884178.8125,10229
1884178.8750,10574
1884178.9375,8758
1884179.0000,6939
1884179.0625,6464
1884179.1250,6550
1884179.1875,6093
1884179.2500,5193
1884179.3125,4823
1884179.3750,6584
1884179.4375,9947
1884179.5000,12380
1884179.5625,11754
1884179.6250,8983
1884179.6875,7430
1884179.7500,7775
1884179.8125,7430
1884179.8750,5097
1884179.9375,3041
1884180.0000,4090
1884180.0625,7054
1884180.1250,9476
1884180.1875,10079
1884180.2500,8541
1884180.3125,6139
1884180.3750,4708
1884180.4375,4894
1884180.5000,5128
1884180.5625,3997
1884180.6250,2911
1884180.6875,4321
1884180.7500,7591
1884180.8125,10491
1884180.8750,12078
1884180.9375,11630
1884181.0000,10138
1884181.0625,8549
1884181.1250,6867
1884181.1875,5333
1884181.2500,4896
1884181.3125,6323
1884181.3750,8638
1884181.4375,9570
1884181.5000,8724
1884181.5625,8650
1884181.6250,9855
1884181.6875,10171
1884181.7500,8729
1884181.8125,5791
1884181.8750,2858
1884181.9375,2074
1884182.0000,3907
1884182.0625,5781
1884182.1250,5730
1884182.1875,4279
1884182.2500,3367
1884182.3125,4024
1884182.3750,5669
1884182.4375,5251
1884182.5000,3013
1884182.5625,3187
1884182.6250,4655
1884182.6875,5593
1884182.7500,5806
1884182.8125,4162
1884182.8750,258
1884182.9375,-1906
1884183.0000,-1454
1884183.0625,445
1884183.1250,1568
1884183.1875,1705
1884183.2500,2105
1884183.3125,3692
1884183.3750,3707
1884183.4375,-248
1884183.5000,-2634
1884183.5625,1687
1884183.6250,7416
1884183.6875,7203
1884183.7500,1358
1884183.8125,-3812
1884183.8750,-5963
1884183.9375,-4671
1884184.0000,-211
1884184.0625,6521
1884184.1250,10829
1884184.1875,7643
1884184.2500,906
1884184.3125,-3772
1884184.3750,-5401
1884184.4375,-3470
1884184.5000,-445
1884184.5625,462
1884184.6250,540
1884184.6875,1091
1884184.7500,1395
1884184.8125,636
1884184.8750,-222
1884184.9375,-430
1884185.0000,-306
1884185.0625,293
1884185.1250,46
1884185.1875,-1878
1884185.2500,-2906
1884185.3125,-654
1884185.3750,1988
1884185.4375,3115
1884185.5000,3745
1884185.5625,3170
1884185.6250,967
1884185.6875,-55
1884185.7500,1654
1884185.8125,4245
1884185.8750,5567
1884185.9375,4915
1884210.0000,1874
1884210.0625,2616
1884210.1250,3416
1884210.1875,3329
1884210.2500,2851
1884210.3125,2534
1884210.3750,2343
1884210.4375,2711
1884210.5000,2461
1884210.5625,1012
1884210.6250,547
1884210.6875,2050
1884210.7500,3985
1884210.8125,3637
1884210.8750,826
1884210.9375,-692
1884211.0000,-52
1884211.0625,798
1884211.1250,1457
1884211.1875,1753
1884211.2500,1292
1884211.3125,1808
1884211.3750,3446
1884211.4375,4254
1884211.5000,2750
1884211.5625,1675
1884211.6250,3190
1884211.6875,5369
1884211.7500,6175
1884211.8125,5749
1884211.8750,4448
1884211.9375,4538
1884212.0000,6766
1884212.0625,7541
1884212.1250,5060
1884212.1875,2618
1884212.2500,2446
1884212.3125,3534
1884212.3750,5099
1884212.4375,6037
1884212.5000,5621
1884212.5625,5160
1884212.6250,5652
1884212.6875,6568
1884212.7500,6858
1884212.8125,4895
1884212.8750,2034
1884212.9375,1401
1884213.0000,3007
1884213.0625,3814
1884213.1250,2344
1884213.1875,437
1884213.2500,322
1884213.3125,2093
1884213.3750,4213
1884213.4375,4448
1884213.5000,3251
1884213.5625,3630
1884213.6250,6242
1884213.6875,8490
1884213.7500,8476
1884213.8125,7433
1884213.8750,7254
1884213.9375,8356
1884214.0000,9368
1884214.0625,8690
1884214.1250,7695
1884214.1875,7620
1884214.2500,7851
1884214.3125,7994
1884214.3750,7825
1884214.4375,6821
1884214.5000,5428
1884214.5625,5406
1884214.6250,6917
1884214.6875,8188
1884214.7500,7719
1884214.8125,6036
1884214.8750,4869
1884214.9375,4921
1884215.0000,5936
1884215.0625,6632
1884215.1250,5804
1884215.1875,4083
1884215.2500,3046
1884215.3125,3233
1884215.3750,3418
1884215.4375,3210
1884215.5000,3207
1884215.5625,4005
1884215.6250,5023
1884215.6875,5263
1884215.7500,4174
1884215.8125,2919
1884215.8750,3113
1884215.9375,4361
1884216.0000,4817
1884216.0625,4291
1884216.1250,4256
1884216.1875,4723
1884216.2500,5837
1884216.3125,7336
1884216.3750,7820
1884216.4375,6030
1884216.5000,3353
1884216.5625,2228
1884216.6250,3080
1884216.6875,4400
1884216.7500,5078
1884216.8125,5358
1884216.8750,5643
1884216.9375,6480
1884217.0000,7630
1884217.0625,7853
1884217.1250,6393
1884217.1875,4120
1884217.2500,3113
1884217.3125,3616
1884217.3750,3932
1884217.4375,4038
1884217.5000,4920
1884217.5625,6715
1884217.6250,8270
1884217.6875,7969
1884217.7500,6817
1884217.8125,6816
1884217.8750,7403
1884217.9375,7496
1884218.0000,7275
1884218.0625,6392
1884218.1250,5363
1884218.1875,5168
1884218.2500,5969
1884218.3125,6664
1884218.3750,6050
1884218.4375,5284
1884218.5000,6107
1884218.5625,7435
1884218.6250,8254
1884218.6875,8667
1884218.7500,8815
1884218.8125,8564
1884218.8750,8408
1884218.9375,8471
1884219.0000,8048
1884219.0625,7356
1884219.1250,7886
1884219.1875,8904
1884219.2500,8921
1884219.3125,8147
1884219.3750,7532
1884219.4375,7508
1884219.5000,7249
1884219.5625,6737
1884219.6250,6164
1884219.6875,5261
1884219.7500,5053
1884219.8125,5810
1884219.8750,5867
1884219.9375,4202
1884220.0000,2308
1884220.0625,2548
1884220.1250,4681
1884220.1875,6259
1884220.2500,5443
1884220.3125,2294
1884220.3750,-684
1884220.4375,-226
1884220.5000,1627
1884220.5625,2766
1884220.6250,3231
1884220.6875,2059
1884220.7500,-531
1884220.8125,-477
1884220.8750,2128
1884220.9375,5547
1884221.0000,7965
1884221.0625,7511
1884221.1250,4311
1884221.1875,1940
1884221.2500,553
1884221.3125,-762
1884221.3750,336
1884221.4375,4592
1884221.5000,8172
1884221.5625,7657
1884221.6250,3734
1884221.6875,586
1884221.7500,-528
1884221.8125,-537
1884221.8750,-120
1884221.9375,2260
1884222.0000,6104
1884222.0625,6011
1884222.1250,1953
1884222.1875,-1697
1884222.2500,-3665
1884222.3125,-2431
1884222.3750,40
1884222.4375,214
1884222.5000,-752
1884222.5625,-2744
1884222.6250,-4829
1884222.6875,-4235
1884222.7500,-1643
1884222.8125,-366
1884222.8750,-1080
1884222.9375,-1524
1884223.0000,-562
1884223.0625,432
1884223.1250,132
1884223.1875,131
1884223.2500,1468
1884223.3125,3056
1884223.3750,4975
1884223.4375,6727
1884223.5000,6135
1884223.5625,3657
1884223.6250,1507
1884223.6875,2085
1884223.7500,4513
1884223.8125,4625
1884223.8750,2432
1884223.9375,1158
1884224.0000,1872
1884224.0625,3967
1884224.1250,5923
1884224.1875,5615
1884224.2500,3698
1884224.3125,2973
1884224.3750,2405
1884224.4375,608
1884224.5000,-1147
1884224.5625,-2314
1884224.6250,-1464
1884224.6875,1653
1884224.7500,4259
1884224.8125,3529
1884224.8750,587
1884224.9375,-2528
1884225.0000,-3652
1884225.0625,-2439
1884225.1250,-957
1884225.1875,-951
1884225.2500,-1391
1884225.3125,-104
1884225.3750,2113
1884225.4375,3650
1884225.5000,4010
1884225.5625,2992
1884225.6250,3202
1884225.6875,4725
1884225.7500,3452
1884225.8125,142
1884225.8750,-720
1884225.9375,1534
1884226.0000,4017
1884226.0625,5043
1884226.1250,4876
1884226.1875,3656
1884226.2500,1631
1884226.3125,476
1884226.3750,-39
1884226.4375,-1633
1884226.5000,-3037
1884226.5625,-2022
1884226.6250,-377
1884226.6875,-252
1884226.7500,-1846
1884226.8125,-3732
1884226.8750,-3632
1884226.9375,-1514
1884227.0000,470
1884227.0625,1259
1884227.1250,457
1884227.1875,-1464
1884227.2500,-2500
1884227.3125,-1865
1884227.3750,-1063
1884227.4375,-1508
1884227.5000,-2096
1884227.5625,-820
1884227.6250,982
1884227.6875,1459
1884227.7500,726
1884227.8125,86
1884227.8750,734
1884227.9375,1885
1884228.0000,2137
1884228.0625,930
1884228.1250,-887
1884228.1875,-1035
1884228.2500,1091
1884228.3125,3155
1884228.3750,2676
1884228.4375,944
1884228.5000,1005
1884228.5625,2843
1884228.6250,3739
1884228.6875,2655
1884228.7500,332
1884228.8125,-268
1884228.8750,1369
1884228.9375,2810
1884229.0000,2141
1884229.0625,-650
1884229.1250,-2752
1884229.1875,-1367
1884229.2500,2192
1884229.3125,3651
1884229.3750,1884
1884229.4375,-595
1884229.5000,-2729
1884229.5625,-2761
1884229.6250,-3056
1884229.6875,-5092
1884229.7500,-7025
1884229.8125,-4989
1884229.8750,-1467
1884229.9375,-1204
1884230.0000,-2549
1884230.0625,-4083
1884230.1250,-4719
1884230.1875,-2669
1884230.2500,-268
1884230.3125,-873
1884230.3750,-2744
1884230.4375,-2311
1884230.5000,-815
1884230.5625,1343
1884230.6250,1973
1884230.6875,-345
1884230.7500,-1878
1884230.8125,-577
1884230.8750,1656
1884230.9375,3119
1884231.0000,2061
1884231.0625,319
1884231.1250,297
1884231.1875,1660
1884231.2500,2117
1884231.3125,318
1884231.3750,-2544
1884231.4375,-2957
1884231.5000,-840
1884231.5625,1264
1884231.6250,1280
1884231.6875,-101
1884231.7500,435
1884231.8125,2665
1884231.8750,2732
1884231.9375,-462
1884232.0000,-3407
1884232.0625,-5198
1884232.1250,-4907
1884232.1875,-2121
1884232.2500,-84
1884232.3125,-258
1884232.3750,-1738
1884232.4375,-3135
1884232.5000,-1860
1884232.5625,269
1884232.6250,-737
1884232.6875,-3214
1884232.7500,-2703
1884232.8125,113
1884232.8750,549
1884232.9375,-110
1884233.0000,-169
1884233.0625,762
1884233.1250,2057
1884233.1875,3952
1884233.2500,3826
1884233.3125,513
1884233.3750,-2938
1884233.4375,-2741
1884233.5000,42
1884233.5625,952
1884233.6250,-877
1884233.6875,-2403
1884233.7500,-1493
1884233.8125,-593
1884233.8750,-1245
1884233.9375,-3469
1884234.0000,-5343
1884234.0625,-5159
1884234.1250,-4241
1884234.1875,-4074
1884234.2500,-2969
1884234.3125,-2132
1884234.3750,-2585
1884234.4375,-2074
1884234.5000,-709
1884234.5625,-589
1884234.6250,-2529
1884234.6875,-4818
1884234.7500,-5273
1884234.8125,-3818
1884234.8750,-2778
1884234.9375,-3147
1884235.0000,-4055
1884235.0625,-3852
1884235.1250,-3076
1884235.1875,-2978
1884235.2500,-3511
1884235.3125,-2640
1884235.3750,-873
1884235.4375,573
1884235.5000,1745
1884235.5625,1420
1884235.6250,-167
1884235.6875,-286
1884235.7500,699
1884235.8125,554
1884235.8750,-1028
1884235.9375,-4102
1884236.0000,-6232
1884236.0625,-5783
1884236.1250,-3582
1884236.1875,-1666
1884236.2500,-1495
1884236.3125,-3353
1884236.3750,-4912
1884236.4375,-5098
1884236.5000,-5113
1884236.5625,-6582
1884236.6250,-8438
1884236.6875,-8649
1884236.7500,-6697
1884236.8125,-2753
1884236.8750,408
1884236.9375,568
1884237.0000,-648
1884237.0625,-1202
1884237.1250,-1520
1884237.1875,-2790
1884237.2500,-4385
1884237.3125,-4398
1884237.3750,-2245
1884237.4375,137
1884237.5000,1497
1884237.5625,1527
1884237.6250,250
1884237.6875,-1193
1884237.7500,-1742
1884237.8125,-2558
1884237.8750,-4545
1884237.9375,-6194
1884238.0000,-5944
1884238.0625,-3413
1884238.1250,-1196
1884238.1875,-933
1884238.2500,-1905
1884238.3125,-2334
1884238.3750,-1401
1884238.4375,-724
1884238.5000,-1826
1884238.5625,-3892
1884238.6250,-5522
1884238.6875,-4833
1884238.7500,-2554
1884238.8125,-996
1884238.8750,-294
1884238.9375,-114
1884239.0000,-174
1884239.0625,-90
1884239.1250,-918
1884239.1875,-3159
1884239.2500,-4668
1884239.3125,-4239
1884239.3750,-3128
1884239.4375,-3151
1884239.5000,-3851
1884239.5625,-3019
1884239.6250,-990
1884239.6875,247
1884239.7500,132
1884239.8125,-1685
1884239.8750,-6365
1884239.9375,-8868
1884240.0000,-6498
1884240.0625,-2042
1884240.1250,-278
1884240.1875,-1220
1884240.2500,-2962
1884240.3125,-2694
1884240.3750,-2867
1884240.4375,-5177
1884240.5000,-6776
1884240.5625,-3603
1884240.6250,1191
1884240.6875,3281
1884240.7500,2083
1884240.8125,-34
1884240.8750,-862
1884240.9375,445
1884241.0000,2211
1884241.0625,2741
1884241.1250,1836
1884241.1875,-1384
1884241.2500,-4990
1884241.3125,-6060
1884241.3750,-5070
1884241.4375,-2498
1884241.5000,257
1884241.5625,976
1884241.6250,-469
1884241.6875,-2162
1884241.7500,-3540
1884241.8125,-4863
1884241.8750,-5100
1884241.9375,-3694
1884242.0000,-1776
1884242.0625,47
1884242.1250,1181
1884242.1875,847
1884242.2500,-513
1884242.3125,-512
1884242.3750,-50
1884242.4375,-1461
1884242.5000,-3638
1884242.5625,-4082
1884242.6250,-2806
1884242.6875,-1069
1884242.7500,-32
1884242.8125,449
1884242.8750,1536
1884242.9375,2376
1884243.0000,1624
1884243.0625,603
1884243.1250,-787
1884243.1875,-2212
1884243.2500,-1853
1884243.3125,-370
1884243.3750,-140
1884243.4375,-430
1884243.5000,-36
1884243.5625,-53
1884243.6250,-404
1884243.6875,-1684
1884243.7500,-4142
1884243.8125,-5131
1884243.8750,-3405
1884243.9375,-1709
1884244.0000,-1349
1884244.0625,-1264
1884244.1250,-1811
1884244.1875,-2635
1884244.2500,-1473
1884244.3125,921
1884244.3750,914
1884244.4375,-693
1884244.5000,-666
1884244.5625,1227
1884244.6250,3406
1884244.6875,3240
1884244.7500,1400
1884244.8125,-536
1884244.8750,-1536
1884244.9375,-599
1884245.0000,894
1884245.0625,1696
1884245.1250,2366
1884245.1875,2586
1884245.2500,3012
1884245.3125,3406
1884245.3750,1218
1884245.4375,-1263
1884245.5000,-1168
1884245.5625,-846
1884245.6250,-940
1884245.6875,-149
1884245.7500,411
1884245.8125,168
1884245.8750,-375
1884245.9375,-1570
1884246.0000,-2597
1884246.0625,-2979
1884246.1250,-2726
1884246.1875,-2081
1884246.2500,-2514
1884246.3125,-3697
1884246.3750,-4622
1884246.4375,-4320
1884246.5000,-1720
1884246.5625,1325
1884246.6250,2001
1884246.6875,1687
1884246.7500,1909
1884246.8125,1619
1884246.8750,618
1884246.9375,322
1884247.0000,530
1884247.0625,1171
1884247.1250,2274
1884247.1875,3156
1884247.2500,2993
1884247.3125,3177
1884247.3750,4423
1884247.4375,5887
1884247.5000,6245
1884247.5625,5049
1884247.6250,4184
1884247.6875,4153
1884247.7500,3400
1884247.8125,1740
1884247.8750,727
1884247.9375,2101
1884248.0000,4956
1884248.0625,6769
1884248.1250,5727
1884248.1875,2978
1884248.2500,1754
1884248.3125,2023
1884248.3750,1633
1884248.4375,1064
1884248.5000,1287
1884248.5625,1571
1884248.6250,1249
1884248.6875,388
1884248.7500,-205
1884248.8125,-171
1884248.8750,934
1884248.9375,2211
1884249.0000,2319
1884249.0625,1732
1884249.1250,2335
1884249.1875,4234
1884249.2500,5481
1884249.3125,4563
1884249.3750,3400
1884249.4375,3955
1884249.5000,4755
1884249.5625,4354
1884249.6250,3430
1884249.6875,3525
1884249.7500,4701
1884249.8125,6453
1884249.8750,7589
1884249.9375,7481
1884250.0000,6531
1884250.0625,5884
1884250.1250,5581
1884250.1875,5430
1884250.2500,4807
1884250.3125,2983
1884250.3750,1093
1884250.4375,1537
1884250.5000,4042
1884250.5625,5713
1884250.6250,4229
1884250.6875,2046
1884250.7500,2234
1884250.8125,4523
1884250.8750,5877
1884250.9375,4195
1884251.0000,1380
1884251.0625,150
1884251.1250,720
1884251.1875,973
1884251.2500,462
1884251.3125,865
1884251.3750,2711
1884251.4375,5065
1884251.5000,5636
1884251.5625,4521
1884251.6250,3726
1884251.6875,4220
1884251.7500,5201
1884251.8125,5537
1884251.8750,4960
1884251.9375,3809
1884252.0000,3444
1884252.0625,5016
1884252.1250,7884
1884252.1875,9562
1884252.2500,9053
1884252.3125,8065
1884252.3750,7970
1884252.4375,8086
1884252.5000,6922
1884252.5625,5212
1884252.6250,4025
1884252.6875,4380
1884252.7500,5120
1884252.8125,5124
1884252.8750,4690
1884252.9375,4391
1884253.0000,5013
1884253.0625,6394
1884253.1250,6969
1884253.1875,5814
1884253.2500,3927
1884253.3125,3497
1884253.3750,5173
1884253.4375,6859
1884253.5000,7208
1884253.5625,5983
1884253.6250,4454
1884253.6875,5034
1884253.7500,7185
1884253.8125,7716
1884253.8750,6709
1884253.9375,5337
1884254.0000,4909
1884254.0625,6127
1884254.1250,7560
1884254.1875,8020
1884254.2500,7086
1884254.3125,5426
1884254.3750,5026
1884254.4375,6352
1884254.5000,7742
1884254.5625,7784
1884254.6250,6460
1884254.6875,5461
1884254.7500,5181
1884254.8125,4771
1884254.8750,4148
1884254.9375,4279
1884255.0000,6124
1884255.0625,8904
1884255.1250,9774
1884255.1875,8108
1884255.2500,5810
1884255.3125,4213
1884255.3750,4362
1884255.4375,5334
1884255.5000,4881
1884255.5625,3054
1884255.6250,2491
1884255.6875,3551
1884255.7500,4812
1884255.8125,5359
1884255.8750,5661
1884255.9375,6217
1884256.0000,6277
1884256.0625,6085
1884256.1250,5758
1884256.1875,5385
1884256.2500,5596
1884256.3125,6453
1884256.3750,7834
1884256.4375,8729
1884256.5000,7963
1884256.5625,6756
1884256.6250,6750
1884256.6875,7954
1884256.7500,8609
1884256.8125,8060
1884256.8750,6970
1884256.9375,6497
1884257.0000,7324
1884257.0625,8650
1884257.1250,8198
1884257.1875,5802
1884257.2500,3837
1884257.3125,3683
1884257.3750,4502
1884257.4375,5543
1884257.5000,6384
1884257.5625,7034
1884257.6250,7095
1884257.6875,6091
1884257.7500,4063
1884257.8125,1727
1884257.8750,626
1884257.9375,1224
1884258.0000,2487
1884258.0625,2931
1884258.1250,2425
1884258.1875,1483
1884258.2500,1899
1884258.3125,3990
1884258.3750,5077
1884258.4375,3896
1884258.5000,2028
1884258.5625,253
1884258.6250,256
1884258.6875,2340
1884258.7500,4666
1884258.8125,6890
1884258.8750,7045
1884258.9375,5424
1884259.0000,3803
1884259.0625,2877
1884259.1250,-197
1884259.1875,-2598
1884259.2500,1406
1884259.3125,10242
1884259.3750,14647
1884259.4375,9780
1884259.5000,1771
1884259.5625,-2190
1884259.6250,-2636
1884259.6875,-2281
1884259.7500,-158
1884259.8125,4041
1884259.8750,5780
1884259.9375,3217
1884260.0000,272
1884260.0625,-2526
1884260.1250,-3918
1884260.1875,-1879
1884260.2500,648
1884260.3125,748
1884260.3750,-596
1884260.4375,-2256
1884260.5000,-2366
1884260.5625,81
1884260.6250,3650
1884260.6875,3960
1884260.7500,2269
1884260.8125,1814
1884260.8750,1961
1884260.9375,900
1884261.0000,1590
1884261.0625,2694
1884261.1250,1646
1884261.1875,1879
1884261.2500,4861
1884261.3125,6908
1884261.3750,6107
1884261.4375,4187
1884261.5000,3608
1884261.5625,5403
1884261.6250,6381
1884261.6875,4136
1884261.7500,1388
1884261.8125,674
1884261.8750,1295
1884261.9375,3555
1884262.0000,6612
1884262.0625,6683
1884262.1250,4054
1884262.1875,530
1884262.2500,-1639
1884262.3125,-572
1884262.3750,923
1884262.4375,500
1884262.5000,942
1884262.5625,2535
1884262.6250,2096
1884262.6875,-1625
1884262.7500,-4742
1884262.8125,-4778
1884262.8750,-2888
1884262.9375,-501
1884263.0000,661
1884263.0625,-858
1884263.1250,-2314
1884263.1875,-1297
1884263.2500,788
1884263.3125,3148
1884263.3750,3788
1884263.4375,2528
1884263.5000,2483
1884263.5625,3573
1884263.6250,2985
1884263.6875,1749
1884263.7500,2192
1884263.8125,4837
1884263.8750,7323
1884263.9375,7422
1884264.0000,5021
1884264.0625,1518
1884264.1250,-1298
1884264.1875,-1447
1884264.2500,-487
1884264.3125,-1030
1884264.3750,-1701
1884264.4375,-561
1884264.5000,1232
1884264.5625,1511
1884264.6250,-1247
1884264.6875,-4069
1884264.7500,-3250
1884264.8125,-214
1884264.8750,1780
1884264.9375,1878
1884265.0000,500
1884265.0625,-1668
1884265.1250,-2932
1884265.1875,-837
1884265.2500,2709
1884265.3125,3335
1884265.3750,1700
1884265.4375,1163
1884265.5000,2220
1884265.5625,2932
1884265.6250,2282
1884265.6875,1946
1884265.7500,3318
1884265.8125,4208
1884265.8750,2638
1884265.9375,23
1884266.0000,-1864
1884266.0625,-2316
1884266.1250,-427
1884266.1875,1781
1884266.2500,1223
1884266.3125,-1048
1884266.3750,-1733
1884266.4375,676
1884266.5000,4369
1884266.5625,5993
1884266.6250,5093
1884266.6875,4096
1884266.7500,3620
1884266.8125,3377
1884266.8750,2783
1884266.9375,717
1884267.0000,-2583
1884267.0625,-4151
1884267.1250,-3796
1884267.1875,-1875
1884267.2500,-596
1884267.3125,-1248
1884267.3750,-3002
1884267.4375,-1672
1884267.5000,1287
1884267.5625,725
1884267.6250,-1921
1884267.6875,-4268
1884267.7500,-4772
1884267.8125,-2382
1884267.8750,579
1884267.9375,1108
1884268.0000,473
1884268.0625,1869
1884268.1250,3278
1884268.1875,2206
1884268.2500,-119
1884268.3125,-2035
1884268.3750,-898
1884268.4375,2381
1884268.5000,3632
1884268.5625,3228
1884268.6250,2244
1884268.6875,552
1884268.7500,-437
1884268.8125,332
1884268.8750,792
1884268.9375,-38
1884269.0000,-1030
1884269.0625,-1241
1884269.1250,-893
1884269.1875,305
1884269.2500,273
1884269.3125,-1751
1884269.3750,-1160
1884269.4375,2256
1884269.5000,3997
1884269.5625,2302
1884269.6250,741
1884269.6875,136
1884269.7500,-482
1884269.8125,-340
1884269.8750,-177
1884269.9375,-693
1884270.0000,-368
1884270.0625,657
1884270.1250,2068
1884270.1875,2202
1884270.2500,-513
1884270.3125,-3120
1884270.3750,-2666
1884270.4375,-929
1884270.5000,-1132
1884270.5625,-1255
1884270.6250,-676
1884270.6875,-318
1884270.7500,110
1884270.8125,1620
1884270.8750,1869
1884270.9375,-118
1884271.0000,-2015
1884271.0625,-2164
1884271.1250,-989
1884271.1875,-1292
1884271.2500,-2662
1884271.3125,-3207
1884271.3750,-1939
1884271.4375,-1124
1884271.5000,-2675
1884271.5625,-4794
1884271.6250,-5095
1884271.6875,-3332
1884271.7500,-1997
1884271.8125,-3395
1884271.8750,-4940
1884271.9375,-4367
1884272.0000,-2467
1884272.0625,270
1884272.1250,894
1884272.1875,-2423
1884272.2500,-5899
1884272.3125,-6101
1884272.3750,-3688
1884272.4375,-915
1884272.5000,255
1884272.5625,-244
1884272.6250,-874
1884272.6875,126
1884272.7500,1641
1884272.8125,2306
1884272.8750,1835
1884272.9375,768
1884273.0000,-190
1884273.0625,-481
1884273.1250,-642
1884273.1875,-1076
1884273.2500,-1221
1884273.3125,-483
1884273.3750,-114
1884273.4375,-942
1884273.5000,-1774
1884273.5625,-1718
1884273.6250,-443
1884273.6875,697
1884273.7500,40
1884273.8125,-1866
1884273.8750,-2771
1884273.9375,-2057
1884274.0000,84
1884274.0625,694
1884274.1250,-1446
1884274.1875,-4500
1884274.2500,-6179
1884274.3125,-6056
1884274.3750,-5483
1884274.4375,-5564
1884274.5000,-6143
1884274.5625,-6840
1884274.6250,-6586
1884274.6875,-4579
1884274.7500,-3080
1884274.8125,-3433
1884274.8750,-3658
1884274.9375,-2736
1884275.0000,-2164
1884275.0625,-2350
1884275.1250,-2659
1884275.1875,-2704
1884275.2500,-2057
1884275.3125,-890
1884275.3750,-309
1884275.4375,-690
1884275.5000,-1604
1884275.5625,-2442
1884275.6250,-1826
1884275.6875,-195
1884275.7500,-217
1884275.8125,-2195
1884275.8750,-3154
1884275.9375,-2582
1884276.0000,-2014
1884276.0625,-2118
1884276.1250,-2326
1884276.1875,-2173
1884276.2500,-2290
1884276.3125,-1965
1884276.3750,-1247
1884276.4375,-1135
1884276.5000,-1223
1884276.5625,-550
1884276.6250,199
1884276.6875,351
1884276.7500,-810
1884276.8125,-2724
1884276.8750,-3167
1884276.9375,-1785
1884277.0000,-476
1884277.0625,-474
1884277.1250,-1645
1884277.1875,-2661
1884277.2500,-2341
1884277.3125,-917
1884277.3750,-654
1884277.4375,-2127
1884277.5000,-4720
1884277.5625,-6128
1884277.6250,-5207
1884277.6875,-2968
1884277.7500,-1737
1884277.8125,-1884
1884277.8750,-3280
1884277.9375,-4786
1884278.0000,-4610
1884278.0625,-3069
1884278.1250,-1052
1884278.1875,-203
1884278.2500,-679
1884278.3125,-1758
1884278.3750,-2508
1884278.4375,-4606
1884278.5000,-6037
1884278.5625,-3270
1884278.6250,2159
1884278.6875,4699
1884278.7500,2514
1884278.8125,-2002
1884278.8750,-6442
1884278.9375,-7701
1884279.0000,-6319
1884279.0625,-3583
1884279.1250,-311
1884279.1875,1891
1884279.2500,914
1884279.3125,-900
1884279.3750,-2136
1884279.4375,-2753
1884279.5000,-1232
1884279.5625,1294
1884279.6250,2705
1884279.6875,2328
1884279.7500,877
1884279.8125,-449
1884279.8750,-272
1884279.9375,1206
1884280.0000,1982
1884280.0625,2138
1884280.1250,2466
1884280.1875,3882
1884280.2500,4130
1884280.3125,2518
1884280.3750,295
1884280.4375,-1360
1884280.5000,-937
1884280.5625,886
1884280.6250,886
1884280.6875,-435
1884280.7500,-506
1884280.8125,176
1884280.8750,287
1884280.9375,38
1884281.0000,-1826
1884281.0625,-2849
1884281.1250,-1195
1884281.1875,509
1884281.2500,5
1884281.3125,-867
1884281.3750,-2234
1884281.4375,-3149
1884281.5000,-1784
1884281.5625,-498
1884281.6250,-1590
1884281.6875,-2929
1884281.7500,-3685
1884281.8125,-3720
1884281.8750,-2339
1884281.9375,-656
1884282.0000,-633
1884282.0625,-567
1884282.1250,394
1884282.1875,173
1884282.2500,-1466
1884282.3125,-1978
1884282.3750,-1325
1884282.4375,-504
1884282.5000,581
1884282.5625,660
1884282.6250,146
1884282.6875,1221
1884282.7500,3843
1884282.8125,4716
1884282.8750,1502
1884282.9375,-2477
1884283.0000,-3551
1884283.0625,-1243
1884283.1250,2510
1884283.1875,4001
1884283.2500,1636
1884283.3125,-563
1884283.3750,-1442
1884283.4375,-2169
1884283.5000,-1712
1884283.5625,-743
1884283.6250,-996
1884283.6875,-1624
1884283.7500,-701
1884283.8125,1560
1884283.8750,2620
1884283.9375,1224
1884284.0000,-374
1884284.0625,142
1884284.1250,1019
1884284.1875,693
1884284.2500,-42
1884284.3125,126
1884284.3750,1618
1884284.4375,2395
1884284.5000,2056
1884284.5625,1337
1884284.6250,999
1884284.6875,1953
1884284.7500,3528
1884284.8125,3504
1884284.8750,1854
1884284.9375,1121
1884285.0000,2925
1884285.0625,4917
1884285.1250,5048
1884285.1875,4270
1884285.2500,3767
1884285.3125,3473
1884285.3750,3111
1884285.4375,3698
1884285.5000,5018
1884285.5625,5346
1884285.6250,4956
1884285.6875,4767
1884285.7500,4430
1884285.8125,3163
1884285.8750,787
1884285.9375,-622
1884286.0000,778
1884286.0625,3232
1884286.1250,3884
1884286.1875,3101
1884286.2500,2601
1884286.3125,2389
1884286.3750,2853
1884286.4375,3747
1884286.5000,3751
1884286.5625,3537
1884286.6250,4043
1884286.6875,4563
1884286.7500,4654
1884286.8125,4191
1884286.8750,3193
1884286.9375,2490
1884287.0000,3424
1884287.0625,5468
1884287.1250,6385
1884287.1875,5450
1884287.2500,4042
1884287.3125,3690
1884287.3750,5013
1884287.4375,5865
1884287.5000,4096
1884287.5625,2632
1884287.6250,2611
1884287.6875,3345
1884287.7500,4713
1884287.8125,4962
1884287.8750,4389
1884287.9375,4636
1884288.0000,5328
1884288.0625,5941
1884288.1250,6681
1884288.1875,5794
1884288.2500,3350
1884288.3125,2305
1884288.3750,2898
1884288.4375,3245
1884288.5000,3498
1884288.5625,3920
1884288.6250,4610
1884288.6875,4917
1884288.7500,4091
1884288.8125,2959
1884288.8750,2884
1884288.9375,4052
1884289.0000,5124
1884289.0625,5287
1884289.1250,4039
1884289.1875,2396
1884289.2500,2369
1884289.3125,3913
1884289.3750,6021
1884289.4375,7585
1884289.5000,7274
1884289.5625,5651
1884289.6250,5302
1884289.6875,6029
1884289.7500,6170
1884289.8125,5435
1884289.8750,4817
1884289.9375,5184
1884306.0000,507
1884306.0625,1803
1884306.1250,1993
1884306.1875,1803
1884306.2500,1653
1884306.3125,1413
1884306.3750,711
1884306.4375,406
1884306.5000,1876
1884306.5625,3261
1884306.6250,3930
1884306.6875,3290
1884306.7500,1014
1884306.8125,-91
1884306.8750,1438
1884306.9375,3259
1884307.0000,3471
1884307.0625,2905
1884307.1250,1217
1884307.1875,-26
1884307.2500,-43
1884307.3125,-1485
1884307.3750,-3942
1884307.4375,-5117
1884307.5000,-4338
1884307.5625,-1947
1884307.6250,-165
1884307.6875,174
1884307.7500,-333
1884307.8125,-284
1884307.8750,-380
1884307.9375,-1945
1884308.0000,-2580
1884308.0625,-2357
1884308.1250,-1414
1884308.1875,-1406
1884308.2500,-2336
1884308.3125,-3431
1884308.3750,-2670
1884308.4375,-1195
1884308.5000,-121
1884308.5625,-9
1884308.6250,-1331
1884308.6875,-2186
1884308.7500,-1594
1884308.8125,-509
1884308.8750,-716
1884308.9375,-1734
1884309.0000,-2209
1884309.0625,-2817
1884309.1250,-4182
1884309.1875,-6330
1884309.2500,-7844
1884309.3125,-7007
1884309.3750,-4660
1884309.4375,-3208
1884309.5000,-4185
1884309.5625,-6097
1884309.6250,-6459
1884309.6875,-5048
1884309.7500,-4185
1884309.8125,-4741
1884309.8750,-6379
1884309.9375,-7890
1884310.0000,-7547
1884310.0625,-4940
1884310.1250,-1568
1884310.1875,-130
1884310.2500,-169
1884310.3125,-875
1884310.3750,-965
1884310.4375,-444
1884310.5000,9
1884310.5625,-1032
1884310.6250,-2967
1884310.6875,-3017
1884310.7500,-1280
1884310.8125,271
1884310.8750,1249
1884310.9375,1460
1884311.0000,1408
1884311.0625,2083
1884311.1250,1519
1884311.1875,-1098
1884311.2500,-2738
1884311.3125,-2211
1884311.3750,-1676
1884311.4375,-1670
1884311.5000,-2560
1884311.5625,-3388
1884311.6250,-2860
1884311.6875,-595
1884311.7500,460
1884311.8125,-1525
1884311.8750,-4932
1884311.9375,-7148
1884312.0000,-5865
1884312.0625,-3035
1884312.1250,-2010
1884312.1875,-3552
1884312.2500,-5412
1884312.3125,-5003
1884312.3750,-2562
1884312.4375,-814
1884312.5000,-1315
1884312.5625,-2945
1884312.6250,-4382
1884312.6875,-4784
1884312.7500,-4514
1884312.8125,-5216
1884312.8750,-6400
1884312.9375,-6076
1884313.0000,-4051
1884313.0625,-1973
1884313.1250,-1697
1884313.1875,-3044
1884313.2500,-3833
1884313.3125,-3065
1884313.3750,-1979
1884313.4375,-1839
1884313.5000,-3242
1884313.5625,-4151
1884313.6250,-3245
1884313.6875,-1326
1884313.7500,-801
1884313.8125,-3065
1884313.8750,-6585
1884313.9375,-7871
1884314.0000,-5891
1884314.0625,-2815
1884314.1250,-2047
1884314.1875,-4321
1884314.2500,-6065
1884314.3125,-4920
1884314.3750,-2546
1884314.4375,-1805
1884314.5000,-3203
1884314.5625,-4838
1884314.6250,-4631
1884314.6875,-2726
1884314.7500,-1716
1884314.8125,-2389
1884314.8750,-2642
1884314.9375,-1910
1884315.0000,-728
1884315.0625,-287
1884315.1250,-1393
1884315.1875,-3404
1884315.2500,-4490
1884315.3125,-3880
1884315.3750,-2663
1884315.4375,-2665
1884315.5000,-3478
1884315.5625,-3981
1884315.6250,-3630
1884315.6875,-2582
1884315.7500,-2437
1884315.8125,-3848
1884315.8750,-4886
1884315.9375,-4821
1884316.0000,-4317
1884316.0625,-3750
1884316.1250,-3563
1884316.1875,-3424
1884316.2500,-2262
1884316.3125,-618
1884316.3750,146
1884316.4375,-1220
1884316.5000,-3744
1884316.5625,-5131
1884316.6250,-3760
1884316.6875,-1598
1884316.7500,-97
1884316.8125,-502
1884316.8750,-1760
1884316.9375,-1527
1884317.0000,-276
1884317.0625,632
1884317.1250,285
1884317.1875,-722
1884317.2500,-1339
1884317.3125,-1152
1884317.3750,-1608
1884317.4375,-2815
1884317.5000,-2859
1884317.5625,-454
1884317.6250,2675
1884317.6875,3517
1884317.7500,1174
1884317.8125,-2448
1884317.8750,-4125
1884317.9375,-2921
1884318.0000,-950
1884318.0625,-369
1884318.1250,-1114
1884318.1875,-2121
1884318.2500,-2211
1884318.3125,-1236
1884318.3750,-566
1884318.4375,-811
1884318.5000,-1026
1884318.5625,-1678
1884318.6250,-2631
1884318.6875,-2702
1884318.7500,-2200
1884318.8125,-2088
1884318.8750,-2962
1884318.9375,-4276
1884319.0000,-4776
1884319.0625,-3831
1884319.1250,-2697
1884319.1875,-3327
1884319.2500,-4778
1884319.3125,-5512
1884319.3750,-6034
1884319.4375,-6941
1884319.5000,-6936
1884319.5625,-4992
1884319.6250,-2649
1884319.6875,-2024
1884319.7500,-3009
1884319.8125,-3288
1884319.8750,-1910
1884319.9375,320
1884320.0000,1632
1884320.0625,917
1884320.1250,-894
1884320.1875,-1895
1884320.2500,-1608
1884320.3125,-1340
1884320.3750,-1614
1884320.4375,-1903
1884320.5000,-1157
1884320.5625,556
1884320.6250,1805
1884320.6875,862
1884320.7500,-1071
1884320.8125,-2029
1884320.8750,-1223
1884320.9375,250
1884321.0000,211
1884321.0625,-1353
1884321.1250,-1694
1884321.1875,-191
1884321.2500,1000
1884321.3125,922
1884321.3750,-291
1884321.4375,-1632
1884321.5000,-1438
1884321.5625,-480
1884321.6250,-393
1884321.6875,-561
1884321.7500,99
1884321.8125,794
1884321.8750,646
1884321.9375,-451
1884322.0000,-1953
1884322.0625,-2536
1884322.1250,-1104
1884322.1875,1648
1884322.2500,3314
1884322.3125,3419
1884322.3750,3200
1884322.4375,3445
1884322.5000,4010
1884322.5625,4048
1884322.6250,2553
1884322.6875,971
1884322.7500,726
1884322.8125,1418
1884322.8750,1904
1884322.9375,980
1884323.0000,75
1884323.0625,1268
1884323.1250,3023
1884323.1875,2846
1884323.2500,952
1884323.3125,-661
1884323.3750,-627
1884323.4375,330
1884323.5000,919
1884323.5625,-74
1884323.6250,-2257
1884323.6875,-2899
1884323.7500,-970
1884323.8125,1224
1884323.8750,1481
1884323.9375,322
1884324.0000,-513
1884324.0625,541
1884324.1250,2593
1884324.1875,3184
1884324.2500,1392
1884324.3125,-387
1884324.3750,45
1884324.4375,2137
1884324.5000,4247
1884324.5625,5181
1884324.6250,5538
1884324.6875,6389
1884324.7500,6961
1884324.8125,6346
1884324.8750,5600
1884324.9375,5349
1884325.0000,5286
1884325.0625,5767
1884325.1250,6179
1884325.1875,5669
1884325.2500,4523
1884325.3125,3566
1884325.3750,4030
1884325.4375,5012
1884325.5000,4816
1884325.5625,3955
1884325.6250,2870
1884325.6875,1438
1884325.7500,742
1884325.8125,306
1884325.8750,-633
1884325.9375,-1339
1884326.0000,-1706
1884326.0625,-1946
1884326.1250,-1350
1884326.1875,-466
1884326.2500,-529
1884326.3125,-340
1884326.3750,1107
1884326.4375,2538
1884326.5000,2863
1884326.5625,1859
1884326.6250,735
1884326.6875,931
1884326.7500,2614
1884326.8125,5099
1884326.8750,7146
1884326.9375,8668
1884327.0000,9482
1884327.0625,8890
1884327.1250,7313
1884327.1875,6111
1884327.2500,5057
1884327.3125,4427
1884327.3750,4692
1884327.4375,5699
1884327.5000,7500
1884327.5625,9105
1884327.6250,9427
1884327.6875,8847
1884327.7500,8199
1884327.8125,7206
1884327.8750,5756
1884327.9375,4159
1884328.0000,2689
1884328.0625,2312
1884328.1250,3699
1884328.1875,5778
1884328.2500,7886
1884328.3125,8776
1884328.3750,7863
1884328.4375,6172
1884328.5000,4456
1884328.5625,3780
1884328.6250,3868
1884328.6875,3497
1884328.7500,2807
1884328.8125,2068
1884328.8750,1156
1884328.9375,1188
1884329.0000,2930
1884329.0625,5603
1884329.1250,7164
1884329.1875,7122
1884329.2500,6836
1884329.3125,7231
1884329.3750,8458
1884329.4375,9229
1884329.5000,8738
1884329.5625,7626
1884329.6250,6782
1884329.6875,7008
1884329.7500,8304
1884329.8125,9724
1884329.8750,9641
1884329.9375,8110
1884330.0000,6670
1884330.0625,6273
1884330.1250,6213
1884330.1875,5953
1884330.2500,5206
1884330.3125,4158
1884330.3750,3554
1884330.4375,4242
1884330.5000,5295
1884330.5625,5358
1884330.6250,4751
1884330.6875,4603
1884330.7500,4807
1884330.8125,4827
1884330.8750,5294
1884330.9375,5865
1884331.0000,6051
1884331.0625,5572
1884331.1250,4318
1884331.1875,3001
1884331.2500,2409
1884331.3125,2699
1884331.3750,3783
1884331.4375,5451
1884331.5000,5912
1884331.5625,5414
1884331.6250,5754
1884331.6875,6665
1884331.7500,7149
1884331.8125,5763
1884331.8750,4563
1884331.9375,5403
1884332.0000,6204
1884332.0625,4473
1884332.1250,3211
1884332.1875,4340
1884332.2500,6714
1884332.3125,8403
1884332.3750,8733
1884332.4375,7755
1884332.5000,5961
1884332.5625,3325
1884332.6250,-503
1884332.6875,-2431
1884332.7500,145
1884332.8125,4606
1884332.8750,7096
1884332.9375,6195
1884333.0000,3446
1884333.0625,-62
1884333.1250,-1915
1884333.1875,-628
1884333.2500,2909
1884333.3125,6303
1884333.3750,6188
1884333.4375,2081
1884333.5000,-1727
1884333.5625,-1869
1884333.6250,1142
1884333.6875,4730
1884333.7500,5469
1884333.8125,3582
1884333.8750,1481
1884333.9375,1120
1884334.0000,2588
1884334.0625,3724
1884334.1250,2710
1884334.1875,458
1884334.2500,-132
1884334.3125,2188
1884334.3750,4011
1884334.4375,1710
1884334.5000,-289
1884334.5625,1061
1884334.6250,3394
1884334.6875,4733
1884334.7500,3974
1884334.8125,839
1884334.8750,-1115
1884334.9375,-789
1884335.0000,-776
1884335.0625,-892
1884335.1250,-718
1884335.1875,-577
1884335.2500,1222
1884335.3125,3455
1884335.3750,2952
1884335.4375,978
1884335.5000,622
1884335.5625,2057
1884335.6250,3177
1884335.6875,1484
1884335.7500,-2455
1884335.8125,-4309
1884335.8750,-2331
1884335.9375,1573
1884336.0000,4842
1884336.0625,5648
1884336.1250,4762
1884336.1875,3444
1884336.2500,2733
1884336.3125,2895
1884336.3750,2626
1884336.4375,1807
1884336.5000,2051
1884336.5625,2913
1884336.6250,2932
1884336.6875,2875
1884336.7500,3295
1884336.8125,4344
1884336.8750,5070
1884336.9375,5034
1884337.0000,3914
1884337.0625,1754
1884337.1250,-322
1884337.1875,-1193
1884337.2500,-1011
1884337.3125,-397
1884337.3750,318
1884337.4375,1061
1884337.5000,1902
1884337.5625,1463
1884337.6250,65
1884337.6875,-453
1884337.7500,112
1884337.8125,1525
1884337.8750,2022
1884337.9375,914
1884338.0000,-422
1884338.0625,-1627
1884338.1250,-2691
1884338.1875,-1471
1884338.2500,1435
1884338.3125,3454
1884338.3750,4310
1884338.4375,4245
1884338.5000,3484
1884338.5625,2682
1884338.6250,1688
1884338.6875,1419
1884338.7500,2541
1884338.8125,3514
1884338.8750,3748
1884338.9375,4185
1884339.0000,4203
1884339.0625,3207
1884339.1250,2289
1884339.1875,2148
1884339.2500,2680
1884339.3125,2829
1884339.3750,1672
1884339.4375,355
1884339.5000,893
1884339.5625,2387
1884339.6250,3335
1884339.6875,3521
1884339.7500,3080
1884339.8125,2451
1884339.8750,1968
1884339.9375,1998
1884340.0000,2332
1884340.0625,1600
1884340.1250,450
1884340.1875,246
1884340.2500,700
1884340.3125,584
1884340.3750,-568
1884340.4375,-1194
1884340.5000,46
1884340.5625,1421
1884340.6250,1488
1884340.6875,1167
1884340.7500,989
1884340.8125,679
1884340.8750,791
1884340.9375,1326
1884341.0000,406
1884341.0625,-1157
1884341.1250,-1185
1884341.1875,-183
1884341.2500,939
1884341.3125,1378
1884341.3750,516
1884341.4375,-377
1884341.5000,-311
1884341.5625,709
1884341.6250,1486
1884341.6875,917
1884341.7500,-202
1884341.8125,-298
1884341.8750,322
1884341.9375,890
1884342.0000,1231
1884342.0625,1124
1884342.1250,1214
1884342.1875,578
1884342.2500,-972
1884342.3125,-2971
1884342.3750,-3570
1884342.4375,-3436
1884342.5000,-2125
1884342.5625,-185
1884342.6250,497
1884342.6875,-961
1884342.7500,-2301
1884342.8125,-573
1884342.8750,1014
1884342.9375,358
1884343.0000,-1894
1884343.0625,-2920
1884343.1250,-1201
1884343.1875,1131
1884343.2500,1171
1884343.3125,78
1884343.3750,175
1884343.4375,1636
1884343.5000,1601
1884343.5625,242
1884343.6250,-1989
1884343.6875,-3407
1884343.7500,-3319
1884343.8125,-1602
1884343.8750,192
1884343.9375,204
1884344.0000,-1225
1884344.0625,-1914
1884344.1250,-1212
1884344.1875,-296
1884344.2500,-1106
1884344.3125,-2282
1884344.3750,-880
1884344.4375,1530
1884344.5000,1976
1884344.5625,701
1884344.6250,-1464
1884344.6875,-1690
1884344.7500,114
1884344.8125,961
1884344.8750,-164
1884344.9375,-1415
1884345.0000,-1968
1884345.0625,-1848
1884345.1250,-693
1884345.1875,-487
1884345.2500,-2144
1884345.3125,-3889
1884345.3750,-3439
1884345.4375,-1299
1884345.5000,283
1884345.5625,-858
1884345.6250,-3564
1884345.6875,-4635
1884345.7500,-2344
1884345.8125,-544
1884345.8750,-357
1884345.9375,-317
1884522.0000,-7104
1884522.0625,-3550
1884522.1250,4321
1884522.1875,11484
1884522.2500,9702
1884522.3125,1985
1884522.3750,-4160
1884522.4375,-5219
1884522.5000,-819
1884522.5625,4539
1884522.6250,6227
1884522.6875,3740
1884522.7500,-510
1884522.8125,-3163
1884522.8750,-2037
1884522.9375,1743
1884523.0000,5395
1884523.0625,6120
1884523.1250,5021
1884523.1875,4613
1884523.2500,2501
1884523.3125,-1269
1884523.3750,-2284
1884523.4375,-1965
1884523.5000,-1979
1884523.5625,-1177
1884523.6250,-299
1884523.6875,51
1884523.7500,129
1884523.8125,250
1884523.8750,1717
1884523.9375,2980
1884524.0000,1018
1884524.0625,-2785
1884524.1250,-3273
1884524.1875,-1864
1884524.2500,-944
1884524.3125,711
1884524.3750,1116
1884524.4375,945
1884524.5000,1296
1884524.5625,1525
1884524.6250,1280
1884524.6875,1447
1884524.7500,200
1884524.8125,-1233
1884524.8750,-71
1884524.9375,1900
1884525.0000,1918
1884525.0625,1065
1884525.1250,349
1884525.1875,815
1884525.2500,2945
1884525.3125,4764
1884525.3750,4709
1884525.4375,3906
1884525.5000,3302
1884525.5625,2248
1884525.6250,909
1884525.6875,-465
1884525.7500,-694
1884525.8125,1737
1884525.8750,3194
1884525.9375,1332
1884526.0000,-364
1884526.0625,-244
1884526.1250,1401
1884526.1875,3813
1884526.2500,5517
1884526.3125,4528
1884526.3750,449
1884526.4375,-3976
1884526.5000,-4457
1884526.5625,-2096
1884526.6250,-1192
1884526.6875,-1572
1884526.7500,-1085
1884526.8125,943
1884526.8750,2766
1884526.9375,2681
1884527.0000,1396
1884527.0625,1016
1884527.1250,1383
1884527.1875,2228
1884527.2500,3239
1884527.3125,4082
1884527.3750,3662
1884527.4375,2852
1884527.5000,4129
1884527.5625,6700
1884527.6250,5981
1884527.6875,3044
1884527.7500,1869
1884527.8125,2314
1884527.8750,1975
1884527.9375,-66
1884528.0000,-2265
1884528.0625,-2406
1884528.1250,-218
1884528.1875,1748
1884528.2500,2067
1884528.3125,873
1884528.3750,-930
1884528.4375,-878
1884528.5000,1325
1884528.5625,2118
1884528.6250,267
1884528.6875,-2096
1884528.7500,-3104
1884528.8125,-2247
1884528.8750,-1458
1884528.9375,-2183
1884529.0000,-2329
1884529.0625,-1046
1884529.1250,-106
1884529.1875,-29
1884529.2500,-105
1884529.3125,48
1884529.3750,322
1884529.4375,889
1884529.5000,958
1884529.5625,325
1884529.6250,-566
1884529.6875,-485
1884529.7500,1319
1884529.8125,2855
1884529.8750,1668
1884529.9375,-718
1884530.0000,-1379
1884530.0625,857
1884530.1250,3503
1884530.1875,3569
1884530.2500,1108
1884530.3125,-2006
1884530.3750,-2418
1884530.4375,1633
1884530.5000,5380
1884530.5625,4535
1884530.6250,905
1884530.6875,-3064
1884530.7500,-3854
1884530.8125,-1621
1884530.8750,190
1884530.9375,-1374
1884531.0000,-4389
1884531.0625,-6040
1884531.1250,-5289
1884531.1875,-3776
1884531.2500,-3275
1884531.3125,-2077
1884531.3750,-2238
1884531.4375,-3882
1884531.5000,-4731
1884531.5625,-4506
1884531.6250,-3769
1884531.6875,-2472
1884531.7500,-1652
1884531.8125,-1564
1884531.8750,-1243
1884531.9375,-1232
1884532.0000,-1998
1884532.0625,-564
1884532.1250,1524
1884532.1875,1478
1884532.2500,-785
1884532.3125,-2662
1884532.3750,-1862
1884532.4375,245
1884532.5000,42
1884532.5625,-3729
1884532.6250,-7125
1884532.6875,-5832
1884532.7500,-2093
1884532.8125,-186
1884532.8750,-975
1884532.9375,-2681
1884533.0000,-3768
1884533.0625,-3642
1884533.1250,-2937
1884533.1875,-1704
1884533.2500,-1495
1884533.3125,-2274
1884533.3750,-2229
1884533.4375,32
1884533.5000,2111
1884533.5625,606
1884533.6250,-2396
1884533.6875,-4406
1884533.7500,-4613
1884533.8125,-3234
1884533.8750,-2714
1884533.9375,-3483
1884534.0000,-3472
1884534.0625,-2652
1884534.1250,-2618
1884534.1875,-3195
1884534.2500,-2574
1884534.3125,-2346
1884534.3750,-1937
1884534.4375,-625
1884534.5000,-254
1884534.5625,-986
1884534.6250,-1075
1884534.6875,808
1884534.7500,1811
1884534.8125,385
1884534.8750,-2550
1884534.9375,-4085
1884535.0000,-4167
1884535.0625,-2988
1884535.1250,-1972
1884535.1875,-2232
1884535.2500,-3234
1884535.3125,-3788
1884535.3750,-3198
1884535.4375,-2948
1884535.5000,-3472
1884535.5625,-4848
1884535.6250,-6301
1884535.6875,-5510
1884535.7500,-3054
1884535.8125,-2404
1884535.8750,-3369
1884535.9375,-3774
1884536.0000,-2746
1884536.0625,-917
1884536.1250,-426
1884536.1875,-2664
1884536.2500,-4845
1884536.3125,-5530
1884536.3750,-5328
1884536.4375,-5236
1884536.5000,-4776
1884536.5625,-3951
1884536.6250,-2503
1884536.6875,-898
1884536.7500,61
1884536.8125,27
1884536.8750,-1251
1884536.9375,-2422
1884537.0000,-2991
1884537.0625,-3498
1884537.1250,-4395
1884537.1875,-5051
1884537.2500,-4550
1884537.3125,-2651
1884537.3750,-1096
1884537.4375,-731
1884537.5000,-760
1884537.5625,-348
1884537.6250,835
1884537.6875,1736
1884537.7500,1217
1884537.8125,-557
1884537.8750,-2582
1884537.9375,-3432
1884538.0000,-2589
1884538.0625,-2310
1884538.1250,-3231
1884538.1875,-4169
1884538.2500,-4037
1884538.3125,-3218
1884538.3750,-2292
1884538.4375,-1870
1884538.5000,-1892
1884538.5625,-2397
1884538.6250,-3376
1884538.6875,-3369
1884538.7500,-2882
1884538.8125,-3547
1884538.8750,-4141
1884538.9375,-4122
1884539.0000,-4006
1884539.0625,-4567
1884539.1250,-5766
1884539.1875,-6914
1884539.2500,-6779
1884539.3125,-5876
1884539.3750,-5938
1884539.4375,-6641
1884539.5000,-6070
1884539.5625,-4230
1884539.6250,-2222
1884539.6875,-1008
1884539.7500,-1657
1884539.8125,-2400
1884539.8750,-2291
1884539.9375,-1884
1884540.0000,-1975
1884540.0625,-3118
1884540.1250,-4608
1884540.1875,-4626
1884540.2500,-3687
1884540.3125,-3194
1884540.3750,-3743
1884540.4375,-4584
1884540.5000,-4858
1884540.5625,-4922
1884540.6250,-5196
1884540.6875,-5321
1884540.7500,-5462
1884540.8125,-5357
1884540.8750,-3811
1884540.9375,-2169
1884541.0000,-2051
1884541.0625,-2825
1884541.1250,-2687
1884541.1875,-1805
1884541.2500,-873
1884541.3125,-800
1884541.3750,-1958
1884541.4375,-3127
1884541.5000,-2830
1884541.5625,-1733
1884541.6250,-1482
1884541.6875,-1663
1884541.7500,-1392
1884541.8125,-912
1884541.8750,-1057
1884541.9375,-1579
1884542.0000,-1543
1884542.0625,-450
1884542.1250,1382
1884542.1875,2240
1884542.2500,616
1884542.3125,-2278
1884542.3750,-4145
1884542.4375,-4018
1884542.5000,-1987
1884542.5625,-501
1884542.6250,-2795
1884542.6875,-5588
1884542.7500,-6234
1884542.8125,-4693
1884542.8750,-1792
1884542.9375,6
1884543.0000,-1177
1884543.0625,-3259
1884543.1250,-5371
1884543.1875,-7916
1884543.2500,-8479
1884543.3125,-5248
1884543.3750,-1501
1884543.4375,175
1884543.5000,-797
1884543.5625,-3720
1884543.6250,-7075
1884543.6875,-8118
1884543.7500,-6445
1884543.8125,-2717
1884543.8750,771
1884543.9375,426
1884544.0000,-2341
1884544.0625,-3534
1884544.1250,-2577
1884544.1875,-816
1884544.2500,366
1884544.3125,123
1884544.3750,-175
1884544.4375,-277
1884544.5000,-1053
1884544.5625,-3280
1884544.6250,-5707
1884544.6875,-6656
1884544.7500,-5888
1884544.8125,-3749
1884544.8750,-2112
1884544.9375,-2412
1884545.0000,-3895
1884545.0625,-3847
1884545.1250,-3368
1884545.1875,-3807
1884545.2500,-4333
1884545.3125,-4541
1884545.3750,-4804
1884545.4375,-4522
1884545.5000,-3589
1884545.5625,-2939
1884545.6250,-2667
1884545.6875,-2878
1884545.7500,-3185
1884545.8125,-2347
1884545.8750,-1690
1884545.9375,-2076
1884546.0000,-1869
1884546.0625,-577
1884546.1250,73
1884546.1875,-349
1884546.2500,-1624
1884546.3125,-2395
1884546.3750,-826
1884546.4375,1383
1884546.5000,1361
1884546.5625,-991
1884546.6250,-2348
1884546.6875,-1263
1884546.7500,697
1884546.8125,1742
1884546.8750,1731
1884546.9375,310
1884547.0000,-1774
1884547.0625,-2788
1884547.1250,-3044
1884547.1875,-3567
1884547.2500,-4229
1884547.3125,-3795
1884547.3750,-2582
1884547.4375,-1742
1884547.5000,-1335
1884547.5625,-1650
1884547.6250,-1924
1884547.6875,-1315
1884547.7500,-1020
1884547.8125,-1664
1884547.8750,-2006
1884547.9375,-1334
1884548.0000,319
1884548.0625,2426
1884548.1250,2921
1884548.1875,971
1884548.2500,-776
1884548.3125,287
1884548.3750,3503
1884548.4375,5899
1884548.5000,5542
1884548.5625,3242
1884548.6250,1225
1884548.6875,378
1884548.7500,1156
1884548.8125,3064
1884548.8750,4735
1884548.9375,5415
1884549.0000,5127
1884549.0625,4424
1884549.1250,4058
1884549.1875,3574
1884549.2500,3262
1884549.3125,2954
1884549.3750,1512
1884549.4375,-560
1884549.5000,-1072
1884549.5625,-623
1884549.6250,-1567
1884549.6875,-2541
1884549.7500,-1997
1884549.8125,-1121
1884549.8750,-1137
1884549.9375,-1484
1884550.0000,-1813
1884550.0625,-1816
1884550.1250,-1046
1884550.1875,572
1884550.2500,2006
1884550.3125,2026
1884550.3750,1729
1884550.4375,2504
1884550.5000,3709
1884550.5625,4524
1884550.6250,4292
1884550.6875,3314
1884550.7500,3552
1884550.8125,5130
1884550.8750,5839
1884550.9375,5184
1884551.0000,4332
1884551.0625,2672
1884551.1250,1750
1884551.1875,3129
1884551.2500,5173
1884551.3125,5516
1884551.3750,4963
1884551.4375,5017
1884551.5000,5911
1884551.5625,6854
1884551.6250,6101
1884551.6875,3918
1884551.7500,2442
1884551.8125,2905
1884551.8750,3849
1884551.9375,3796
1884552.0000,2670
1884552.0625,1693
1884552.1250,2223
1884552.1875,3702
1884552.2500,4365
1884552.3125,3750
1884552.3750,2556
1884552.4375,2037
1884552.5000,2216
1884552.5625,3137
1884552.6250,3874
1884552.6875,3325
1884552.7500,2994
1884552.8125,3568
1884552.8750,4194
1884552.9375,4428
1884553.0000,3729
1884553.0625,2587
1884553.1250,2884
1884553.1875,4887
1884553.2500,6386
1884553.3125,5776
1884553.3750,3506
1884553.4375,2984
1884553.5000,4918
1884553.5625,6622
1884553.6250,7019
1884553.6875,6559
1884553.7500,5538
1884553.8125,4929
1884553.8750,5533
1884553.9375,5689
1884554.0000,4906
1884554.0625,4750
1884554.1250,5865
1884554.1875,7380
1884554.2500,8037
1884554.3125,6961
1884554.3750,4546
1884554.4375,3081
1884554.5000,3884
1884554.5625,5331
1884554.6250,5452
1884554.6875,4346
1884554.7500,3325
1884554.8125,3521
1884554.8750,4443
1884554.9375,4468
1884555.0000,4281
1884555.0625,4840
1884555.1250,5798
1884555.1875,6553
1884555.2500,7352
1884555.3125,7945
1884555.3750,8341
1884555.4375,9464
1884555.5000,10656
1884555.5625,10033
1884555.6250,7813
1884555.6875,5960
1884555.7500,5444
1884555.8125,5709
1884555.8750,5668
1884555.9375,5855
1884556.0000,6218
1884556.0625,6448
1884556.1250,7118
1884556.1875,8126
1884556.2500,8141
1884556.3125,6895
1884556.3750,5863
1884556.4375,5898
1884556.5000,6104
1884556.5625,5693
1884556.6250,5281
1884556.6875,6016
1884556.7500,7180
1884556.8125,7354
1884556.8750,6673
1884556.9375,5076
1884557.0000,2287
1884557.0625,-243
1884557.1250,-428
1884557.1875,1086
1884557.2500,1710
1884557.3125,1836
1884557.3750,2846
1884557.4375,4071
1884557.5000,5327
1884557.5625,6245
1884557.6250,5748
1884557.6875,5104
1884557.7500,5341
1884557.8125,6390
1884557.8750,7360
1884557.9375,7698
1884558.0000,7297
1884558.0625,6455
1884558.1250,6279
1884558.1875,7049
1884558.2500,7331
1884558.3125,6864
1884558.3750,6721
1884558.4375,7021
1884558.5000,7134
1884558.5625,6140
1884558.6250,3963
1884558.6875,2743
1884558.7500,2508
1884558.8125,2617
1884558.8750,1729
1884558.9375,1407
1884559.0000,3547
1884559.0625,6094
1884559.1250,5100
1884559.1875,2266
1884559.2500,-331
1884559.3125,-550
1884559.3750,2190
1884559.4375,4162
1884559.5000,3022
1884559.5625,-185
1884559.6250,-1765
1884559.6875,-2183
1884559.7500,-1102
1884559.8125,3624
1884559.8750,9401
1884559.9375,10196
1884560.0000,5095
1884560.0625,704
1884560.1250,-603
1884560.1875,-284
1884560.2500,545
1884560.3125,4781
1884560.3750,12119
1884560.4375,14744
1884560.5000,8716
1884560.5625,1193
1884560.6250,-1907
1884560.6875,37
1884560.7500,4464
1884560.8125,7383
1884560.8750,6117
1884560.9375,1634
1884561.0000,-2276
1884561.0625,-3426
1884561.1250,-2566
1884561.1875,-514
1884561.2500,286
1884561.3125,348
1884561.3750,751
1884561.4375,706
1884561.5000,-1422
1884561.5625,-2338
1884561.6250,-2176
1884561.6875,-2343
1884561.7500,-612
1884561.8125,1979
1884561.8750,1723
1884561.9375,-466
1884618.0000,-1110
1884618.0625,3500
1884618.1250,3704
1884618.1875,336
1884618.2500,-4261
1884618.3125,-5389
1884618.3750,-4124
1884618.4375,-4454
1884618.5000,-5095
1884618.5625,-2284
1884618.6250,584
1884618.6875,47
1884618.7500,-2295
1884618.8125,-5001
1884618.8750,-4920
1884618.9375,-1397
1884619.0000,1579
1884619.0625,1394
1884619.1250,-1143
1884619.1875,-4135
1884619.2500,-5261
1884619.3125,-3200
1884619.3750,-736
1884619.4375,-79
1884619.5000,-332
1884619.5625,141
1884619.6250,-272
1884619.6875,-2416
1884619.7500,-4218
1884619.8125,-5234
1884619.8750,-4245
1884619.9375,-1065
1884620.0000,-214
1884620.0625,-3274
1884620.1250,-6665
1884620.1875,-8023
1884620.2500,-6597
1884620.3125,-3066
1884620.3750,-3055
1884620.4375,-6504
1884620.5000,-7091
1884620.5625,-5661
1884620.6250,-4886
1884620.6875,-3185
1884620.7500,-2275
1884620.8125,-3844
1884620.8750,-4507
1884620.9375,-3378
1884621.0000,-3426
1884621.0625,-3686
1884621.1250,-3350
1884621.1875,-2406
1884621.2500,-499
1884621.3125,1158
1884621.3750,59
1884621.4375,-1826
1884621.5000,-2026
1884621.5625,-1090
1884621.6250,319
1884621.6875,1893
1884621.7500,2093
1884621.8125,229
1884621.8750,-1122
1884621.9375,-84
1884622.0000,1505
1884622.0625,2043
1884622.1250,2525
1884622.1875,3103
1884622.2500,1328
1884622.3125,-1949
1884622.3750,-4287
1884622.4375,-4452
1884622.5000,-2822
1884622.5625,-446
1884622.6250,160
1884622.6875,-774
1884622.7500,-2224
1884622.8125,-4453
1884622.8750,-5472
1884622.9375,-4510
1884623.0000,-3365
1884623.0625,-1843
1884623.1250,-1324
1884623.1875,-2308
1884623.2500,-2834
1884623.3125,-2661
1884623.3750,-2486
1884623.4375,-1611
1884623.5000,-706
1884623.5625,-436
1884623.6250,-649
1884623.6875,-1194
1884623.7500,-1732
1884623.8125,-2044
1884623.8750,-991
1884623.9375,1650
1884624.0000,3517
1884624.0625,3472
1884624.1250,3062
1884624.1875,2868
1884624.2500,1928
1884624.3125,460
1884624.3750,-529
1884624.4375,63
1884624.5000,1624
1884624.5625,2173
1884624.6250,1678
1884624.6875,1510
1884624.7500,1385
1884624.8125,1000
1884624.8750,1631
1884624.9375,2733
1884625.0000,2810
1884625.0625,1805
1884625.1250,228
1884625.1875,-923
1884625.2500,-1660
1884625.3125,-2198
1884625.3750,-1570
1884625.4375,50
1884625.5000,1015
1884625.5625,880
1884625.6250,884
1884625.6875,638
1884625.7500,460
1884625.8125,1428
1884625.8750,2676
1884625.9375,2842
1884626.0000,2481
1884626.0625,2208
1884626.1250,2376
1884626.1875,3098
1884626.2500,3336
1884626.3125,3056
1884626.3750,2896
1884626.4375,3075
1884626.5000,3884
1884626.5625,4447
1884626.6250,4059
1884626.6875,2798
1884626.7500,2044
1884626.8125,2851
1884626.8750,3549
1884626.9375,3201
1884627.0000,2215
1884627.0625,1100
1884627.1250,308
1884627.1875,103
1884627.2500,860
1884627.3125,2115
1884627.3750,3078
1884627.4375,2561
1884627.5000,455
1884627.5625,-1414
1884627.6250,-1319
1884627.6875,-39
1884627.7500,1599
1884627.8125,2724
1884627.8750,2717
1884627.9375,2724
1884628.0000,3768
1884628.0625,5715
1884628.1250,7695
1884628.1875,8471
1884628.2500,7343
1884628.3125,5679
1884628.3750,5176
1884628.4375,5877
1884628.5000,6167
1884628.5625,5241
1884628.6250,4482
1884628.6875,5080
1884628.7500,4907
1884628.8125,3906
1884628.8750,3711
1884628.9375,4447
1884629.0000,5784
1884629.0625,7191
1884629.1250,7430
1884629.1875,5999
1884629.2500,4235
1884629.3125,3779
1884629.3750,4292
1884629.4375,4013
1884629.5000,3072
1884629.5625,2645
1884629.6250,2921
1884629.6875,4323
1884629.7500,5412
1884629.8125,4778
1884629.8750,2875
1884629.9375,1238
1884630.0000,524
1884630.0625,174
1884630.1250,342
1884630.1875,368
1884630.2500,379
1884630.3125,709
1884630.3750,968
1884630.4375,1405
1884630.5000,2401
1884630.5625,3175
1884630.6250,3387
1884630.6875,3446
1884630.7500,4088
1884630.8125,4957
1884630.8750,5110
1884630.9375,5105
1884631.0000,5897
1884631.0625,7006
1884631.1250,7029
1884631.1875,5382
1884631.2500,3959
1884631.3125,4095
1884631.3750,5028
1884631.4375,5371
1884631.5000,5479
1884631.5625,5930
1884631.6250,6519
1884631.6875,6994
1884631.7500,6948
1884631.8125,6265
1884631.8750,6021
1884631.9375,6391
1884632.0000,6051
1884632.0625,4926
1884632.1250,3447
1884632.1875,2168
1884632.2500,1819
1884632.3125,2408
1884632.3750,2746
1884632.4375,2499
1884632.5000,1384
1884632.5625,152
1884632.6250,704
1884632.6875,2299
1884632.7500,2877
1884632.8125,2180
1884632.8750,1750
1884632.9375,3120
1884633.0000,5942
1884633.0625,8074
1884633.1250,8158
1884633.1875,7526
1884633.2500,7731
1884633.3125,9110
1884633.3750,9091
1884633.4375,6352
1884633.5000,5553
1884633.5625,7728
1884633.6250,9620
1884633.6875,9525
1884633.7500,6081
1884633.8125,454
1884633.8750,-286
1884633.9375,2955
1884634.0000,5249
1884634.0625,5321
1884634.1250,3615
1884634.1875,1256
1884634.2500,1650
1884634.3125,2764
1884634.3750,-848
1884634.4375,-3357
1884634.5000,961
1884634.5625,7544
1884634.6250,9293
1884634.6875,6308
1884634.7500,1181
1884634.8125,-2270
1884634.8750,-1175
1884634.9375,1292
1884635.0000,2496
1884635.0625,3256
1884635.1250,2632
1884635.1875,1167
1884635.2500,1234
1884635.3125,2543
1884635.3750,4573
1884635.4375,5923
1884635.5000,4591
1884635.5625,4194
1884635.6250,5622
1884635.6875,4744
1884635.7500,2063
1884635.8125,74
1884635.8750,-1119
1884635.9375,-1230
1884636.0000,-781
1884636.0625,924
1884636.1250,2639
1884636.1875,2484
1884636.2500,2483
1884636.3125,1903
1884636.3750,1299
1884636.4375,2984
1884636.5000,2733
1884636.5625,-1472
1884636.6250,-2967
1884636.6875,-1221
1884636.7500,-1418
1884636.8125,-1245
1884636.8750,-1132
1884636.9375,-1877
1884637.0000,1198
1884637.0625,3771
1884637.1250,1708
1884637.1875,527
1884637.2500,1724
1884637.3125,1082
1884637.3750,-14
1884637.4375,-742
1884637.5000,-2856
1884637.5625,-2481
1884637.6250,168
1884637.6875,1695
1884637.7500,3787
1884637.8125,6245
1884637.8750,6144
1884637.9375,5262
1884638.0000,4391
1884638.0625,2629
1884638.1250,1805
1884638.1875,2523
1884638.2500,3306
1884638.3125,3579
1884638.3750,3435
1884638.4375,3247
1884638.5000,3721
1884638.5625,4675
1884638.6250,3907
1884638.6875,2801
1884638.7500,1959
1884638.8125,585
1884638.8750,112
1884638.9375,-15
1884639.0000,-1118
1884639.0625,-1074
1884639.1250,1562
1884639.1875,4186
1884639.2500,5423
1884639.3125,3722
1884639.3750,192
1884639.4375,-627
1884639.5000,1694
1884639.5625,4532
1884639.6250,5116
1884639.6875,3222
1884639.7500,891
1884639.8125,383
1884639.8750,344
1884639.9375,143
1884640.0000,-62
1884640.0625,-860
1884640.1250,-279
1884640.1875,1730
1884640.2500,2553
1884640.3125,1812
1884640.3750,1076
1884640.4375,1480
1884640.5000,2793
1884640.5625,2501
1884640.6250,138
1884640.6875,-1562
1884640.7500,-1302
1884640.8125,132
1884640.8750,1029
1884640.9375,-138
1884641.0000,-2304
1884641.0625,-3634
1884641.1250,-2371
1884641.1875,0
1884641.2500,455
1884641.3125,-1103
1884641.3750,-1944
1884641.4375,215
1884641.5000,3967
1884641.5625,5485
1884641.6250,3524
1884641.6875,1481
1884641.7500,886
1884641.8125,650
1884641.8750,880
1884641.9375,733
1884642.0000,-266
1884642.0625,-283
1884642.1250,1402
1884642.1875,2010
1884642.2500,295
1884642.3125,-898
1884642.3750,-15
1884642.4375,2463
1884642.5000,4381
1884642.5625,3804
1884642.6250,1575
1884642.6875,948
1884642.7500,2883
1884642.8125,5081
1884642.8750,4787
1884642.9375,1578
1884643.0000,-1473
1884643.0625,-1338
1884643.1250,2265
1884643.1875,4453
1884643.2500,3063
1884643.3125,425
1884643.3750,-330
1884643.4375,674
1884643.5000,2052
1884643.5625,422
1884643.6250,-2529
1884643.6875,-2321
1884643.7500,215
1884643.8125,2333
1884643.8750,1569
1884643.9375,-141
1884644.0000,-1882
1884644.0625,-2190
1884644.1250,-2360
1884644.1875,-3478
1884644.2500,-5222
1884644.3125,-5699
1884644.3750,-4773
1884644.4375,-2955
1884644.5000,-1185
1884644.5625,-164
1884644.6250,-2086
1884644.6875,-2949
1884644.7500,-627
1884644.8125,1840
1884644.8750,1174
1884644.9375,-1963
1884645.0000,-4239
1884645.0625,-2164
1884645.1250,759
1884645.1875,153
1884645.2500,-3052
1884645.3125,-3581
1884645.3750,-1229
1884645.4375,1511
1884645.5000,2648
1884645.5625,2132
1884645.6250,546
1884645.6875,618
1884645.7500,1977
1884645.8125,2629
1884645.8750,1750
1884645.9375,-16
1884646.0000,-1564
1884646.0625,-908
1884646.1250,1735
1884646.1875,2129
1884646.2500,721
1884646.3125,-782
1884646.3750,-2419
1884646.4375,-3439
1884646.5000,-3854
1884646.5625,-3757
1884646.6250,-2411
1884646.6875,-759
1884646.7500,26
1884646.8125,-719
1884646.8750,-1152
1884646.9375,-1463
1884647.0000,-1719
1884647.0625,-295
1884647.1250,284
1884647.1875,-1786
1884647.2500,-4825
1884647.3125,-5169
1884647.3750,-3912
1884647.4375,-3468
1884647.5000,-5020
1884647.5625,-6670
1884647.6250,-5919
1884647.6875,-2685
1884647.7500,-342
1884647.8125,-740
1884647.8750,-1752
1884647.9375,-1585
1884648.0000,310
1884648.0625,1149
1884648.1250,-95
1884648.1875,-1753
1884648.2500,-2941
1884648.3125,-3164
1884648.3750,-1468
1884648.4375,-554
1884648.5000,-1925
1884648.5625,-3063
1884648.6250,-3083
1884648.6875,-2283
1884648.7500,-1852
1884648.8125,-3465
1884648.8750,-5861
1884648.9375,-5941
1884649.0000,-3878
1884649.0625,-2793
1884649.1250,-2450
1884649.1875,-2578
1884649.2500,-3599
1884649.3125,-2965
1884649.3750,-700
1884649.4375,-184
1884649.5000,-2049
1884649.5625,-3092
1884649.6250,-2392
1884649.6875,-1377
1884649.7500,-1211
1884649.8125,-1588
1884649.8750,-1410
1884649.9375,-383
1884650.0000,1095
1884650.0625,1078
1884650.1250,-1068
1884650.1875,-4111
1884650.2500,-5377
1884650.3125,-3863
1884650.3750,-1838
1884650.4375,-1737
1884650.5000,-4041
1884650.5625,-6614
1884650.6250,-6134
1884650.6875,-3624
1884650.7500,-1771
1884650.8125,-1881
1884650.8750,-3906
1884650.9375,-4937
1884651.0000,-2883
1884651.0625,-854
1884651.1250,-1548
1884651.1875,-3383
1884651.2500,-4124
1884651.3125,-3336
1884651.3750,-2581
1884651.4375,-3321
1884651.5000,-4445
1884651.5625,-3679
1884651.6250,-1897
1884651.6875,-1831
1884651.7500,-3895
1884651.8125,-6250
1884651.8750,-6033
1884651.9375,-3183
1884652.0000,-713
1884652.0625,-1097
1884652.1250,-3177
1884652.1875,-3960
1884652.2500,-2698
1884652.3125,-380
1884652.3750,297
1884652.4375,-1279
1884652.5000,-3072
1884652.5625,-3306
1884652.6250,-2191
1884652.6875,-1525
1884652.7500,-2740
1884652.8125,-4757
1884652.8750,-4798
1884652.9375,-3055
1884653.0000,-2382
1884653.0625,-3373
1884653.1250,-4613
1884653.1875,-4595
1884653.2500,-3347
1884653.3125,-2634
1884653.3750,-3872
1884653.4375,-6120
1884653.5000,-6718
1884653.5625,-4883
1884653.6250,-2143
1884653.6875,-1487
1884653.7500,-3803
1884653.8125,-6692
1884653.8750,-6909
1884653.9375,-4734
1884654.0000,-3137
1884654.0625,-3726
1884654.1250,-4996
1884654.1875,-5128
1884654.2500,-4226
1884654.3125,-2882
1884654.3750,-2513
1884654.4375,-2605
1884654.5000,-1126
1884654.5625,452
1884654.6250,-1310
1884654.6875,-4441
1884654.7500,-6019
1884654.8125,-4273
1884654.8750,-124
1884654.9375,2561
1884655.0000,1456
1884655.0625,-1195
1884655.1250,-2767
1884655.1875,-3784
1884655.2500,-3407
1884655.3125,-145
1884655.3750,4854
1884655.4375,7361
1884655.5000,4845
1884655.5625,-705
1884655.6250,-6246
1884655.6875,-7783
1884655.7500,-6509
1884655.8125,-3069
1884655.8750,1597
1884655.9375,3175
1884656.0000,-747
1884656.0625,-4886
1884656.1250,-6004
1884656.1875,-4124
1884656.2500,-457
1884656.3125,550
1884656.3750,-1963
1884656.4375,-4502
1884656.5000,-3949
1884656.5625,-2333
1884656.6250,-2264
1884656.6875,-2521
1884656.7500,-2351
1884656.8125,-1476
1884656.8750,-318
1884656.9375,-262
1884657.0000,-2764
1884657.0625,-4324
1884657.1250,-3414
1884657.1875,-2579
1884657.2500,-1727
1884657.3125,-553
1884657.3750,-260
1884657.4375,259
1884657.5000,424
1884657.5625,-1231
1884657.6250,-2936
1884657.6875,-4403
1884657.7500,-6393
1884657.8125,-5816
1884657.8750,-3520
1884657.9375,-3806
1884658.0000,-4669
1884658.0625,-3669
1884658.1250,-2560
1884658.1875,-1740
1884658.2500,-1775
1884658.3125,-4163
1884658.3750,-5680
1884658.4375,-4613
1884658.5000,-3783
1884658.5625,-3264
1884658.6250,-1980
1884658.6875,-1352
1884658.7500,-1501
1884658.8125,-1122
1884658.8750,-1144
1884658.9375,-1878
1884659.0000,-1778
1884659.0625,-289
1884659.1250,337
1884659.1875,-976
1884659.2500,-2775
1884659.3125,-2742
1884659.3750,-380
1884659.4375,1800
1884659.5000,2503
1884659.5625,1069
1884659.6250,-1649
1884659.6875,-1521
1884659.7500,1191
1884659.8125,3704
1884659.8750,5503
1884659.9375,5526
1884660.0000,3678
1884660.0625,2552
1884660.1250,986
1884660.1875,-2142
1884660.2500,-3956
1884660.3125,-3737
1884660.3750,-2400
1884660.4375,94
1884660.5000,2051
1884660.5625,1447
1884660.6250,-526
1884660.6875,-2847
1884660.7500,-4873
1884660.8125,-5573
1884660.8750,-5385
1884660.9375,-4779
1884661.0000,-3971
1884661.0625,-2525
1884661.1250,-1029
1884661.1875,-622
1884661.2500,323
1884661.3125,2724
1884661.3750,4927
1884661.4375,5526
1884661.5000,3639
1884661.5625,-224
1884661.6250,-2525
1884661.6875,-1043
1884661.7500,2277
1884661.8125,3605
1884661.8750,2092
1884661.9375,1213
1884662.0000,2127
1884662.0625,3499
1884662.1250,4142
1884662.1875,4019
1884662.2500,2866
1884662.3125,1553
1884662.3750,1076
1884662.4375,352
1884662.5000,-120
1884662.5625,726
1884662.6250,1829
1884662.6875,2882
1884662.7500,3650
1884662.8125,3666
1884662.8750,3474
1884662.9375,3706
1884663.0000,3195
1884663.0625,762
1884663.1250,-1301
1884663.1875,-1323
1884663.2500,41
1884663.3125,1610
1884663.3750,1960
1884663.4375,1439
1884663.5000,2290
1884663.5625,3611
1884663.6250,4445
1884663.6875,5342
1884663.7500,4690
1884663.8125,2774
1884663.8750,2577
1884663.9375,3669
1884664.0000,3444
1884664.0625,2347
1884664.1250,2367
1884664.1875,3701
1884664.2500,4982
1884664.3125,5027
1884664.3750,4454
1884664.4375,5513
1884664.5000,7964
1884664.5625,9602
1884664.6250,8237
1884664.6875,5120
1884664.7500,3264
1884664.8125,4088
1884664.8750,4499
1884664.9375,2159
1884665.0000,-234
1884665.0625,1
1884665.1250,2102
1884665.1875,3961
1884665.2500,4696
1884665.3125,3683
1884665.3750,2261
1884665.4375,1757
1884665.5000,2038
1884665.5625,2066
1884665.6250,1258
1884665.6875,-185
1884665.7500,-1153
1884665.8125,162
1884665.8750,3849
1884665.9375,5916
1884666.0000,5316
1884666.0625,5070
1884666.1250,6120
1884666.1875,6744
1884666.2500,5914
1884666.3125,4391
1884666.3750,3793
1884666.4375,4914
1884666.5000,6892
1884666.5625,7200
1884666.6250,5623
1884666.6875,5408
1884666.7500,6773
1884666.8125,8237
1884666.8750,9255
1884666.9375,8906
1884667.0000,7641
1884667.0625,6975
1884667.1250,6820
1884667.1875,6152
1884667.2500,4075
1884667.3125,1968
1884667.3750,2059
1884667.4375,4561
1884667.5000,7139
1884667.5625,7890
1884667.6250,6140
1884667.6875,3951
1884667.7500,3630
1884667.8125,4481
1884667.8750,4407
1884667.9375,2966
1884668.0000,2006
1884668.0625,2892
1884668.1250,4653
1884668.1875,6102
1884668.2500,6352
1884668.3125,5009
1884668.3750,3880
1884668.4375,4730
1884668.5000,5587
1884668.5625,4290
1884668.6250,2836
1884668.6875,3636
1884668.7500,5903
1884668.8125,7663
1884668.8750,8284
1884668.9375,8311
1884669.0000,7788
1884669.0625,6775
1884669.1250,5766
1884669.1875,5316
1884669.2500,4873
1884669.3125,3813
1884669.3750,3402
1884669.4375,4248
1884669.5000,5587
1884669.5625,6476
1884669.6250,5968
1884669.6875,5222
1884669.7500,5788
1884669.8125,6242
1884669.8750,5156
1884669.9375,3766
1884670.0000,3350
1884670.0625,3178
1884670.1250,2735
1884670.1875,2195
1884670.2500,1505
1884670.3125,1461
1884670.3750,2977
1884670.4375,4464
1884670.5000,4517
1884670.5625,3652
1884670.6250,3440
1884670.6875,4965
1884670.7500,6953
1884670.8125,7098
1884670.8750,5513
1884670.9375,3669
1884671.0000,3236
1884671.0625,4887
1884671.1250,6285
1884671.1875,6204
1884671.2500,6107
1884671.3125,6535
1884671.3750,7435
1884671.4375,8196
1884671.5000,7421
1884671.5625,5272
1884671.6250,4305
1884671.6875,5613
1884671.7500,6559
1884671.8125,5276
1884671.8750,2962
1884671.9375,2317
1884672.0000,3123
1884672.0625,5153
1884672.1250,4766
1884672.1875,1963
1884672.2500,-1490
1884672.3125,-3298
1884672.3750,-5196
1884672.4375,-7552
1884672.5000,-6496
1884672.5625,33
1884672.6250,6398
1884672.6875,5923
1884672.7500,683
1884672.8125,-4246
1884672.8750,-5819
1884672.9375,-3649
1884673.0000,2677
1884673.0625,10099
1884673.1250,12957
1884673.1875,7050
1884673.2500,-853
1884673.3125,-4066
1884673.3750,-1493
1884673.4375,3729
1884673.5000,6281
1884673.5625,5370
1884673.6250,3272
1884673.6875,1411
1884673.7500,1233
1884673.8125,2361
1884673.8750,3196
1884673.9375,2186
1884674.0000,471
1884674.0625,695
1884674.1250,1883
1884674.1875,-31
1884674.2500,-1841
1884674.3125,351
1884674.3750,2813
1884674.4375,3217
1884674.5000,3063
1884674.5625,2461
1884674.6250,1131
1884674.6875,-838
1884674.7500,-3088
1884674.8125,-3274
1884674.8750,-1608
1884674.9375,-1955
1884675.0000,-3597
1884675.0625,-3099
1884675.1250,-1781
1884675.1875,-479
1884675.2500,2191
1884675.3125,5009
1884675.3750,5852
1884675.4375,4043
1884675.5000,1309
1884675.5625,170
1884675.6250,989
1884675.6875,2028
1884675.7500,3033
1884675.8125,4135
1884675.8750,5152
1884675.9375,6170
1884676.0000,6840
1884676.0625,5492
1884676.1250,3486
1884676.1875,2247
1884676.2500,1944
1884676.3125,1768
1884676.3750,1033
1884676.4375,-540
1884676.5000,-917
1884676.5625,819
1884676.6250,1794
1884676.6875,1900
1884676.7500,3674
1884676.8125,4097
1884676.8750,1254
1884676.9375,-1709
1884677.0000,-2950
1884677.0625,-1983
1884677.1250,105
1884677.1875,1692
1884677.2500,2260
1884677.3125,1091
1884677.3750,-1899
1884677.4375,-3710
1884677.5000,-3705
1884677.5625,-2652
1884677.6250,-764
1884677.6875,1444
1884677.7500,2844
1884677.8125,2795
1884677.8750,1361
1884677.9375,-259
1884678.0000,146
1884678.0625,1948
1884678.1250,2559
1884678.1875,1813
1884678.2500,1380
1884678.3125,1449
1884678.3750,1466
1884678.4375,1913
1884678.5000,2335
1884678.5625,1596
1884678.6250,777
1884678.6875,217
1884678.7500,-84
1884678.8125,-301
1884678.8750,-1044
1884678.9375,-1379
1884679.0000,-505
1884679.0625,41
1884679.1250,-319
1884679.1875,-564
1884679.2500,-631
1884679.3125,-584
1884679.3750,196
1884679.4375,1159
1884679.5000,977
1884679.5625,530
1884679.6250,1228
1884679.6875,2235
1884679.7500,2695
1884679.8125,1648
1884679.8750,-391
1884679.9375,-391
1884680.0000,2420
1884680.0625,5397
1884680.1250,5497
1884680.1875,2659
1884680.2500,-775
1884680.3125,-2046
1884680.3750,302
1884680.4375,3472
1884680.5000,4058
1884680.5625,1746
1884680.6250,-1112
1884680.6875,-866
1884680.7500,1520
1884680.8125,1890
1884680.8750,-178
1884680.9375,-2497
1884681.0000,-3528
1884681.0625,-2639
1884681.1250,-886
1884681.1875,-545
1884681.2500,-13
1884681.3125,990
1884681.3750,1917
1884681.4375,78
1884681.5000,-915
1884681.5625,-688
1884681.6250,-1055
1884681.6875,-418
1884681.7500,64
1884681.8125,-1102
1884681.8750,-1621
1884681.9375,-1444
1884722.0000,-1378
1884722.0625,-1512
1884722.1250,-3827
1884722.1875,-5519
1884722.2500,-3517
1884722.3125,-975
1884722.3750,-1527
1884722.4375,-5286
1884722.5000,-6955
1884722.5625,-4638
1884722.6250,-1965
1884722.6875,-2011
1884722.7500,-2556
1884722.8125,-2111
1884722.8750,-409
1884722.9375,1397
1884723.0000,572
1884723.0625,-2834
1884723.1250,-5455
1884723.1875,-5068
1884723.2500,-2961
1884723.3125,-1496
1884723.3750,-1696
1884723.4375,-3152
1884723.5000,-3540
1884723.5625,-2617
1884723.6250,-2930
1884723.6875,-4950
1884723.7500,-6866
1884723.8125,-7514
1884723.8750,-6565
1884723.9375,-5886
1884724.0000,-6774
1884724.0625,-6637
1884724.1250,-4391
1884724.1875,-2060
1884724.2500,-1633
1884724.3125,-2776
1884724.3750,-4672
1884724.4375,-5763
1884724.5000,-5397
1884724.5625,-4042
1884724.6250,-2977
1884724.6875,-2870
1884724.7500,-2736
1884724.8125,-1440
1884724.8750,-147
1884724.9375,-288
1884725.0000,-2427
1884725.0625,-5489
1884725.1250,-6161
1884725.1875,-4012
1884725.2500,-2015
1884725.3125,-970
1884725.3750,-416
1884725.4375,-449
1884725.5000,886
1884725.5625,2961
1884725.6250,3336
1884725.6875,2264
1884725.7500,737
1884725.8125,-62
1884725.8750,-631
1884725.9375,-1469
1884726.0000,-1448
1884726.0625,-550
1884726.1250,-172
1884726.1875,-1334
1884726.2500,-3097
1884726.3125,-4170
1884726.3750,-4139
1884726.4375,-3950
1884726.5000,-3789
1884726.5625,-4018
1884726.6250,-5024
1884726.6875,-5845
1884726.7500,-4635
1884726.8125,-1565
1884726.8750,-91
1884726.9375,-2120
1884727.0000,-5348
1884727.0625,-7018
1884727.1250,-6411
1884727.1875,-4297
1884727.2500,-2864
1884727.3125,-2872
1884727.3750,-3104
1884727.4375,-2920
1884727.5000,-2369
1884727.5625,-2513
1884727.6250,-4646
1884727.6875,-7081
1884727.7500,-7055
1884727.8125,-4729
1884727.8750,-2835
1884727.9375,-1985
1884728.0000,-978
1884728.0625,31
1884728.1250,306
1884728.1875,-621
1884728.2500,-3206
1884728.3125,-6669
1884728.3750,-8494
1884728.4375,-7392
1884728.5000,-4189
1884728.5625,-1945
1884728.6250,-2196
1884728.6875,-2902
1884728.7500,-1647
1884728.8125,-101
1884728.8750,-1004
1884728.9375,-3936
1884729.0000,-6690
1884729.0625,-7066
1884729.1250,-5113
1884729.1875,-3374
1884729.2500,-3632
1884729.3125,-4637
1884729.3750,-4537
1884729.4375,-3308
1884729.5000,-2690
1884729.5625,-3981
1884729.6250,-5958
1884729.6875,-6399
1884729.7500,-5271
1884729.8125,-3759
1884729.8750,-2717
1884729.9375,-3148
1884730.0000,-3921
1884730.0625,-3539
1884730.1250,-2951
1884730.1875,-3134
1884730.2500,-3687
1884730.3125,-4585
1884730.3750,-4422
1884730.4375,-3102
1884730.5000,-2013
1884730.5625,-1491
1884730.6250,-1409
1884730.6875,-1971
1884730.7500,-2212
1884730.8125,-2467
1884730.8750,-3616
1884730.9375,-5056
1884731.0000,-4799
1884731.0625,-3367
1884731.1250,-2060
1884731.1875,-1642
1884731.2500,-2102
1884731.3125,-2872
1884731.3750,-2747
1884731.4375,-2465
1884731.5000,-3277
1884731.5625,-4792
1884731.6250,-5582
1884731.6875,-4231
1884731.7500,-1664
1884731.8125,152
1884731.8750,586
1884731.9375,330
1884732.0000,-524
1884732.0625,-875
1884732.1250,793
1884732.1875,3420
1884732.2500,4059
1884732.3125,2218
1884732.3750,-203
1884732.4375,-2585
1884732.5000,-3783
1884732.5625,-3319
1884732.6250,-1574
1884732.6875,886
1884732.7500,2564
1884732.8125,936
1884732.8750,-2327
1884732.9375,-4053
1884733.0000,-3472
1884733.0625,-1825
1884733.1250,-1118
1884733.1875,-1983
1884733.2500,-3305
1884733.3125,-3901
1884733.3750,-3154
1884733.4375,-1710
1884733.5000,-1393
1884733.5625,-3221
1884733.6250,-4737
1884733.6875,-4798
1884733.7500,-4328
1884733.8125,-5015
1884733.8750,-5782
1884733.9375,-5815
1884734.0000,-4920
1884734.0625,-2874
1884734.1250,-982
1884734.1875,-1190
1884734.2500,-2706
1884734.3125,-3859
1884734.3750,-4009
1884734.4375,-2729
1884734.5000,-1413
1884734.5625,-1137
1884734.6250,-816
1884734.6875,-674
1884734.7500,-1106
1884734.8125,-395
1884734.8750,1214
1884734.9375,763
1884735.0000,-800
1884735.0625,-1640
1884735.1250,-1800
1884735.1875,-908
1884735.2500,723
1884735.3125,1290
1884735.3750,287
1884735.4375,-692
1884735.5000,-226
1884735.5625,1163
1884735.6250,2104
1884735.6875,2084
1884735.7500,1958
1884735.8125,1348
1884735.8750,265
1884735.9375,-996
1884736.0000,-1926
1884736.0625,-1317
1884736.1250,476
1884736.1875,586
1884736.2500,-813
1884736.3125,-1087
1884736.3750,-1207
1884736.4375,-1331
1884736.5000,34
1884736.5625,1008
1884736.6250,221
1884736.6875,180
1884736.7500,1678
1884736.8125,2526
1884736.8750,2636
1884736.9375,3108
1884737.0000,3596
1884737.0625,3664
1884737.1250,3340
1884737.1875,3080
1884737.2500,3368
1884737.3125,3941
1884737.3750,3722
1884737.4375,2387
1884737.5000,1428
1884737.5625,1101
1884737.6250,1173
1884737.6875,1730
1884737.7500,2262
1884737.8125,683
1884737.8750,-1616
1884737.9375,-2409
1884738.0000,-2016
1884738.0625,-947
1884738.1250,-149
1884738.1875,43
1884738.2500,62
1884738.3125,50
1884738.3750,-350
1884738.4375,-878
1884738.5000,-1188
1884738.5625,-1617
1884738.6250,-1463
1884738.6875,-523
1884738.7500,810
1884738.8125,2737
1884738.8750,4261
1884738.9375,4307
1884739.0000,4134
1884739.0625,4080
1884739.1250,3458
1884739.1875,3152
1884739.2500,3027
1884739.3125,1548
1884739.3750,286
1884739.4375,468
1884739.5000,2107
1884739.5625,4241
1884739.6250,5328
1884739.6875,5155
1884739.7500,4796
1884739.8125,4929
1884739.8750,5273
1884739.9375,5348
1884740.0000,4321
1884740.0625,2518
1884740.1250,1999
1884740.1875,3392
1884740.2500,3975
1884740.3125,2217
1884740.3750,197
1884740.4375,25
1884740.5000,1098
1884740.5625,1328
1884740.6250,-511
1884740.6875,-3191
1884740.7500,-3654
1884740.8125,-1989
1884740.8750,227
1884740.9375,2002
1884741.0000,3006
1884741.0625,3526
1884741.1250,4296
1884741.1875,5359
1884741.2500,5784
1884741.3125,5258
1884741.3750,4659
1884741.4375,4836
1884741.5000,6293
1884741.5625,8071
1884741.6250,8038
1884741.6875,6902
1884741.7500,6056
1884741.8125,5984
1884741.8750,6963
1884741.9375,7375
1884742.0000,6132
1884742.0625,5773
1884742.1250,7297
1884742.1875,7801
1884742.2500,6304
1884742.3125,4784
1884742.3750,3840
1884742.4375,3354
1884742.5000,3873
1884742.5625,4591
1884742.6250,4465
1884742.6875,4506
1884742.7500,4392
1884742.8125,4238
1884742.8750,5131
1884742.9375,5832
1884743.0000,4371
1884743.0625,2530
1884743.1250,2117
1884743.1875,2072
1884743.2500,1214
1884743.3125,212
1884743.3750,588
1884743.4375,2543
1884743.5000,4457
1884743.5625,5685
1884743.6250,6105
1884743.6875,6053
1884743.7500,5501
1884743.8125,4244
1884743.8750,3454
1884743.9375,3542
1884744.0000,4071
1884744.0625,5431
1884744.1250,7478
1884744.1875,8075
1884744.2500,7442
1884744.3125,7661
1884744.3750,9385
1884744.4375,10181
1884744.5000,8170
1884744.5625,4978
1884744.6250,3236
1884744.6875,4333
1884744.7500,6982
1884744.8125,7862
1884744.8750,6208
1884744.9375,3694
1884745.0000,1338
1884745.0625,600
1884745.1250,1290
1884745.1875,1840
1884745.2500,2105
1884745.3125,2477
1884745.3750,3120
1884745.4375,3603
1884745.5000,3440
1884745.5625,3284
1884745.6250,3154
1884745.6875,3024
1884745.7500,3266
1884745.8125,2454
1884745.8750,690
1884745.9375,1548
1884746.0000,5322
1884746.0625,7935
1884746.1250,8024
1884746.1875,7059
1884746.2500,5202
1884746.3125,2667
1884746.3750,1047
1884746.4375,959
1884746.5000,1019
1884746.5625,577
1884746.6250,490
1884746.6875,2130
1884746.7500,4900
1884746.8125,6156
1884746.8750,5854
1884746.9375,4944
1884747.0000,2437
1884747.0625,-955
1884747.1250,-1621
1884747.1875,-747
1884747.2500,1842
1884747.3125,4318
1884747.3750,5864
1884747.4375,5970
1884747.5000,5597
1884747.5625,1943
1884747.6250,-2747
1884747.6875,-2322
1884747.7500,3759
1884747.8125,7748
1884747.8750,4656
1884747.9375,-952
1884748.0000,-3881
1884748.0625,-3542
1884748.1250,-2946
1884748.1875,-2213
1884748.2500,1214
1884748.3125,5413
1884748.3750,5259
1884748.4375,1966
1884748.5000,-323
1884748.5625,147
1884748.6250,3848
1884748.6875,6453
1884748.7500,5115
1884748.8125,1971
1884748.8750,-634
1884748.9375,-187
1884749.0000,3600
1884749.0625,6016
1884749.1250,3655
1884749.1875,909
1884749.2500,1887
1884749.3125,4780
1884749.3750,3654
1884749.4375,-190
1884749.5000,-1702
1884749.5625,-1818
1884749.6250,-1105
1884749.6875,431
1884749.7500,-522
1884749.8125,-2494
1884749.8750,-541
1884749.9375,1426
1884750.0000,1509
1884750.0625,2002
1884750.1250,455
1884750.1875,-1944
1884750.2500,-929
1884750.3125,1004
1884750.3750,690
1884750.4375,375
1884750.5000,550
1884750.5625,1279
1884750.6250,2957
1884750.6875,2958
1884750.7500,489
1884750.8125,-672
1884750.8750,-1056
1884750.9375,-614
1884751.0000,1229
1884751.0625,2441
1884751.1250,1316
1884751.1875,-215
1884751.2500,-1229
1884751.3125,-1100
1884751.3750,779
1884751.4375,2885
1884751.5000,3234
1884751.5625,1223
1884751.6250,-1743
1884751.6875,-3235
1884751.7500,-2220
1884751.8125,-802
1884751.8750,122
1884751.9375,1945
1884752.0000,3470
1884752.0625,3451
1884752.1250,2700
1884752.1875,1775
1884752.2500,1753
1884752.3125,2393
1884752.3750,2522
1884752.4375,1818
1884752.5000,327
1884752.5625,-2803
1884752.6250,-4094
1884752.6875,-2099
1884752.7500,-35
1884752.8125,775
1884752.8750,680
1884752.9375,-137
1884753.0000,-712
1884753.0625,-1412
1884753.1250,-2487
1884753.1875,-497
1884753.2500,2259
1884753.3125,2311
1884753.3750,1192
1884753.4375,900
1884753.5000,1766
1884753.5625,3468
1884753.6250,4222
1884753.6875,4413
1884753.7500,4235
1884753.8125,3223
1884753.8750,2390
1884753.9375,2161
1884754.0000,1166
1884754.0625,-353
1884754.1250,-1285
1884754.1875,-818
1884754.2500,-120
1884754.3125,-57
1884754.3750,-232
1884754.4375,-112
1884754.5000,862
1884754.5625,2561
1884754.6250,3660
1884754.6875,2843
1884754.7500,633
1884754.8125,-1499
1884754.8750,-1980
1884754.9375,-724
1884755.0000,-482
1884755.0625,-1451
1884755.1250,-79
1884755.1875,2895
1884755.2500,3681
1884755.3125,1634
1884755.3750,-580
1884755.4375,-1790
1884755.5000,-2649
1884755.5625,-2927
1884755.6250,-2187
1884755.6875,-1636
1884755.7500,-2090
1884755.8125,-1777
1884755.8750,419
1884755.9375,1858
1884756.0000,1398
1884756.0625,1133
1884756.1250,991
1884756.1875,158
1884756.2500,-797
1884756.3125,-1343
1884756.3750,-1338
1884756.4375,-661
1884756.5000,-743
1884756.5625,522
1884756.6250,2506
1884756.6875,2491
1884756.7500,46
1884756.8125,262
1884756.8750,2811
1884756.9375,3311
1884757.0000,1560
1884757.0625,-284
1884757.1250,-706
1884757.1875,-77
1884757.2500,-452
1884757.3125,-1644
1884757.3750,-1920
1884757.4375,-922
1884757.5000,-685
1884757.5625,-719
1884757.6250,-164
1884757.6875,-91
1884757.7500,-459
1884757.8125,-588
1884757.8750,-801
1884757.9375,-1190
1884758.0000,-1974
1884758.0625,-2575
1884758.1250,-2235
1884758.1875,-1145
1884758.2500,68
1884758.3125,653
1884758.3750,57
1884758.4375,-733
1884758.5000,-867
1884758.5625,-398
1884758.6250,-453
1884758.6875,-1659
1884758.7500,-1401
1884758.8125,-106
1884758.8750,-113
1884758.9375,-783
1884759.0000,-951
1884759.0625,-1702
1884759.1250,-2633
1884759.1875,-3061
1884759.2500,-4281
1884759.3125,-5198
1884759.3750,-5325
1884759.4375,-5309
1884759.5000,-3545
1884759.5625,-1399
1884759.6250,-1666
1884759.6875,-3192
1884759.7500,-3342
1884759.8125,-2656
1884759.8750,-3882
1884759.9375,-5111
1884760.0000,-5829
1884760.0625,-5460
1884760.1250,-4633
1884760.1875,-3113
1884760.2500,-1981
1884760.3125,-2086
1884760.3750,-3251
1884760.4375,-3437
1884760.5000,-1723
1884760.5625,-761
1884760.6250,-1168
1884760.6875,-1382
1884760.7500,-790
1884760.8125,-548
1884760.8750,-1231
1884760.9375,-1977
1884761.0000,-1348
1884761.0625,-410
1884761.1250,-1619
1884761.1875,-3788
1884761.2500,-4083
1884761.3125,-3617
1884761.3750,-3782
1884761.4375,-4183
1884761.5000,-4064
1884761.5625,-3175
1884761.6250,-1403
1884761.6875,-1261
1884761.7500,-2630
1884761.8125,-3832
1884761.8750,-4282
1884761.9375,-3452
1884762.0000,-1880
1884762.0625,-1937
1884762.1250,-4570
1884762.1875,-5950
1884762.2500,-4644
1884762.3125,-3105
1884762.3750,-3443
1884762.4375,-5480
1884762.5000,-6990
1884762.5625,-6667
1884762.6250,-5533
1884762.6875,-4497
1884762.7500,-3274
1884762.8125,-2108
1884762.8750,-952
1884762.9375,192
1884763.0000,-534
1884763.0625,-2000
1884763.1250,-2961
1884763.1875,-3650
1884763.2500,-3545
1884763.3125,-3065
1884763.3750,-3342
1884763.4375,-3708
1884763.5000,-2438
1884763.5625,-725
1884763.6250,-1
1884763.6875,-454
1884763.7500,-1974
1884763.8125,-3007
1884763.8750,-2561
1884763.9375,-1676
1884764.0000,-1953
1884764.0625,-2345
1884764.1250,-2246
1884764.1875,-1333
1884764.2500,178
1884764.3125,878
1884764.3750,458
1884764.4375,-332
1884764.5000,-1278
1884764.5625,-2076
1884764.6250,-1924
1884764.6875,-1840
1884764.7500,-2604
1884764.8125,-3399
1884764.8750,-2892
1884764.9375,-1583
1884765.0000,-996
1884765.0625,-1700
1884765.1250,-2627
1884765.1875,-2973
1884765.2500,-3031
1884765.3125,-3193
1884765.3750,-3997
1884765.4375,-5731
1884765.5000,-6533
1884765.5625,-5631
1884765.6250,-4816
1884765.6875,-4506
1884765.7500,-4235
1884765.8125,-4517
1884765.8750,-5105
1884765.9375,-4910
1884766.0000,-4417
1884766.0625,-4713
1884766.1250,-5163
1884766.1875,-4650
1884766.2500,-3627
1884766.3125,-3400
1884766.3750,-4380
1884766.4375,-5790
1884766.5000,-6227
1884766.5625,-4791
1884766.6250,-3442
1884766.6875,-4318
1884766.7500,-6333
1884766.8125,-7214
1884766.8750,-6499
1884766.9375,-5116
1884767.0000,-5057
1884767.0625,-6893
1884767.1250,-8605
1884767.1875,-7686
1884767.2500,-4950
1884767.3125,-3535
1884767.3750,-4591
1884767.4375,-6505
1884767.5000,-6916
1884767.5625,-5202
1884767.6250,-2482
1884767.6875,-951
1884767.7500,-1745
1884767.8125,-3146
1884767.8750,-3887
1884767.9375,-3911
1884768.0000,-3498
1884768.0625,-3731
1884768.1250,-3985
1884768.1875,-3084
1884768.2500,-2105
1884768.3125,-2291
1884768.3750,-2612
1884768.4375,-2003
1884768.5000,-1860
1884768.5625,-2995
1884768.6250,-5445
1884768.6875,-7984
1884768.7500,-8569
1884768.8125,-6673
1884768.8750,-4083
1884768.9375,-2545
1884769.0000,-2673
1884769.0625,-3407
1884769.1250,-2593
1884769.1875,-1063
1884769.2500,-623
1884769.3125,-1703
1884769.3750,-3658
1884769.4375,-4572
1884769.5000,-2859
1884769.5625,73
1884769.6250,1783
1884769.6875,774
1884769.7500,-1376
1884769.8125,-1677
1884769.8750,-282
1884769.9375,613
1884770.0000,257
1884770.0625,-1406
1884770.1250,-3000
1884770.1875,-2540
1884770.2500,-1304
1884770.3125,-1032
1884770.3750,-1745
1884770.4375,-3203
1884770.5000,-3811
1884770.5625,-2978
1884770.6250,-2305
1884770.6875,-2005
1884770.7500,-1057
1884770.8125,-86
1884770.8750,-232
1884770.9375,-1432
1884771.0000,-3228
1884771.0625,-4134
1884771.1250,-3511
1884771.1875,-2667
1884771.2500,-2865
1884771.3125,-3955
1884771.3750,-5068
1884771.4375,-4967
1884771.5000,-3348
1884771.5625,-2587
1884771.6250,-3285
1884771.6875,-3670
1884771.7500,-3644
1884771.8125,-3495
1884771.8750,-2678
1884771.9375,-1507
1884772.0000,-972
1884772.0625,-1251
1884772.1250,-1798
1884772.1875,-1118
1884772.2500,214
1884772.3125,372
1884772.3750,-408
1884772.4375,-47
1884772.5000,852
1884772.5625,737
1884772.6250,-391
1884772.6875,-1381
1884772.7500,-1717
1884772.8125,-1854
1884772.8750,-2027
1884772.9375,-1944
1884773.0000,-1509
1884773.0625,-1140
1884773.1250,-928
1884773.1875,-1118
1884773.2500,-1909
1884773.3125,-2875
1884773.3750,-3307
1884773.4375,-3035
1884773.5000,-2042
1884773.5625,-1015
1884773.6250,-196
1884773.6875,661
1884773.7500,1728
1884773.8125,2321
1884773.8750,2051
1884773.9375,825
1884774.0000,-977
1884774.0625,-1799
1884774.1250,-551
1884774.1875,1426
1884774.2500,2294
1884774.3125,2653
1884774.3750,3053
1884774.4375,3433
1884774.5000,3531
1884774.5625,3682
1884774.6250,3498
1884774.6875,2566
1884774.7500,1106
1884774.8125,613
1884774.8750,965
1884774.9375,1379
1884775.0000,2096
1884775.0625,3130
1884775.1250,3911
1884775.1875,4107
1884775.2500,2996
1884775.3125,1398
1884775.3750,1107
1884775.4375,2199
1884775.5000,2978
1884775.5625,1930
1884775.6250,-699
1884775.6875,-2786
1884775.7500,-2522
1884775.8125,-734
1884775.8750,306
1884775.9375,-675
1884776.0000,-2356
1884776.0625,-2837
1884776.1250,-1718
1884776.1875,-628
1884776.2500,-512
1884776.3125,-960
1884776.3750,-1740
1884776.4375,-2053
1884776.5000,-1390
1884776.5625,-270
1884776.6250,1172
1884776.6875,2692
1884776.7500,3923
1884776.8125,4788
1884776.8750,5233
1884776.9375,4730
1884777.0000,3606
1884777.0625,3118
1884777.1250,3229
1884777.1875,2970
1884777.2500,2189
1884777.3125,1699
1884777.3750,2146
1884777.4375,3410
1884777.5000,4769
1884777.5625,5186
1884777.6250,4539
1884777.6875,4118
1884777.7500,4410
1884777.8125,4137
1884777.8750,2762
1884777.9375,1546
1884778.0000,1483
1884778.0625,2340
1884778.1250,3436
1884778.1875,3802
1884778.2500,3235
1884778.3125,2914
1884778.3750,3149
1884778.4375,3572
1884778.5000,3670
1884778.5625,2809
1884778.6250,1201
1884778.6875,321
1884778.7500,291
1884778.8125,249
1884778.8750,457
1884778.9375,1235
1884779.0000,2242
1884779.0625,3114
1884779.1250,4258
1884779.1875,4973
1884779.2500,4417
1884779.3125,3882
1884779.3750,4279
1884779.4375,4977
1884779.5000,5348
1884779.5625,5553
1884779.6250,5983
1884779.6875,7173
1884779.7500,8567
1884779.8125,8668
1884779.8750,7379
1884779.9375,6365
1884780.0000,6127
1884780.0625,6049
1884780.1250,5583
1884780.1875,4440
1884780.2500,3177
1884780.3125,2957
1884780.3750,4246
1884780.4375,5687
1884780.5000,5670
1884780.5625,4259
1884780.6250,2595
1884780.6875,2058
1884780.7500,2945
1884780.8125,3853
1884780.8750,3362
1884780.9375,1518
1884781.0000,74
1884781.0625,255
1884781.1250,1764
1884781.1875,3249
1884781.2500,3861
1884781.3125,3897
1884781.3750,3918
1884781.4375,4324
1884781.5000,5191
1884781.5625,5646
1884781.6250,5854
1884781.6875,5630
1884781.7500,4420
1884781.8125,3634
1884781.8750,4230
1884781.9375,5144
1884782.0000,5581
1884782.0625,6110
1884782.1250,6784
1884782.1875,7337
1884782.2500,7897
1884782.3125,8248
1884782.3750,8030
1884782.4375,6090
1884782.5000,2828
1884782.5625,654
1884782.6250,731
1884782.6875,1465
1884782.7500,2033
1884782.8125,2792
1884782.8750,3014
1884782.9375,2445
1884783.0000,2281
1884783.0625,2693
1884783.1250,2220
1884783.1875,909
1884783.2500,-54
1884783.3125,-457
1884783.3750,-270
1884783.4375,1177
1884783.5000,3224
1884783.5625,4025
1884783.6250,3195
1884783.6875,2958
1884783.7500,4500
1884783.8125,6127
1884783.8750,6405
1884783.9375,4946
1884784.0000,4344
1884784.0625,5458
1884784.1250,5937
1884784.1875,5801
1884784.2500,6366
1884784.3125,5442
1884784.3750,3463
1884784.4375,3419
1884784.5000,4564
1884784.5625,5841
1884784.6250,5302
1884784.6875,3701
1884784.7500,2102
1884784.8125,1420
1884784.8750,-1394
1884784.9375,-4583
1884785.0000,-2739
1884785.0625,3879
1884785.1250,8543
1884785.1875,7013
1884785.2500,3033
1884785.3125,502
1884785.3750,822
1884785.4375,1780
1884785.5000,1626
1884785.5625,1467
1884785.6250,1743
1884785.6875,215
1884785.7500,-1946
1884785.8125,-2898
1884785.8750,-2004
1884785.9375,1423
1884786.0000,4412
1884786.0625,4691
1884786.1250,3542
1884786.1875,1792
1884786.2500,401
1884786.3125,383
1884786.3750,701
1884786.4375,-491
1884786.5000,-763
1884786.5625,1789
1884786.6250,5212
1884786.6875,5476
1884786.7500,4229
1884786.8125,4159
1884786.8750,4242
1884786.9375,4999
1884787.0000,5846
1884787.0625,3614
1884787.1250,59
1884787.1875,-417
1884787.2500,-1051
1884787.3125,-1473
1884787.3750,-54
1884787.4375,-357
1884787.5000,-902
1884787.5625,989
1884787.6250,2211
1884787.6875,1071
1884787.7500,-777
1884787.8125,-3127
1884787.8750,-4536
1884787.9375,-3804
1884788.0000,-3309
1884788.0625,-3671
1884788.1250,-3275
1884788.1875,-1651
1884788.2500,1621
1884788.3125,4491
1884788.3750,5436
1884788.4375,4614
1884788.5000,2694
1884788.5625,-152
1884788.6250,-1357
1884788.6875,299
1884788.7500,3213
1884788.8125,4447
1884788.8750,3341
1884788.9375,2063
1884789.0000,2267
1884789.0625,3469
1884789.1250,3641
1884789.1875,2855
1884789.2500,2306
1884789.3125,2031
1884789.3750,1015
1884789.4375,161
1884789.5000,-241
1884789.5625,-299
1884789.6250,238
1884789.6875,745
1884789.7500,125
1884789.8125,-1376
1884789.8750,-2402
1884789.9375,-872
1884790.0000,1426
1884790.0625,1682
1884790.1250,-40
1884790.1875,-1430
1884790.2500,-1428
1884790.3125,-55
1884790.3750,-365
1884790.4375,-3099
1884790.5000,-3608
1884790.5625,-1089
1884790.6250,1708
1884790.6875,3084
1884790.7500,1648
1884790.8125,-1560
1884790.8750,-2280
1884790.9375,795
1884791.0000,4374
1884791.0625,3842
1884791.1250,-66
1884791.1875,-1676
1884791.2500,767
1884791.3125,4231
1884791.3750,5478
1884791.4375,3532
1884791.5000,1373
1884791.5625,1653
1884791.6250,2716
1884791.6875,2321
1884791.7500,475
1884791.8125,-1455
1884791.8750,-1957
1884791.9375,-1114
1884792.0000,383
1884792.0625,1947
1884792.1250,1781
1884792.1875,-209
1884792.2500,-1353
1884792.3125,-1532
1884792.3750,-1769
1884792.4375,-1113
1884792.5000,-350
1884792.5625,171
1884792.6250,391
1884792.6875,-606
1884792.7500,-2738
1884792.8125,-3334
1884792.8750,-1512
1884792.9375,663
1884793.0000,1406
1884793.0625,609
1884793.1250,-906
1884793.1875,-786
1884793.2500,737
1884793.3125,1177
1884793.3750,760
1884793.4375,-156
1884793.5000,-570
1884793.5625,552
1884793.6250,1524
1884793.6875,1259
1884793.7500,7
1884793.8125,-1764
1884793.8750,-2377
1884793.9375,-1595
1884794.0000,-1328
1884794.0625,-2030
1884794.1250,-2549
1884794.1875,-1798
1884794.2500,-553
1884794.3125,-190
1884794.3750,-408
1884794.4375,-1274
1884794.5000,-2476
1884794.5625,-1993
1884794.6250,-127
1884794.6875,411
1884794.7500,-996
1884794.8125,-2573
1884794.8750,-2890
1884794.9375,-2201
1884795.0000,-1808
1884795.0625,-1732
1884795.1250,-2792
1884795.1875,-4489
1884795.2500,-4534
1884795.3125,-2969
1884795.3750,-1408
1884795.4375,-1044
1884795.5000,-955
1884795.5625,-1864
1884795.6250,-2489
1884795.6875,-1862
1884795.7500,-699
1884795.8125,598
1884795.8750,2148
1884795.9375,2758
1884796.0000,2820
1884796.0625,2782
1884796.1250,1461
1884796.1875,-1655
1884796.2500,-2850
1884796.3125,-2946
1884796.3750,-4085
1884796.4375,-5498
1884796.5000,-6164
1884796.5625,-5544
1884796.6250,-2929
1884796.6875,-947
1884796.7500,-1877
1884796.8125,-4528
1884796.8750,-5246
1884796.9375,-3439
1884797.0000,-1537
1884797.0625,-1782
1884797.1250,-3902
1884797.1875,-5845
1884797.2500,-6206
1884797.3125,-5987
1884797.3750,-5410
1884797.4375,-4630
1884797.5000,-3636
1884797.5625,-2567
1884797.6250,-450
1884797.6875,1357
1884797.7500,214
1884797.8125,-1884
1884797.8750,-2888
1884797.9375,-3593
1884798.0000,-4281
1884798.0625,-3965
1884798.1250,-2975
1884798.1875,-1269
1884798.2500,796
1884798.3125,2166
1884798.3750,1285
1884798.4375,600
1884798.5000,1104
1884798.5625,1338
1884798.6250,1246
1884798.6875,729
1884798.7500,-890
1884798.8125,-3408
1884798.8750,-4257
1884798.9375,-3249
1884799.0000,-2729
1884799.0625,-3481
1884799.1250,-4183
1884799.1875,-4804
1884799.2500,-4556
1884799.3125,-3932
1884799.3750,-4968
1884799.4375,-6598
1884799.5000,-5890
1884799.5625,-4018
1884799.6250,-2711
1884799.6875,-2758
1884799.7500,-5246
1884799.8125,-8427
1884799.8750,-7357
1884799.9375,-3421
1884800.0000,-2342
1884800.0625,-3886
1884800.1250,-4785
1884800.1875,-4645
1884800.2500,-4491
1884800.3125,-5302
1884800.3750,-6771
1884800.4375,-6947
1884800.5000,-4835
1884800.5625,-1355
1884800.6250,550
1884800.6875,381
1884800.7500,-347
1884800.8125,126
1884800.8750,1740
1884800.9375,1492
1884801.0000,-2248
1884801.0625,-6220
1884801.1250,-6285
1884801.1875,-3662
1884801.2500,-1763
1884801.3125,-1048
1884801.3750,-1040
1884801.4375,-1295
1884801.5000,-1013
1884801.5625,54
1884801.6250,-345
1884801.6875,-2178
1884801.7500,-3008
1884801.8125,-2728
1884801.8750,-2012
1884801.9375,-1503
1884818.0000,8576
1884818.0625,7883
1884818.1250,6748
1884818.1875,6209
1884818.2500,6234
1884818.3125,5819
1884818.3750,3871
1884818.4375,932
1884818.5000,-1129
1884818.5625,-720
1884818.6250,1415
1884818.6875,3054
1884818.7500,3249
1884818.8125,3551
1884818.8750,4810
1884818.9375,6202
1884819.0000,5943
1884819.0625,3102
1884819.1250,-495
1884819.1875,-1408
1884819.2500,1343
1884819.3125,4998
1884819.3750,7100
1884819.4375,7499
1884819.5000,7502
1884819.5625,7977
1884819.6250,8590
1884819.6875,8468
1884819.7500,6951
1884819.8125,5247
1884819.8750,4309
1884819.9375,4220
1884820.0000,4671
1884820.0625,4806
1884820.1250,4245
1884820.1875,3967
1884820.2500,4184
1884820.3125,3757
1884820.3750,2054
1884820.4375,748
1884820.5000,1833
1884820.5625,3905
1884820.6250,4425
1884820.6875,3301
1884820.7500,1549
1884820.8125,721
1884820.8750,1378
1884820.9375,1886
1884821.0000,777
1884821.0625,-1229
1884821.1250,-2272
1884821.1875,-120
1884821.2500,3871
1884821.3125,5376
1884821.3750,4878
1884821.4375,4215
1884821.5000,2208
1884821.5625,730
1884821.6250,2158
1884821.6875,3161
1884821.7500,3429
1884821.8125,3440
1884821.8750,3704
1884821.9375,3671
1884822.0000,4001
1884822.0625,2007
1884822.1250,-498
1884822.1875,1765
1884822.2500,6900
1884822.3125,7915
1884822.3750,4409
1884822.4375,1702
1884822.5000,572
1884822.5625,392
1884822.6250,353
1884822.6875,169
1884822.7500,664
1884822.8125,2207
1884822.8750,2110
1884822.9375,52
1884823.0000,-2645
1884823.0625,-3887
1884823.1250,-1997
1884823.1875,-681
1884823.2500,-992
1884823.3125,-1102
1884823.3750,-1218
1884823.4375,-886
1884823.5000,1016
1884823.5625,2194
1884823.6250,1108
1884823.6875,606
1884823.7500,2163
1884823.8125,4502
1884823.8750,4501
1884823.9375,3081
1884824.0000,2619
1884824.0625,2403
1884824.1250,2548
1884824.1875,2453
1884824.2500,508
1884824.3125,-445
1884824.3750,2557
1884824.4375,4191
1884824.5000,4565
1884824.5625,6485
1884824.6250,5907
1884824.6875,3490
1884824.7500,3344
1884824.8125,3038
1884824.8750,1083
1884824.9375,585
1884825.0000,561
1884825.0625,-172
1884825.1250,-522
1884825.1875,-1561
1884825.2500,-1902
1884825.3125,511
1884825.3750,1949
1884825.4375,738
1884825.5000,-836
1884825.5625,-1563
1884825.6250,-2112
1884825.6875,-2787
1884825.7500,-3760
1884825.8125,-3746
1884825.8750,-2496
1884825.9375,-293
1884826.0000,918
1884826.0625,-209
1884826.1250,-2515
1884826.1875,-3141
1884826.2500,-636
1884826.3125,2296
1884826.3750,3932
1884826.4375,4349
1884826.5000,3591
1884826.5625,2570
1884826.6250,3001
1884826.6875,4290
1884826.7500,4603
1884826.8125,3175
1884826.8750,1289
1884826.9375,1687
1884827.0000,3847
1884827.0625,4301
1884827.1250,3120
1884827.1875,2271
1884827.2500,1744
1884827.3125,1577
1884827.3750,874
1884827.4375,-899
1884827.5000,-2052
1884827.5625,-2428
1884827.6250,-2545
1884827.6875,-597
1884827.7500,1824
1884827.8125,2329
1884827.8750,1528
1884827.9375,688
1884828.0000,227
1884828.0625,-428
1884828.1250,-1547
1884828.1875,-1986
1884828.2500,-1319
1884828.3125,-1528
1884828.3750,-2908
1884828.4375,-3542
1884828.5000,-2091
1884828.5625,820
1884828.6250,2813
1884828.6875,2174
1884828.7500,527
1884828.8125,337
1884828.8750,2284
1884828.9375,4603
1884829.0000,4896
1884829.0625,3076
1884829.1250,2068
1884829.1875,2357
1884829.2500,3020
1884829.3125,2604
1884829.3750,784
1884829.4375,-292
1884829.5000,110
1884829.5625,1443
1884829.6250,3322
1884829.6875,4371
1884829.7500,3652
1884829.8125,2666
1884829.8750,2424
1884829.9375,2110
1884830.0000,1193
1884830.0625,81
1884830.1250,-206
1884830.1875,46
1884830.2500,-446
1884830.3125,-1140
1884830.3750,-1504
1884830.4375,-1650
1884830.5000,-1819
1884830.5625,-1779
1884830.6250,-2689
1884830.6875,-4004
1884830.7500,-4241
1884830.8125,-2692
1884830.8750,129
1884830.9375,2119
1884831.0000,1986
1884831.0625,771
1884831.1250,221
1884831.1875,975
1884831.2500,2271
1884831.3125,2464
1884831.3750,1401
1884831.4375,103
1884831.5000,-330
1884831.5625,-75
1884831.6250,299
1884831.6875,-353
1884831.7500,-2360
1884831.8125,-3920
1884831.8750,-3621
1884831.9375,-2536
1884832.0000,-1456
1884832.0625,-829
1884832.1250,-779
1884832.1875,-358
1884832.2500,163
1884832.3125,-546
1884832.3750,-2704
1884832.4375,-5062
1884832.5000,-6681
1884832.5625,-6625
1884832.6250,-5199
1884832.6875,-4114
1884832.7500,-3941
1884832.8125,-3349
1884832.8750,-1794
1884832.9375,104
1884833.0000,728
1884833.0625,344
1884833.1250,-252
1884833.1875,-991
1884833.2500,-977
1884833.3125,-1934
1884833.3750,-4921
1884833.4375,-7791
1884833.5000,-6050
1884833.5625,-1067
1884833.6250,2250
1884833.6875,1922
1884833.7500,-523
1884833.8125,-1765
1884833.8750,-453
1884833.9375,757
1884834.0000,-176
1884834.0625,-2702
1884834.1250,-3255
1884834.1875,-3112
1884834.2500,-3573
1884834.3125,-3854
1884834.3750,-3674
1884834.4375,-3589
1884834.5000,-2479
1884834.5625,-852
1884834.6250,-1278
1884834.6875,-4486
1884834.7500,-6809
1884834.8125,-6269
1884834.8750,-4060
1884834.9375,-2852
1884835.0000,-4296
1884835.0625,-7451
1884835.1250,-8043
1884835.1875,-5329
1884835.2500,-3609
1884835.3125,-4952
1884835.3750,-5624
1884835.4375,-3481
1884835.5000,-741
1884835.5625,563
1884835.6250,-511
1884835.6875,-2213
1884835.7500,-3237
1884835.8125,-3007
1884835.8750,-3097
1884835.9375,-4490
1884836.0000,-5411
1884836.0625,-4261
1884836.1250,-601
1884836.1875,3711
1884836.2500,5514
1884836.3125,3328
1884836.3750,-642
1884836.4375,-2342
1884836.5000,-2331
1884836.5625,-4041
1884836.6250,-5946
1884836.6875,-5680
1884836.7500,-4095
1884836.8125,-2423
1884836.8750,-360
1884836.9375,-71
1884837.0000,-1951
1884837.0625,-3395
1884837.1250,-2820
1884837.1875,-2894
1884837.2500,-5114
1884837.3125,-7518
1884837.3750,-8411
1884837.4375,-6578
1884837.5000,-4005
1884837.5625,-2943
1884837.6250,-4032
1884837.6875,-5399
1884837.7500,-4091
1884837.8125,-1389
1884837.8750,-1163
1884837.9375,-3577
1884838.0000,-5788
1884838.0625,-5659
1884838.1250,-3045
1884838.1875,-1252
1884838.2500,-1789
1884838.3125,-2186
1884838.3750,-1224
1884838.4375,707
1884838.5000,1753
1884838.5625,-51
1884838.6250,-3436
1884838.6875,-3651
1884838.7500,-714
1884838.8125,801
1884838.8750,-789
1884838.9375,-3816
1884839.0000,-5061
1884839.0625,-3401
1884839.1250,-381
1884839.1875,1137
1884839.2500,-10
1884839.3125,-2342
1884839.3750,-3039
1884839.4375,-1637
1884839.5000,-261
1884839.5625,-503
1884839.6250,-1976
1884839.6875,-2869
1884839.7500,-2608
1884839.8125,-2003
1884839.8750,-1799
1884839.9375,-2046
1884840.0000,-2422
1884840.0625,-2441
1884840.1250,-3124
1884840.1875,-4309
1884840.2500,-5222
1884840.3125,-4840
1884840.3750,-2934
1884840.4375,-1245
1884840.5000,-2179
1884840.5625,-4952
1884840.6250,-6011
1884840.6875,-4518
1884840.7500,-2721
1884840.8125,-3125
1884840.8750,-5075
1884840.9375,-5671
1884841.0000,-3962
1884841.0625,-1763
1884841.1250,-597
1884841.1875,-643
1884841.2500,-2284
1884841.3125,-4142
1884841.3750,-4724
1884841.4375,-4664
1884841.5000,-5185
1884841.5625,-6320
1884841.6250,-7403
1884841.6875,-7175
1884841.7500,-6414
1884841.8125,-7154
1884841.8750,-8794
1884841.9375,-9058
1884842.0000,-7555
1884842.0625,-6377
1884842.1250,-6603
1884842.1875,-7374
1884842.2500,-7506
1884842.3125,-6583
1884842.3750,-5099
1884842.4375,-5084
1884842.5000,-6388
1884842.5625,-7010
1884842.6250,-6667
1884842.6875,-5434
1884842.7500,-4526
1884842.8125,-5117
1884842.8750,-6086
1884842.9375,-5270
1884843.0000,-3552
1884843.0625,-2590
1884843.1250,-2730
1884843.1875,-2958
1884843.2500,-2532
1884843.3125,-2225
1884843.3750,-3032
1884843.4375,-4429
1884843.5000,-5414
1884843.5625,-5229
1884843.6250,-4209
1884843.6875,-3564
1884843.7500,-3844
1884843.8125,-4607
1884843.8750,-5242
1884843.9375,-4835
1884844.0000,-3710
1884844.0625,-3575
1884844.1250,-4515
1884844.1875,-5456
1884844.2500,-6075
1884844.3125,-5717
1884844.3750,-4427
1884844.4375,-3498
1884844.5000,-3312
1884844.5625,-3142
1884844.6250,-2521
1884844.6875,-1751
1884844.7500,-1824
1884844.8125,-2855
1884844.8750,-3970
1884844.9375,-4470
1884845.0000,-4229
1884845.0625,-3395
1884845.1250,-2128
1884845.1875,-1333
1884845.2500,-816
1884845.3125,-899
1884845.3750,-1512
1884845.4375,-2650
1884845.5000,-4162
1884845.5625,-4562
1884845.6250,-3876
1884845.6875,-3637
1884845.7500,-4256
1884845.8125,-4022
1884845.8750,-2290
1884845.9375,-410
1884846.0000,-382
1884846.0625,-2409
1884846.1250,-4984
1884846.1875,-6536
1884846.2500,-6498
1884846.3125,-5472
1884846.3750,-5337
1884846.4375,-6033
1884846.5000,-5802
1884846.5625,-4204
1884846.6250,-3453
1884846.6875,-3293
1884846.7500,-4006
1884846.8125,-5100
1884846.8750,-4677
1884846.9375,-2859
1884847.0000,-1786
1884847.0625,-2176
1884847.1250,-3220
1884847.1875,-3790
1884847.2500,-2850
1884847.3125,-1509
1884847.3750,-1077
1884847.4375,-683
1884847.5000,-156
1884847.5625,382
1884847.6250,933
1884847.6875,493
1884847.7500,487
1884847.8125,1123
1884847.8750,1059
1884847.9375,601
1884848.0000,274
1884848.0625,-831
1884848.1250,-1166
1884848.1875,-220
1884848.2500,491
1884848.3125,474
1884848.3750,-294
1884848.4375,-1099
1884848.5000,-1045
1884848.5625,-167
1884848.6250,309
1884848.6875,-657
1884848.7500,-2748
1884848.8125,-4179
1884848.8750,-4188
1884848.9375,-3302
1884849.0000,-2484
1884849.0625,-2708
1884849.1250,-3392
1884849.1875,-3355
1884849.2500,-2167
1884849.3125,-843
1884849.3750,-796
1884849.4375,-1800
1884849.5000,-1767
1884849.5625,-595
1884849.6250,397
1884849.6875,219
1884849.7500,-81
1884849.8125,1060
1884849.8750,4056
1884849.9375,6332
1884850.0000,5768
1884850.0625,3533
1884850.1250,1488
1884850.1875,1351
1884850.2500,2514
1884850.3125,2663
1884850.3750,1266
1884850.4375,-200
1884850.5000,108
1884850.5625,2640
1884850.6250,5601
1884850.6875,6115
1884850.7500,4077
1884850.8125,1847
1884850.8750,955
1884850.9375,1229
1884851.0000,1614
1884851.0625,1063
1884851.1250,8
1884851.1875,-382
1884851.2500,49
1884851.3125,441
1884851.3750,194
1884851.4375,-181
1884851.5000,61
1884851.5625,117
1884851.6250,-1063
1884851.6875,-2763
1884851.7500,-3362
1884851.8125,-2034
1884851.8750,1
1884851.9375,442
1884852.0000,-687
1884852.0625,-1107
1884852.1250,478
1884852.1875,2533
1884852.2500,3416
1884852.3125,2582
1884852.3750,1105
1884852.4375,749
1884852.5000,1278
1884852.5625,1223
1884852.6250,201
1884852.6875,-1097
1884852.7500,-1247
1884852.8125,896
1884852.8750,3759
1884852.9375,5098
1884853.0000,4954
1884853.0625,4682
1884853.1250,4847
1884853.1875,4885
1884853.2500,4077
1884853.3125,2297
1884853.3750,1044
1884853.4375,1724
1884853.5000,3204
1884853.5625,3967
1884853.6250,3809
1884853.6875,4047
1884853.7500,5308
1884853.8125,6149
1884853.8750,5666
1884853.9375,3842
1884854.0000,1602
1884854.0625,1135
1884854.1250,2550
1884854.1875,3237
1884854.2500,2169
1884854.3125,1509
1884854.3750,2409
1884854.4375,4097
1884854.5000,5726
1884854.5625,6344
1884854.6250,5346
1884854.6875,3936
1884854.7500,3485
1884854.8125,4073
1884854.8750,3815
1884854.9375,2255
1884855.0000,1395
1884855.0625,1784
1884855.1250,3187
1884855.1875,4304
1884855.2500,3508
1884855.3125,1963
1884855.3750,2333
1884855.4375,4482
1884855.5000,5625
1884855.5625,5197
1884855.6250,4481
1884855.6875,4153
1884855.7500,4335
1884855.8125,5014
1884855.8750,5574
1884855.9375,5616
1884856.0000,5135
1884856.0625,4633
1884856.1250,4101
1884856.1875,3250
1884856.2500,2828
1884856.3125,2617
1884856.3750,2438
1884856.4375,2795
1884856.5000,2749
1884856.5625,1849
1884856.6250,1607
1884856.6875,2807
1884856.7500,4496
1884856.8125,5480
1884856.8750,5039
1884856.9375,3989
1884857.0000,3716
1884857.0625,4901
1884857.1250,6510
1884857.1875,6494
1884857.2500,4308
1884857.3125,2868
1884857.3750,4792
1884857.4375,7721
1884857.5000,8174
1884857.5625,6210
1884857.6250,4501
1884857.6875,4649
1884857.7500,5784
1884857.8125,6098
1884857.8750,4417
1884857.9375,2185
1884858.0000,1825
1884858.0625,3100
1884858.1250,4154
1884858.1875,4620
1884858.2500,4184
1884858.3125,2291
1884858.3750,217
1884858.4375,-58
1884858.5000,691
1884858.5625,405
1884858.6250,-754
1884858.6875,-965
1884858.7500,77
1884858.8125,1165
1884858.8750,1367
1884858.9375,2301
1884859.0000,4046
1884859.0625,6884
1884859.1250,9217
1884859.1875,8299
1884859.2500,4673
1884859.3125,3773
1884859.3750,5739
1884859.4375,8065
1884859.5000,7144
1884859.5625,3532
1884859.6250,931
1884859.6875,1479
1884859.7500,2121
1884859.8125,630
1884859.8750,868
1884859.9375,6101
1884860.0000,11181
1884860.0625,11170
1884860.1250,7084
1884860.1875,2134
1884860.2500,-1611
1884860.3125,-3409
1884860.3750,-2461
1884860.4375,1281
1884860.5000,4710
1884860.5625,4033
1884860.6250,1424
1884860.6875,-368
1884860.7500,-1693
1884860.8125,-1738
1884860.8750,-938
1884860.9375,-935
1884861.0000,-1235
1884861.0625,-1549
1884861.1250,-1228
1884861.1875,339
1884861.2500,2094
1884861.3125,2455
1884861.3750,1508
1884861.4375,1225
1884861.5000,3105
1884861.5625,3781
1884861.6250,1671
1884861.6875,988
1884861.7500,1994
1884861.8125,3355
1884861.8750,5164
1884861.9375,5822
1884862.0000,4461
1884862.0625,3359
1884862.1250,3153
1884862.1875,3701
1884862.2500,5367
1884862.3125,4609
1884862.3750,1186
1884862.4375,-535
1884862.5000,-320
1884862.5625,700
1884862.6250,2927
1884862.6875,4205
1884862.7500,3943
1884862.8125,3384
1884862.8750,1141
1884862.9375,-1451
1884863.0000,-1224
1884863.0625,87
1884863.1250,1059
1884863.1875,1477
1884863.2500,541
1884863.3125,-1889
1884863.3750,-3107
1884863.4375,-2182
1884863.5000,-1005
1884863.5625,-629
1884863.6250,-534
1884863.6875,-473
1884863.7500,-513
1884863.8125,19
1884863.8750,833
1884863.9375,1655
1884864.0000,2462
1884864.0625,2265
1884864.1250,1808
1884864.1875,1299
1884864.2500,286
1884864.3125,1020
1884864.3750,3761
1884864.4375,6242
1884864.5000,6338
1884864.5625,3770
1884864.6250,1183
1884864.6875,541
1884864.7500,-304
1884864.8125,-2087
1884864.8750,-3465
1884864.9375,-3979
1884865.0000,-2454
1884865.0625,290
1884865.1250,1389
1884865.1875,-162
1884865.2500,-2144
1884865.3125,-2889
1884865.3750,-584
1884865.4375,2489
1884865.5000,2335
1884865.5625,-486
1884865.6250,-1975
1884865.6875,-717
1884865.7500,996
1884865.8125,940
1884865.8750,-113
1884865.9375,-319
1884866.0000,886
1884866.0625,2702
1884866.1250,2999
1884866.1875,921
1884866.2500,-1213
1884866.3125,-639
1884866.3750,1990
1884866.4375,3661
1884866.5000,2574
1884866.5625,600
1884866.6250,137
1884866.6875,1244
1884866.7500,2086
1884866.8125,1909
1884866.8750,872
1884866.9375,758
1884867.0000,1687
1884867.0625,1890
1884867.1250,660
1884867.1875,-862
1884867.2500,-358
1884867.3125,3012
1884867.3750,5651
1884867.4375,3935
1884867.5000,-234
1884867.5625,-1993
1884867.6250,1141
1884867.6875,5514
1884867.7500,6182
1884867.8125,2437
1884867.8750,-2073
1884867.9375,-3070
1884868.0000,-513
1884868.0625,1622
1884868.1250,1111
1884868.1875,-963
1884868.2500,-2257
1884868.3125,-1949
1884868.3750,-559
1884868.4375,966
1884868.5000,2033
1884868.5625,2009
1884868.6250,746
1884868.6875,-942
1884868.7500,-2445
1884868.8125,-3511
1884868.8750,-3028
1884868.9375,-1257
1884869.0000,54
1884869.0625,452
1884869.1250,-303
1884869.1875,-949
1884869.2500,14
1884869.3125,1190
1884869.3750,-117
1884869.4375,-2859
1884869.5000,-3962
1884869.5625,-2355
1884869.6250,766
1884869.6875,2515
1884869.7500,824
1884869.8125,-2196
1884869.8750,-3329
1884869.9375,-2439
1884870.0000,-1509
1884870.0625,-1796
1884870.1250,-2790
1884870.1875,-3027
1884870.2500,-2548
1884870.3125,-1433
1884870.3750,-1055
1884870.4375,-2676
1884870.5000,-4515
1884870.5625,-4441
1884870.6250,-3073
1884870.6875,-2806
1884870.7500,-2549
1884870.8125,-1013
1884870.8750,979
1884870.9375,1739
1884871.0000,875
1884871.0625,-1315
1884871.1250,-3424
1884871.1875,-3859
1884871.2500,-3395
1884871.3125,-1819
1884871.3750,-745
1884871.4375,90
1884871.5000,227
1884871.5625,152
1884871.6250,632
1884871.6875,898
1884871.7500,-508
1884871.8125,-2716
1884871.8750,-4171
1884871.9375,-3922
1884872.0000,-2605
1884872.0625,-1564
1884872.1250,-2651
1884872.1875,-3765
1884872.2500,-3551
1884872.3125,-3217
1884872.3750,-3875
1884872.4375,-4978
1884872.5000,-5306
1884872.5625,-4141
1884872.6250,-2652
1884872.6875,-1616
1884872.7500,-2644
1884872.8125,-4695
1884872.8750,-4623
1884872.9375,-2047
1884873.0000,422
1884873.0625,1194
1884873.1250,-1140
1884873.1875,-4275
1884873.2500,-4768
1884873.3125,-3311
1884873.3750,-3016
1884873.4375,-3938
1884873.5000,-5219
1884873.5625,-5178
1884873.6250,-3101
1884873.6875,-2017
1884873.7500,-3246
1884873.8125,-4888
1884873.8750,-5487
1884873.9375,-4999
1884874.0000,-3597
1884874.0625,-2394
1884874.1250,-1529
1884874.1875,-1131
1884874.2500,-1164
1884874.3125,-1308
1884874.3750,-822
1884874.4375,-873
1884874.5000,-1739
1884874.5625,-2313
1884874.6250,-2529
1884874.6875,-2655
1884874.7500,-2671
1884874.8125,-1677
1884874.8750,-1348
1884874.9375,-2153
1884875.0000,-4048
1884875.0625,-5945
1884875.1250,-7041
1884875.1875,-6145
1884875.2500,-3601
1884875.3125,-1612
1884875.3750,-1887
1884875.4375,-3287
1884875.5000,-3247
1884875.5625,-1571
1884875.6250,-16
1884875.6875,-670
1884875.7500,-3745
1884875.8125,-6108
1884875.8750,-4450
1884875.9375,-695
1884876.0000,2096
1884876.0625,2665
1884876.1250,933
1884876.1875,-710
1884876.2500,281
1884876.3125,1636
1884876.3750,820
1884876.4375,-1439
1884876.5000,-2869
1884876.5625,-2918
1884876.6250,-2535
1884876.6875,-2334
1884876.7500,-2128
1884876.8125,-1566
1884876.8750,-1133
1884876.9375,-1894
1884877.0000,-4679
1884877.0625,-7423
1884877.1250,-7651
1884877.1875,-5306
1884877.2500,-2982
1884877.3125,-2443
1884877.3750,-3462
1884877.4375,-4325
1884877.5000,-3159
1884877.5625,-1222
1884877.6250,-1150
1884877.6875,-2980
1884877.7500,-4548
1884877.8125,-4745
1884877.8750,-4079
1884877.9375,-3283
1884878.0000,-3434
1884878.0625,-5012
1884878.1250,-5638
1884878.1875,-4847
1884878.2500,-4438
1884878.3125,-5230
1884878.3750,-6306
1884878.4375,-6410
1884878.5000,-4484
1884878.5625,-2072
1884878.6250,-923
1884878.6875,-1729
1884878.7500,-3506
1884878.8125,-4170
1884878.8750,-3368
1884878.9375,-3303
1884879.0000,-4873
1884879.0625,-6289
1884879.1250,-6251
1884879.1875,-5535
1884879.2500,-5331
1884879.3125,-5971
1884879.3750,-6928
1884879.4375,-7722
1884879.5000,-8134
1884879.5625,-8335
1884879.6250,-7491
1884879.6875,-5813
1884879.7500,-4769
1884879.8125,-4400
1884879.8750,-3757
1884879.9375,-3918
1884880.0000,-4494
1884880.0625,-4326
1884880.1250,-4063
1884880.1875,-4670
1884880.2500,-5657
1884880.3125,-6014
1884880.3750,-5746
1884880.4375,-5400
1884880.5000,-5732
1884880.5625,-6201
1884880.6250,-6608
1884880.6875,-7195
1884880.7500,-6702
1884880.8125,-4864
1884880.8750,-3958
1884880.9375,-5136
1884881.0000,-6749
1884881.0625,-6890
1884881.1250,-5234
1884881.1875,-3269
1884881.2500,-2310
1884881.3125,-2218
1884881.3750,-2701
1884881.4375,-2752
1884881.5000,-1448
1884881.5625,-138
1884881.6250,-261
1884881.6875,-688
1884881.7500,-622
1884881.8125,-829
1884881.8750,-1883
1884881.9375,-3461
1884882.0000,-5238
1884882.0625,-6615
1884882.1250,-6732
1884882.1875,-5730
1884882.2500,-4323
1884882.3125,-3055
1884882.3750,-2101
1884882.4375,-1736
1884882.5000,-2548
1884882.5625,-4237
1884882.6250,-5340
1884882.6875,-5974
1884882.7500,-6553
1884882.8125,-5837
1884882.8750,-3824
1884882.9375,-1692
1884883.0000,-506
1884883.0625,191
1884883.1250,-221
1884883.1875,-1327
1884883.2500,-3302
1884883.3125,-5301
1884883.3750,-5549
1884883.4375,-3991
1884883.5000,-2668
1884883.5625,-2307
1884883.6250,-2871
1884883.6875,-4105
1884883.7500,-4529
1884883.8125,-3939
1884883.8750,-3174
1884883.9375,-2954
1884884.0000,-2963
1884884.0625,-3565
1884884.1250,-4416
1884884.1875,-5242
1884884.2500,-5261
1884884.3125,-4592
1884884.3750,-3734
1884884.4375,-3432
1884884.5000,-4189
1884884.5625,-5443
1884884.6250,-5996
1884884.6875,-5560
1884884.7500,-4688
1884884.8125,-4071
1884884.8750,-3855
1884884.9375,-2787
1884885.0000,-876
1884885.0625,-677
1884885.1250,-2134
1884885.1875,-3690
1884885.2500,-4741
1884885.3125,-4313
1884885.3750,-2926
1884885.4375,-2660
1884885.5000,-2427
1884885.5625,-1282
1884885.6250,-457
1884885.6875,378
1884885.7500,985
1884885.8125,33
1884885.8750,-1444
1884885.9375,-1766
1884886.0000,-1363
1884886.0625,-147
1884886.1250,2126
1884886.1875,3700
1884886.2500,4362
1884886.3125,4964
1884886.3750,4478
1884886.4375,2549
1884886.5000,511
1884886.5625,-1106
1884886.6250,-1734
1884886.6875,-1297
1884886.7500,-930
1884886.8125,-1352
1884886.8750,-1802
1884886.9375,-1066
1884887.0000,106
1884887.0625,-541
1884887.1250,-2766
1884887.1875,-4870
1884887.2500,-6220
1884887.3125,-6298
1884887.3750,-4531
1884887.4375,-1954
1884887.5000,-366
1884887.5625,463
1884887.6250,1680
1884887.6875,2779
1884887.7500,3044
1884887.8125,2663
1884887.8750,1790
1884887.9375,589
1884888.0000,-231
1884888.0625,-266
1884888.1250,164
1884888.1875,888
1884888.2500,1730
1884888.3125,3145
1884888.3750,4137
1884888.4375,3331
1884888.5000,1248
1884888.5625,-608
1884888.6250,-1254
1884888.6875,-1064
1884888.7500,-1544
1884888.8125,-2802
1884888.8750,-2928
1884888.9375,-977
1884889.0000,1087
1884889.0625,1673
1884889.1250,1200
1884889.1875,794
1884889.2500,-99
1884889.3125,-1174
1884889.3750,-1853
1884889.4375,-1744
1884889.5000,-556
1884889.5625,930
1884889.6250,2257
1884889.6875,2075
1884889.7500,1392
1884889.8125,1438
1884889.8750,2418
1884889.9375,3654
1884890.0000,3720
1884890.0625,1585
1884890.1250,-504
1884890.1875,124
1884890.2500,2171
1884890.3125,2973
1884890.3750,2212
1884890.4375,884
1884890.5000,1078
1884890.5625,2933
1884890.6250,4189
1884890.6875,3866
1884890.7500,2970
1884890.8125,2614
1884890.8750,3984
1884890.9375,5048
1884891.0000,3339
1884891.0625,307
1884891.1250,-947
1884891.1875,173
1884891.2500,2662
1884891.3125,4650
1884891.3750,4044
1884891.4375,1693
1884891.5000,1030
1884891.5625,2038
1884891.6250,1803
1884891.6875,630
1884891.7500,723
1884891.8125,1484
1884891.8750,1632
1884891.9375,1942
1884892.0000,3172
1884892.0625,4148
1884892.1250,4316
1884892.1875,4471
1884892.2500,4704
1884892.3125,4578
1884892.3750,4004
1884892.4375,4037
1884892.5000,5073
1884892.5625,6196
1884892.6250,5733
1884892.6875,4684
1884892.7500,4933
1884892.8125,6366
1884892.8750,7412
1884892.9375,6050
1884893.0000,3609
1884893.0625,1876
1884893.1250,1464
1884893.1875,1704
1884893.2500,2215
1884893.3125,2429
1884893.3750,3162
1884893.4375,5221
1884893.5000,6770
1884893.5625,5645
1884893.6250,3335
1884893.6875,2180
1884893.7500,1617
1884893.8125,1377
1884893.8750,1670
1884893.9375,1484
1884894.0000,1934
1884894.0625,3699
1884894.1250,5253
1884894.1875,5823
1884894.2500,5097
1884894.3125,3169
1884894.3750,2028
1884894.4375,2698
1884894.5000,3938
1884894.5625,5066
1884894.6250,5792
1884894.6875,6062
1884894.7500,5780
1884894.8125,4942
1884894.8750,4119
1884894.9375,4053
1884895.0000,5296
1884895.0625,7116
1884895.1250,7541
1884895.1875,5807
1884895.2500,3876
1884895.3125,3985
1884895.3750,6217
1884895.4375,7760
1884895.5000,6604
1884895.5625,3608
1884895.6250,891
1884895.6875,1381
1884895.7500,5101
1884895.8125,7562
1884895.8750,6310
1884895.9375,4513
1884896.0000,3921
1884896.0625,2700
1884896.1250,613
1884896.1875,353
1884896.2500,1223
1884896.3125,1432
1884896.3750,756
1884896.4375,357
1884896.5000,1
1884896.5625,524
1884896.6250,2505
1884896.6875,5450
1884896.7500,7587
1884896.8125,6392
1884896.8750,4021
1884896.9375,2920
1884897.0000,2807
1884897.0625,306
1884897.1250,-1899
1884897.1875,1193
1884897.2500,6963
1884897.3125,9475
1884897.3750,7672
1884897.4375,5110
1884897.5000,3196
1884897.5625,2214
1884897.6250,2422
1884897.6875,4638
1884897.7500,7250
1884897.8125,5757
1884897.8750,807
1884897.9375,-2934
1884898.0000,-3032
1884898.0625,935
1884898.1250,5001
1884898.1875,5491
1884898.2500,4787
1884898.3125,4502
1884898.3750,3455
1884898.4375,1259
1884898.5000,-792
1884898.5625,-1527
1884898.6250,-2169
1884898.6875,-3284
1884898.7500,-2659
1884898.8125,-1066
1884898.8750,-2257
1884898.9375,-3506
1884899.0000,-1493
1884899.0625,695
1884899.1250,911
1884899.1875,-63
1884899.2500,-441
1884899.3125,1075
1884899.3750,2124
1884899.4375,1656
1884899.5000,2005
1884899.5625,2621
1884899.6250,1473
1884899.6875,142
1884899.7500,-106
1884899.8125,46
1884899.8750,2019
1884899.9375,4971
1884900.0000,6850
1884900.0625,7346
1884900.1250,5028
1884900.1875,540
1884900.2500,-1466
1884900.3125,621
1884900.3750,3636
1884900.4375,5616
1884900.5000,5778
1884900.5625,3394
1884900.6250,-163
1884900.6875,-2477
1884900.7500,-2472
1884900.8125,-174
1884900.8750,1961
1884900.9375,1298
1884901.0000,-994
1884901.0625,-2518
1884901.1250,-2725
1884901.1875,-1246
1884901.2500,1023
1884901.3125,1095
1884901.3750,-114
1884901.4375,-506
1884901.5000,-1459
1884901.5625,-2613
1884901.6250,-2578
1884901.6875,-1299
1884901.7500,1402
1884901.8125,3599
1884901.8750,3626
1884901.9375,2755
1884902.0000,1648
1884902.0625,476
1884902.1250,1603
1884902.1875,3340
1884902.2500,3005
1884902.3125,1090
1884902.3750,125
1884902.4375,1225
1884902.5000,2992
1884902.5625,2439
1884902.6250,605
1884902.6875,227
1884902.7500,228
1884902.8125,-714
1884902.8750,-2089
1884902.9375,-3686
1884903.0000,-4577
1884903.0625,-4249
1884903.1250,-2024
1884903.1875,880
1884903.2500,1209
1884903.3125,-837
1884903.3750,-1291
1884903.4375,582
1884903.5000,2289
1884903.5625,2313
1884903.6250,1438
1884903.6875,1453
1884903.7500,1714
1884903.8125,1428
1884903.8750,1554
1884903.9375,2177
1884904.0000,3567
1884904.0625,6137
1884904.1250,8309
1884904.1875,7981
1884904.2500,5725
1884904.3125,3265
1884904.3750,2219
1884904.4375,2595
1884904.5000,1944
1884904.5625,428
1884904.6250,475
1884904.6875,1013
1884904.7500,226
1884904.8125,-409
1884904.8750,277
1884904.9375,1305
1884905.0000,1941
1884905.0625,2160
1884905.1250,1502
1884905.1875,-235
1884905.2500,-2573
1884905.3125,-3038
1884905.3750,-658
1884905.4375,1339
1884905.5000,377
1884905.5625,-1322
1884905.6250,-1596
1884905.6875,-314
1884905.7500,912
1884905.8125,429
1884905.8750,-414
1884905.9375,-746
1884922.0000,-6321
1884922.0625,-7857
1884922.1250,-7978
1884922.1875,-7557
1884922.2500,-6827
1884922.3125,-4301
1884922.3750,-2864
1884922.4375,-2862
1884922.5000,-1757
1884922.5625,-1883
1884922.6250,-3977
1884922.6875,-4844
1884922.7500,-4261
1884922.8125,-2589
1884922.8750,344
1884922.9375,2071
1884923.0000,1533
1884923.0625,-105
1884923.1250,-2337
1884923.1875,-3635
1884923.2500,-2515
1884923.3125,-1319
1884923.3750,-606
1884923.4375,1016
1884923.5000,2325
1884923.5625,1186
1884923.6250,-358
1884923.6875,-536
1884923.7500,182
1884923.8125,829
1884923.8750,748
1884923.9375,418
1884924.0000,-198
1884924.0625,-1184
1884924.1250,-1815
1884924.1875,-1052
1884924.2500,867
1884924.3125,1880
1884924.3750,1845
1884924.4375,56
1884924.5000,-3372
1884924.5625,-5376
1884924.6250,-4512
1884924.6875,-2508
1884924.7500,-1415
1884924.8125,-1656
1884924.8750,-1577
1884924.9375,38
1884925.0000,512
1884925.0625,-883
1884925.1250,-1706
1884925.1875,-1341
1884925.2500,-520
1884925.3125,794
1884925.3750,1672
1884925.4375,1728
1884925.5000,1583
1884925.5625,670
1884925.6250,671
1884925.6875,1730
1884925.7500,1673
1884925.8125,632
1884925.8750,-18
1884925.9375,-452
1884926.0000,-56
1884926.0625,1426
1884926.1250,2931
1884926.1875,3466
1884926.2500,2670
1884926.3125,1239
1884926.3750,-758
1884926.4375,-3384
1884926.5000,-5238
1884926.5625,-4775
1884926.6250,-2770
1884926.6875,-1327
1884926.7500,-1305
1884926.8125,-1384
1884926.8750,-693
1884926.9375,-335
1884927.0000,289
1884927.0625,378
1884927.1250,-1172
1884927.1875,-2817
1884927.2500,-3332
1884927.3125,-2306
1884927.3750,185
1884927.4375,1429
1884927.5000,765
1884927.5625,1611
1884927.6250,4356
1884927.6875,5237
1884927.7500,4111
1884927.8125,2764
1884927.8750,1901
1884927.9375,1344
1884928.0000,1304
1884928.0625,1962
1884928.1250,3656
1884928.1875,4764
1884928.2500,4372
1884928.3125,4253
1884928.3750,4940
1884928.4375,5236
1884928.5000,4973
1884928.5625,4643
1884928.6250,4083
1884928.6875,2787
1884928.7500,879
1884928.8125,277
1884928.8750,2016
1884928.9375,3693
1884929.0000,2905
1884929.0625,177
1884929.1250,-1941
1884929.1875,-2291
1884929.2500,-1537
1884929.3125,-251
1884929.3750,-35
1884929.4375,-1002
1884929.5000,-1049
1884929.5625,140
1884929.6250,727
1884929.6875,837
1884929.7500,200
1884929.8125,-495
1884929.8750,465
1884929.9375,2739
1884930.0000,3897
1884930.0625,3845
1884930.1250,4488
1884930.1875,5232
1884930.2500,5104
1884930.3125,5230
1884930.3750,6418
1884930.4375,7138
1884930.5000,6504
1884930.5625,5627
1884930.6250,5897
1884930.6875,6246
1884930.7500,5120
1884930.8125,3655
1884930.8750,2942
1884930.9375,2291
1884931.0000,1389
1884931.0625,946
1884931.1250,1439
1884931.1875,2427
1884931.2500,3153
1884931.3125,3067
1884931.3750,3067
1884931.4375,3426
1884931.5000,3168
1884931.5625,2859
1884931.6250,2433
1884931.6875,1035
1884931.7500,344
1884931.8125,1526
1884931.8750,3028
1884931.9375,3621
1884932.0000,3045
1884932.0625,2718
1884932.1250,4369
1884932.1875,6305
1884932.2500,5573
1884932.3125,3650
1884932.3750,2910
1884932.4375,3197
1884932.5000,3567
1884932.5625,3667
1884932.6250,4072
1884932.6875,4075
1884932.7500,3368
1884932.8125,2663
1884932.8750,2725
1884932.9375,3560
1884933.0000,4744
1884933.0625,4867
1884933.1250,3629
1884933.1875,2622
1884933.2500,2497
1884933.3125,3423
1884933.3750,5049
1884933.4375,5943
1884933.5000,5532
1884933.5625,4206
1884933.6250,2955
1884933.6875,3074
1884933.7500,4038
1884933.8125,4202
1884933.8750,2058
1884933.9375,-986
1884934.0000,-1235
1884934.0625,2230
1884934.1250,4780
1884934.1875,3065
1884934.2500,-485
1884934.3125,-2304
1884934.3750,-1780
1884934.4375,267
1884934.5000,2137
1884934.5625,2547
1884934.6250,3137
1884934.6875,4007
1884934.7500,4977
1884934.8125,6052
1884934.8750,5248
1884934.9375,1509
1884935.0000,180
1884935.0625,1725
1884935.1250,3855
1884935.1875,5286
1884935.2500,5478
1884935.3125,4594
1884935.3750,3862
1884935.4375,3064
1884935.5000,399
1884935.5625,-1866
1884935.6250,539
1884935.6875,6671
1884935.7500,9925
1884935.8125,6733
1884935.8750,1454
1884935.9375,-2189
1884936.0000,-3187
1884936.0625,-1049
1884936.1250,3717
1884936.1875,7187
1884936.2500,5068
1884936.3125,-492
1884936.3750,-4854
1884936.4375,-6436
1884936.5000,-3936
1884936.5625,-11
1884936.6250,1962
1884936.6875,2824
1884936.7500,2388
1884936.8125,651
1884936.8750,-1085
1884936.9375,-1517
1884937.0000,-634
1884937.0625,-23
1884937.1250,331
1884937.1875,954
1884937.2500,692
1884937.3125,-923
1884937.3750,-821
1884937.4375,485
1884937.5000,108
1884937.5625,19
1884937.6250,362
1884937.6875,59
1884937.7500,101
1884937.8125,362
1884937.8750,1681
1884937.9375,3845
1884938.0000,3144
1884938.0625,-1021
1884938.1250,-3363
1884938.1875,-3394
1884938.2500,-2689
1884938.3125,-265
1884938.3750,1941
1884938.4375,1656
1884938.5000,274
1884938.5625,-1743
1884938.6250,-3693
1884938.6875,-3458
1884938.7500,-1995
1884938.8125,-1625
1884938.8750,-1593
1884938.9375,-1812
1884939.0000,-3353
1884939.0625,-5001
1884939.1250,-4434
1884939.1875,-1534
1884939.2500,1032
1884939.3125,1053
1884939.3750,-882
1884939.4375,-2042
1884939.5000,-1035
1884939.5625,1581
1884939.6250,4021
1884939.6875,4239
1884939.7500,1989
1884939.8125,766
1884939.8750,398
1884939.9375,-1819
1884940.0000,-3018
1884940.0625,-839
1884940.1250,2020
1884940.1875,3080
1884940.2500,1302
1884940.3125,-1526
1884940.3750,-3386
1884940.4375,-4176
1884940.5000,-3492
1884940.5625,-1397
1884940.6250,-967
1884940.6875,-1885
1884940.7500,-1751
1884940.8125,-336
1884940.8750,404
1884940.9375,-324
1884941.0000,-2431
1884941.0625,-3071
1884941.1250,-1748
1884941.1875,-1493
1884941.2500,-2577
1884941.3125,-3346
1884941.3750,-3670
1884941.4375,-2807
1884941.5000,-588
1884941.5625,1690
1884941.6250,2173
1884941.6875,1315
1884941.7500,1855
1884941.8125,3923
1884941.8750,4962
1884941.9375,3822
1884942.0000,2326
1884942.0625,3376
1884942.1250,5564
1884942.1875,4961
1884942.2500,2221
1884942.3125,338
1884942.3750,900
1884942.4375,3267
1884942.5000,4825
1884942.5625,3184
1884942.6250,20
1884942.6875,-1739
1884942.7500,-2308
1884942.8125,-1814
1884942.8750,-821
1884942.9375,-1055
1884943.0000,-1636
1884943.0625,-1657
1884943.1250,-1657
1884943.1875,-2276
1884943.2500,-2838
1884943.3125,-2851
1884943.3750,-2838
1884943.4375,-3405
1884943.5000,-4352
1884943.5625,-4994
1884943.6250,-3896
1884943.6875,-1460
1884943.7500,716
1884943.8125,1166
1884943.8750,-653
1884943.9375,-2067
1884944.0000,-907
1884944.0625,775
1884944.1250,851
1884944.1875,-356
1884944.2500,-1159
1884944.3125,-999
1884944.3750,23
1884944.4375,1035
1884944.5000,1146
1884944.5625,468
1884944.6250,7
1884944.6875,560
1884944.7500,1712
1884944.8125,1346
1884944.8750,-598
1884944.9375,-1372
1884945.0000,-640
1884945.0625,-158
1884945.1250,-40
1884945.1875,-437
1884945.2500,-1386
1884945.3125,-2415
1884945.3750,-3297
1884945.4375,-4021
1884945.5000,-4570
1884945.5625,-4718
1884945.6250,-4144
1884945.6875,-3736
1884945.7500,-4384
1884945.8125,-5977
1884945.8750,-6161
1884945.9375,-4092
1884946.0000,-1636
1884946.0625,-774
1884946.1250,-2056
1884946.1875,-4083
1884946.2500,-5089
1884946.3125,-4092
1884946.3750,-3692
1884946.4375,-4575
1884946.5000,-4892
1884946.5625,-4572
1884946.6250,-4118
1884946.6875,-3246
1884946.7500,-1467
1884946.8125,-1602
1884946.8750,-2530
1884946.9375,-2283
1884947.0000,-1234
1884947.0625,-1116
1884947.1250,-1553
1884947.1875,-1950
1884947.2500,-1673
1884947.3125,-615
1884947.3750,176
1884947.4375,-1423
1884947.5000,-3320
1884947.5625,-4307
1884947.6250,-3619
1884947.6875,-2034
1884947.7500,-1240
1884947.8125,-1403
1884947.8750,-1876
1884947.9375,-2999
1884948.0000,-4002
1884948.0625,-4877
1884948.1250,-5682
1884948.1875,-5590
1884948.2500,-4414
1884948.3125,-3241
1884948.3750,-2790
1884948.4375,-3463
1884948.5000,-4876
1884948.5625,-5266
1884948.6250,-2886
1884948.6875,-546
1884948.7500,-944
1884948.8125,-3349
1884948.8750,-3694
1884948.9375,-1535
1884949.0000,-402
1884949.0625,-778
1884949.1250,-1864
1884949.1875,-2783
1884949.2500,-2277
1884949.3125,-502
1884949.3750,476
1884949.4375,43
1884949.5000,-1664
1884949.5625,-3047
1884949.6250,-2637
1884949.6875,-1500
1884949.7500,-2846
1884949.8125,-4876
1884949.8750,-4138
1884949.9375,-1809
1884950.0000,-1902
1884950.0625,-4258
1884950.1250,-5684
1884950.1875,-6200
1884950.2500,-4890
1884950.3125,-2610
1884950.3750,-1691
1884950.4375,-3914
1884950.5000,-5766
1884950.5625,-5026
1884950.6250,-3032
1884950.6875,-2250
1884950.7500,-3292
1884950.8125,-3693
1884950.8750,-2682
1884950.9375,-1312
1884951.0000,-468
1884951.0625,-1531
1884951.1250,-2115
1884951.1875,-541
1884951.2500,377
1884951.3125,-628
1884951.3750,-1740
1884951.4375,-2021
1884951.5000,-1311
1884951.5625,-470
1884951.6250,-762
1884951.6875,-1693
1884951.7500,-3146
1884951.8125,-4188
1884951.8750,-3403
1884951.9375,-664
1884952.0000,288
1884952.0625,-1007
1884952.1250,-2136
1884952.1875,-1825
1884952.2500,-1078
1884952.3125,-1405
1884952.3750,-2853
1884952.4375,-3830
1884952.5000,-3210
1884952.5625,-2143
1884952.6250,-1858
1884952.6875,-2872
1884952.7500,-4115
1884952.8125,-4208
1884952.8750,-3026
1884952.9375,-2614
1884953.0000,-4314
1884953.0625,-5990
1884953.1250,-5344
1884953.1875,-3192
1884953.2500,-2173
1884953.3125,-3339
1884953.3750,-5195
1884953.4375,-5601
1884953.5000,-5029
1884953.5625,-4729
1884953.6250,-5473
1884953.6875,-6581
1884953.7500,-7092
1884953.8125,-5963
1884953.8750,-4169
1884953.9375,-3648
1884954.0000,-5221
1884954.0625,-7852
1884954.1250,-8447
1884954.1875,-5960
1884954.2500,-3768
1884954.3125,-4373
1884954.3750,-5606
1884954.4375,-5993
1884954.5000,-5198
1884954.5625,-4087
1884954.6250,-4552
1884954.6875,-6104
1884954.7500,-6609
1884954.8125,-6086
1884954.8750,-5497
1884954.9375,-4985
1884955.0000,-5194
1884955.0625,-5555
1884955.1250,-4131
1884955.1875,-1927
1884955.2500,-1244
1884955.3125,-2484
1884955.3750,-3809
1884955.4375,-3662
1884955.5000,-2974
1884955.5625,-3072
1884955.6250,-3558
1884955.6875,-3852
1884955.7500,-3541
1884955.8125,-2928
1884955.8750,-3038
1884955.9375,-4340
1884956.0000,-6211
1884956.0625,-6905
1884956.1250,-5605
1884956.1875,-4279
1884956.2500,-4315
1884956.3125,-5504
1884956.3750,-4123
1884956.4375,-579
1884956.5000,1720
1884956.5625,1394
1884956.6250,-391
1884956.6875,-2481
1884956.7500,-1791
1884956.8125,174
1884956.8750,1042
1884956.9375,439
1884957.0000,-1014
1884957.0625,-2242
1884957.1250,-2578
1884957.1875,-3390
1884957.2500,-6941
1884957.3125,-9678
1884957.3750,-7006
1884957.4375,-1484
1884957.5000,196
1884957.5625,-3168
1884957.6250,-8077
1884957.6875,-10725
1884957.7500,-8696
1884957.8125,-5245
1884957.8750,-2548
1884957.9375,-223
1884958.0000,-58
1884958.0625,-1903
1884958.1250,-3423
1884958.1875,-5425
1884958.2500,-6427
1884958.3125,-4358
1884958.3750,-1344
1884958.4375,411
1884958.5000,1130
1884958.5625,196
1884958.6250,-1860
1884958.6875,-3860
1884958.7500,-4423
1884958.8125,-4492
1884958.8750,-3400
1884958.9375,-1249
1884959.0000,99
1884959.0625,-564
1884959.1250,-586
1884959.1875,-22
1884959.2500,-779
1884959.3125,-1448
1884959.3750,-2543
1884959.4375,-4539
1884959.5000,-5047
1884959.5625,-3197
1884959.6250,-1403
1884959.6875,-300
1884959.7500,-1588
1884959.8125,-5104
1884959.8750,-6808
1884959.9375,-6897
1884960.0000,-7552
1884960.0625,-5692
1884960.1250,-2003
1884960.1875,-1494
1884960.2500,-2715
1884960.3125,-3245
1884960.3750,-3574
1884960.4375,-3002
1884960.5000,-1468
1884960.5625,-379
1884960.6250,727
1884960.6875,1470
1884960.7500,647
1884960.8125,-438
1884960.8750,-476
1884960.9375,63
1884961.0000,580
1884961.0625,895
1884961.1250,1350
1884961.1875,979
1884961.2500,-248
1884961.3125,-1029
1884961.3750,-727
1884961.4375,229
1884961.5000,1170
1884961.5625,1343
1884961.6250,-408
1884961.6875,-2937
1884961.7500,-3227
1884961.8125,-1930
1884961.8750,-1514
1884961.9375,-1522
1884962.0000,-1419
1884962.0625,-1690
1884962.1250,-2495
1884962.1875,-3919
1884962.2500,-5111
1884962.3125,-3548
1884962.3750,-1059
1884962.4375,-350
1884962.5000,-1869
1884962.5625,-3688
1884962.6250,-3838
1884962.6875,-2251
1884962.7500,-1738
1884962.8125,-2537
1884962.8750,-2135
1884962.9375,-72
1884963.0000,2163
1884963.0625,3178
1884963.1250,2405
1884963.1875,567
1884963.2500,-538
1884963.3125,1168
1884963.3750,4258
1884963.4375,4946
1884963.5000,2884
1884963.5625,609
1884963.6250,-386
1884963.6875,591
1884963.7500,1988
1884963.8125,2020
1884963.8750,1128
1884963.9375,-457
1884964.0000,-2107
1884964.0625,-2781
1884964.1250,-2962
1884964.1875,-3225
1884964.2500,-2926
1884964.3125,-2307
1884964.3750,-2086
1884964.4375,-1427
1884964.5000,-1814
1884964.5625,-3192
1884964.6250,-4322
1884964.6875,-4140
1884964.7500,-2643
1884964.8125,-781
1884964.8750,-645
1884964.9375,-1843
1884965.0000,-1481
1884965.0625,331
1884965.1250,2430
1884965.1875,3305
1884965.2500,2899
1884965.3125,3195
1884965.3750,4021
1884965.4375,3524
1884965.5000,3205
1884965.5625,4761
1884965.6250,5649
1884965.6875,4795
1884965.7500,3736
1884965.8125,2964
1884965.8750,3255
1884965.9375,3919
1884966.0000,4862
1884966.0625,5820
1884966.1250,5257
1884966.1875,3708
1884966.2500,2787
1884966.3125,1810
1884966.3750,1492
1884966.4375,2181
1884966.5000,2846
1884966.5625,3130
1884966.6250,3051
1884966.6875,3190
1884966.7500,3639
1884966.8125,3762
1884966.8750,3502
1884966.9375,2870
1884967.0000,1639
1884967.0625,374
1884967.1250,802
1884967.1875,2392
1884967.2500,2913
1884967.3125,2237
1884967.3750,1841
1884967.4375,2059
1884967.5000,3414
1884967.5625,4661
1884967.6250,4230
1884967.6875,3092
1884967.7500,2914
1884967.8125,3110
1884967.8750,3885
1884967.9375,5281
1884968.0000,4593
1884968.0625,3287
1884968.1250,3491
1884968.1875,4129
1884968.2500,3898
1884968.3125,3245
1884968.3750,3414
1884968.4375,4663
1884968.5000,5644
1884968.5625,5413
1884968.6250,4663
1884968.6875,3420
1884968.7500,2542
1884968.8125,2523
1884968.8750,3004
1884968.9375,2563
1884969.0000,1374
1884969.0625,1801
1884969.1250,4216
1884969.1875,6717
1884969.2500,6841
1884969.3125,3905
1884969.3750,1426
1884969.4375,2072
1884969.5000,2891
1884969.5625,1885
1884969.6250,800
1884969.6875,1368
1884969.7500,3165
1884969.8125,5145
1884969.8750,5538
1884969.9375,4447
1884970.0000,3277
1884970.0625,2906
1884970.1250,3555
1884970.1875,3924
1884970.2500,2583
1884970.3125,673
1884970.3750,967
1884970.4375,4133
1884970.5000,7491
1884970.5625,8275
1884970.6250,6766
1884970.6875,5581
1884970.7500,6232
1884970.8125,7572
1884970.8750,7062
1884970.9375,4236
1884971.0000,1727
1884971.0625,1016
1884971.1250,1707
1884971.1875,2629
1884971.2500,2774
1884971.3125,1783
1884971.3750,945
1884971.4375,1704
1884971.5000,2841
1884971.5625,2401
1884971.6250,1059
1884971.6875,1030
1884971.7500,1647
1884971.8125,957
1884971.8750,-566
1884971.9375,-1251
1884972.0000,7
1884972.0625,2612
1884972.1250,4482
1884972.1875,4207
1884972.2500,2561
1884972.3125,2501
1884972.3750,5061
1884972.4375,7566
1884972.5000,6889
1884972.5625,4349
1884972.6250,3098
1884972.6875,3598
1884972.7500,5072
1884972.8125,6216
1884972.8750,6559
1884972.9375,6312
1884973.0000,5874
1884973.0625,5888
1884973.1250,5861
1884973.1875,3654
1884973.2500,1156
1884973.3125,549
1884973.3750,1506
1884973.4375,1796
1884973.5000,566
1884973.5625,-2261
1884973.6250,-2907
1884973.6875,-497
1884973.7500,2892
1884973.8125,4399
1884973.8750,3521
1884973.9375,1074
1884974.0000,-335
1884974.0625,-1088
1884974.1250,-4227
1884974.1875,-6150
1884974.2500,-1115
1884974.3125,7391
1884974.3750,10883
1884974.4375,6974
1884974.5000,96
1884974.5625,-4676
1884974.6250,-4781
1884974.6875,-676
1884974.7500,4764
1884974.8125,7668
1884974.8750,4950
1884974.9375,821
1884975.0000,-172
1884975.0625,1192
1884975.1250,3775
1884975.1875,5363
1884975.2500,4152
1884975.3125,2727
1884975.3750,1459
1884975.4375,-216
1884975.5000,-1650
1884975.5625,-2307
1884975.6250,-2922
1884975.6875,-3476
1884975.7500,-3150
1884975.8125,-2000
1884975.8750,-2107
1884975.9375,-4051
1884976.0000,-3833
1884976.0625,-1618
1884976.1250,-1183
1884976.1875,-2027
1884976.2500,-3585
1884976.3125,-5273
1884976.3750,-5184
1884976.4375,-4595
1884976.5000,-4558
1884976.5625,-3613
1884976.6250,-2725
1884976.6875,-3485
1884976.7500,-3248
1884976.8125,-2182
1884976.8750,-1260
1884976.9375,618
1884977.0000,3235
1884977.0625,5044
1884977.1250,3977
1884977.1875,-301
1884977.2500,-3444
1884977.3125,-2036
1884977.3750,-5
1884977.4375,986
1884977.5000,2024
1884977.5625,2323
1884977.6250,965
1884977.6875,173
1884977.7500,-445
1884977.8125,-948
1884977.8750,-242
1884977.9375,233
1884978.0000,675
1884978.0625,1223
1884978.1250,-157
1884978.1875,-2479
1884978.2500,-1489
1884978.3125,1350
1884978.3750,2081
1884978.4375,1668
1884978.5000,-66
1884978.5625,-3970
1884978.6250,-5320
1884978.6875,-2855
1884978.7500,207
1884978.8125,2596
1884978.8750,2501
1884978.9375,-26
1884979.0000,-1676
1884979.0625,-2509
1884979.1250,-3159
1884979.1875,-2034
1884979.2500,-828
1884979.3125,-106
1884979.3750,493
1884979.4375,132
1884979.5000,-1241
1884979.5625,-2102
1884979.6250,-2070
1884979.6875,-388
1884979.7500,1411
1884979.8125,234
1884979.8750,-1372
1884979.9375,-311
1884980.0000,1145
1884980.0625,1061
1884980.1250,-56
1884980.1875,-1168
1884980.2500,-1847
1884980.3125,-1644
1884980.3750,-1106
1884980.4375,-1510
1884980.5000,-3217
1884980.5625,-4870
1884980.6250,-4231
1884980.6875,-795
1884980.7500,1682
1884980.8125,-115
1884980.8750,-3978
1884980.9375,-5854
1884981.0000,-4710
1884981.0625,-1738
1884981.1250,869
1884981.1875,797
1884981.2500,-328
1884981.3125,-25
1884981.3750,1121
1884981.4375,1673
1884981.5000,197
1884981.5625,-2026
1884981.6250,-1838
1884981.6875,-178
1884981.7500,-446
1884981.8125,-3161
1884981.8750,-4769
1884981.9375,-3366
1884982.0000,-135
1884982.0625,2794
1884982.1250,2605
1884982.1875,-1095
1884982.2500,-4096
1884982.3125,-2964
1884982.3750,236
1884982.4375,1636
1884982.5000,-904
1884982.5625,-4163
1884982.6250,-3887
1884982.6875,-1787
1884982.7500,-1699
1884982.8125,-3784
1884982.8750,-5815
1884982.9375,-4904
1884983.0000,-1609
1884983.0625,-1
1884983.1250,-1323
1884983.1875,-3363
1884983.2500,-3534
1884983.3125,-1266
1884983.3750,1545
1884983.4375,1597
1884983.5000,-1493
1884983.5625,-4453
1884983.6250,-5775
1884983.6875,-3439
1884983.7500,-514
1884983.8125,-1164
1884983.8750,-4451
1884983.9375,-5279
1884984.0000,-3618
1884984.0625,-3264
1884984.1250,-3892
1884984.1875,-5155
1884984.2500,-5605
1884984.3125,-3881
1884984.3750,-1748
1884984.4375,-1926
1884984.5000,-3010
1884984.5625,-2023
1884984.6250,-258
1884984.6875,286
1884984.7500,-1121
1884984.8125,-4047
1884984.8750,-5232
1884984.9375,-3500
1884985.0000,-2359
1884985.0625,-2536
1884985.1250,-3186
1884985.1875,-3909
1884985.2500,-4428
1884985.3125,-3340
1884985.3750,-1580
1884985.4375,-827
1884985.5000,-1807
1884985.5625,-2346
1884985.6250,-1310
1884985.6875,-931
1884985.7500,-2534
1884985.8125,-3639
1884985.8750,-2715
1884985.9375,-1970
1884986.0000,-2334
1884986.0625,-3038
1884986.1250,-3333
1884986.1875,-4733
1884986.2500,-5835
1884986.3125,-3846
1884986.3750,-1260
1884986.4375,-833
1884986.5000,-1716
1884986.5625,-1510
1884986.6250,614
1884986.6875,2481
1884986.7500,1043
1884986.8125,-2532
1884986.8750,-4136
1884986.9375,-3520
1884987.0000,-2785
1884987.0625,-1509
1884987.1250,-340
1884987.1875,-218
1884987.2500,-1472
1884987.3125,-1829
1884987.3750,-944
1884987.4375,-1449
1884987.5000,-3337
1884987.5625,-4012
1884987.6250,-3814
1884987.6875,-4610
1884987.7500,-5171
1884987.8125,-4732
1884987.8750,-3316
1884987.9375,-2220
1884988.0000,-2904
1884988.0625,-5100
1884988.1250,-7212
1884988.1875,-6909
1884988.2500,-5134
1884988.3125,-3635
1884988.3750,-2965
1884988.4375,-4357
1884988.5000,-5958
1884988.5625,-3932
1884988.6250,-921
1884988.6875,-785
1884988.7500,-1746
1884988.8125,-2169
1884988.8750,-1251
1884988.9375,515
1884989.0000,272
1884989.0625,-2487
1884989.1250,-4091
1884989.1875,-3058
1884989.2500,-1543
1884989.3125,-1261
1884989.3750,-3103
1884989.4375,-4733
1884989.5000,-3620
1884989.5625,-416
1884989.6250,1793
1884989.6875,89
1884989.7500,-3554
1884989.8125,-4565
1884989.8750,-2159
1884989.9375,534
1884990.0000,725
1884990.0625,-2145
1884990.1250,-4395
1884990.1875,-3754
1884990.2500,-2147
1884990.3125,-1861
1884990.3750,-3794
1884990.4375,-6626
1884990.5000,-6801
1884990.5625,-4455
1884990.6250,-3935
1884990.6875,-7033
1884990.7500,-9459
1884990.8125,-7670
1884990.8750,-3354
1884990.9375,-1254
1884991.0000,-3327
1884991.0625,-6548
1884991.1250,-7156
1884991.1875,-4580
1884991.2500,-2165
1884991.3125,-3354
1884991.3750,-7729
1884991.4375,-11254
1884991.5000,-10476
1884991.5625,-6646
1884991.6250,-4583
1884991.6875,-6188
1884991.7500,-8351
1884991.8125,-7515
1884991.8750,-4686
1884991.9375,-3591
1884992.0000,-4737
1884992.0625,-6473
1884992.1250,-7576
1884992.1875,-7586
1884992.2500,-7823
1884992.3125,-8612
1884992.3750,-9233
1884992.4375,-8900
1884992.5000,-7273
1884992.5625,-5731
1884992.6250,-5467
1884992.6875,-6083
1884992.7500,-6424
1884992.8125,-5206
1884992.8750,-3234
1884992.9375,-2401
1884993.0000,-3279
1884993.0625,-5053
1884993.1250,-6028
1884993.1875,-4001
1884993.2500,-2090
1884993.3125,-2198
1884993.3750,-3021
1884993.4375,-3776
1884993.5000,-5598
1884993.5625,-6311
1884993.6250,-5980
1884993.6875,-4841
1884993.7500,-2601
1884993.8125,-1925
1884993.8750,-3924
1884993.9375,-5755
1885026.0000,-3585
1885026.0625,-2516
1885026.1250,-1480
1885026.1875,-2881
1885026.2500,-5260
1885026.3125,-5128
1885026.3750,-3082
1885026.4375,-2425
1885026.5000,-3525
1885026.5625,-4652
1885026.6250,-4497
1885026.6875,-2756
1885026.7500,-726
1885026.8125,-616
1885026.8750,-1534
1885026.9375,-2262
1885027.0000,-2220
1885027.0625,-1211
1885027.1250,-639
1885027.1875,-1544
1885027.2500,-3112
1885027.3125,-3629
1885027.3750,-3668
1885027.4375,-4552
1885027.5000,-6071
1885027.5625,-6421
1885027.6250,-5237
1885027.6875,-3955
1885027.7500,-2963
1885027.8125,-2804
1885027.8750,-3030
1885027.9375,-3096
1885028.0000,-2419
1885028.0625,-1560
1885028.1250,-3193
1885028.1875,-6960
1885028.2500,-9061
1885028.3125,-8378
1885028.3750,-6568
1885028.4375,-6332
1885028.5000,-7889
1885028.5625,-8227
1885028.6250,-6322
1885028.6875,-4845
1885028.7500,-5199
1885028.8125,-6807
1885028.8750,-8048
1885028.9375,-7939
1885029.0000,-7542
1885029.0625,-7496
1885029.1250,-7046
1885029.1875,-6754
1885029.2500,-6348
1885029.3125,-4833
1885029.3750,-3409
1885029.4375,-3837
1885029.5000,-4755
1885029.5625,-5673
1885029.6250,-5803
1885029.6875,-5248
1885029.7500,-5102
1885029.8125,-6050
1885029.8750,-6596
1885029.9375,-5766
1885030.0000,-5325
1885030.0625,-6118
1885030.1250,-7248
1885030.1875,-7555
1885030.2500,-6862
1885030.3125,-5975
1885030.3750,-6248
1885030.4375,-7690
1885030.5000,-8633
1885030.5625,-7451
1885030.6250,-5838
1885030.6875,-6489
1885030.7500,-7435
1885030.8125,-6151
1885030.8750,-3646
1885030.9375,-1186
1885031.0000,-1150
1885031.0625,-4360
1885031.1250,-6149
1885031.1875,-3895
1885031.2500,-1348
1885031.3125,165
1885031.3750,-677
1885031.4375,-3156
1885031.5000,-5196
1885031.5625,-5020
1885031.6250,-6649
1885031.6875,-9051
1885031.7500,-7903
1885031.8125,-2021
1885031.8750,2669
1885031.9375,692
1885032.0000,-6033
1885032.0625,-12469
1885032.1250,-13741
1885032.1875,-10793
1885032.2500,-5649
1885032.3125,-78
1885032.3750,2200
1885032.4375,-66
1885032.5000,-2404
1885032.5625,-4584
1885032.6250,-6364
1885032.6875,-5487
1885032.7500,-4325
1885032.8125,-4826
1885032.8750,-5923
1885032.9375,-6638
1885033.0000,-6591
1885033.0625,-5221
1885033.1250,-2018
1885033.1875,929
1885033.2500,2205
1885033.3125,2724
1885033.3750,2945
1885033.4375,1026
1885033.5000,-1459
1885033.5625,-2375
1885033.6250,-3778
1885033.6875,-4822
1885033.7500,-4777
1885033.8125,-5241
1885033.8750,-5042
1885033.9375,-3254
1885034.0000,-1450
1885034.0625,-154
1885034.1250,-2311
1885034.1875,-8205
1885034.2500,-10415
1885034.3125,-7689
1885034.3750,-6007
1885034.4375,-3781
1885034.5000,360
1885034.5625,1023
1885034.6250,-763
1885034.6875,-2748
1885034.7500,-5668
1885034.8125,-7529
1885034.8750,-6196
1885034.9375,-4621
1885035.0000,-3702
1885035.0625,-3669
1885035.1250,-4876
1885035.1875,-5269
1885035.2500,-3298
1885035.3125,-919
1885035.3750,-769
1885035.4375,-2513
1885035.5000,-3021
1885035.5625,-2203
1885035.6250,-2196
1885035.6875,-2373
1885035.7500,-1356
1885035.8125,421
1885035.8750,1894
1885035.9375,2489
1885036.0000,1230
1885036.0625,-2710
1885036.1250,-6102
1885036.1875,-5393
1885036.2500,-1744
1885036.3125,1728
1885036.3750,2865
1885036.4375,2256
1885036.5000,1648
1885036.5625,1055
1885036.6250,-1041
1885036.6875,-2916
1885036.7500,-3162
1885036.8125,-2174
1885036.8750,-747
1885036.9375,-64
1885037.0000,-953
1885037.0625,-2370
1885037.1250,-3889
1885037.1875,-4326
1885037.2500,-2879
1885037.3125,-1826
1885037.3750,-3086
1885037.4375,-4869
1885037.5000,-5070
1885037.5625,-3927
1885037.6250,-2835
1885037.6875,-1408
1885037.7500,350
1885037.8125,755
1885037.8750,-775
1885037.9375,-2775
1885038.0000,-4744
1885038.0625,-6677
1885038.1250,-6382
1885038.1875,-3430
1885038.2500,-1419
1885038.3125,-2391
1885038.3750,-4094
1885038.4375,-4394
1885038.5000,-3607
1885038.5625,-2550
1885038.6250,-1854
1885038.6875,-1870
1885038.7500,-2194
1885038.8125,-1856
1885038.8750,-1224
1885038.9375,-611
1885039.0000,-147
1885039.0625,231
1885039.1250,1090
1885039.1875,2296
1885039.2500,2213
1885039.3125,570
1885039.3750,-750
1885039.4375,-695
1885039.5000,-315
1885039.5625,-429
1885039.6250,-204
1885039.6875,598
1885039.7500,1261
1885039.8125,2063
1885039.8750,2953
1885039.9375,3507
1885040.0000,2479
1885040.0625,1058
1885040.1250,788
1885040.1875,560
1885040.2500,-113
1885040.3125,-500
1885040.3750,36
1885040.4375,1296
1885040.5000,2816
1885040.5625,3602
1885040.6250,3472
1885040.6875,2892
1885040.7500,2669
1885040.8125,3152
1885040.8750,3485
1885040.9375,2817
1885041.0000,1361
1885041.0625,614
1885041.1250,1866
1885041.1875,4246
1885041.2500,5140
1885041.3125,3008
1885041.3750,931
1885041.4375,1640
1885041.5000,3347
1885041.5625,3504
1885041.6250,2039
1885041.6875,79
1885041.7500,-87
1885041.8125,1711
1885041.8750,3161
1885041.9375,3104
1885042.0000,1831
1885042.0625,89
1885042.1250,-405
1885042.1875,987
1885042.2500,3205
1885042.3125,4487
1885042.3750,3458
1885042.4375,2010
1885042.5000,1453
1885042.5625,1943
1885042.6250,2528
1885042.6875,2197
1885042.7500,1733
1885042.8125,2507
1885042.8750,3934
1885042.9375,4201
1885043.0000,3573
1885043.0625,3678
1885043.1250,5307
1885043.1875,7151
1885043.2500,7456
1885043.3125,6043
1885043.3750,3618
1885043.4375,2559
1885043.5000,3620
1885043.5625,5309
1885043.6250,5767
1885043.6875,5013
1885043.7500,4433
1885043.8125,5077
1885043.8750,6551
1885043.9375,7596
1885044.0000,7217
1885044.0625,5032
1885044.1250,2731
1885044.1875,2013
1885044.2500,2346
1885044.3125,1931
1885044.3750,1013
1885044.4375,897
1885044.5000,1657
1885044.5625,2632
1885044.6250,3271
1885044.6875,2840
1885044.7500,1170
1885044.8125,-557
1885044.8750,-941
1885044.9375,-793
1885045.0000,-1593
1885045.0625,-1734
1885045.1250,300
1885045.1875,2528
1885045.2500,3565
1885045.3125,3921
1885045.3750,4241
1885045.4375,4852
1885045.5000,5445
1885045.5625,5235
1885045.6250,4031
1885045.6875,2616
1885045.7500,2314
1885045.8125,3911
1885045.8750,5615
1885045.9375,6517
1885046.0000,6785
1885046.0625,6583
1885046.1250,5832
1885046.1875,4796
1885046.2500,3947
1885046.3125,2923
1885046.3750,2070
1885046.4375,2588
1885046.5000,4201
1885046.5625,4691
1885046.6250,4103
1885046.6875,3578
1885046.7500,3922
1885046.8125,4570
1885046.8750,3833
1885046.9375,1514
1885047.0000,-14
1885047.0625,-307
1885047.1250,-364
1885047.1875,-62
1885047.2500,1028
1885047.3125,1853
1885047.3750,1841
1885047.4375,2283
1885047.5000,4014
1885047.5625,5237
1885047.6250,5810
1885047.6875,6354
1885047.7500,5691
1885047.8125,5131
1885047.8750,5752
1885047.9375,6445
1885048.0000,6345
1885048.0625,6017
1885048.1250,5753
1885048.1875,5601
1885048.2500,6584
1885048.3125,7982
1885048.3750,7846
1885048.4375,6240
1885048.5000,4788
1885048.5625,4199
1885048.6250,4280
1885048.6875,4216
1885048.7500,3295
1885048.8125,2253
1885048.8750,1248
1885048.9375,688
1885049.0000,1323
1885049.0625,3130
1885049.1250,4505
1885049.1875,4940
1885049.2500,4433
1885049.3125,3647
1885049.3750,2776
1885049.4375,1933
1885049.5000,1202
1885049.5625,779
1885049.6250,1122
1885049.6875,1924
1885049.7500,3449
1885049.8125,4849
1885049.8750,4429
1885049.9375,2044
1885050.0000,755
1885050.0625,111
1885050.1250,1811
1885050.1875,4220
1885050.2500,4494
1885050.3125,2053
1885050.3750,-585
1885050.4375,-2630
1885050.5000,-3464
1885050.5625,-1252
1885050.6250,4544
1885050.6875,9545
1885050.7500,8543
1885050.8125,2336
1885050.8750,-3260
1885050.9375,-5709
1885051.0000,-5875
1885051.0625,-4556
1885051.1250,-499
1885051.1875,3873
1885051.2500,3055
1885051.3125,-687
1885051.3750,-3078
1885051.4375,-3067
1885051.5000,-687
1885051.5625,352
1885051.6250,-1762
1885051.6875,-3222
1885051.7500,-3373
1885051.8125,-3025
1885051.8750,-1912
1885051.9375,-1324
1885052.0000,-2346
1885052.0625,-3271
1885052.1250,-1622
1885052.1875,1483
1885052.2500,2119
1885052.3125,-1218
1885052.3750,-3859
1885052.4375,-4507
1885052.5000,-4241
1885052.5625,-2710
1885052.6250,-1656
1885052.6875,-1438
1885052.7500,125
1885052.8125,2662
1885052.8750,4806
1885052.9375,5834
1885053.0000,4159
1885053.0625,426
1885053.1250,-2031
1885053.1875,-1881
1885053.2500,-156
1885053.3125,1959
1885053.3750,2312
1885053.4375,1803
1885053.5000,1461
1885053.5625,165
1885053.6250,-978
1885053.6875,106
1885053.7500,905
1885053.8125,1180
1885053.8750,1959
1885053.9375,1034
1885054.0000,-1960
1885054.0625,-3005
1885054.1250,-1543
1885054.1875,-69
1885054.2500,987
1885054.3125,587
1885054.3750,-1333
1885054.4375,-1844
1885054.5000,-249
1885054.5625,1121
1885054.6250,1307
1885054.6875,468
1885054.7500,-1141
1885054.8125,-1229
1885054.8750,-526
1885054.9375,-1648
1885055.0000,-2509
1885055.0625,-1359
1885055.1250,509
1885055.1875,1681
1885055.2500,1626
1885055.3125,131
1885055.3750,-2532
1885055.4375,-5016
1885055.5000,-5900
1885055.5625,-4473
1885055.6250,-2739
1885055.6875,-2303
1885055.7500,-2984
1885055.8125,-3311
1885055.8750,-2998
1885055.9375,-2986
1885056.0000,-3363
1885056.0625,-1785
1885056.1250,622
1885056.1875,339
1885056.2500,-2325
1885056.3125,-5034
1885056.3750,-5951
1885056.4375,-4843
1885056.5000,-2998
1885056.5625,-1721
1885056.6250,-1837
1885056.6875,-3011
1885056.7500,-3577
1885056.8125,-2561
1885056.8750,-2257
1885056.9375,-3477
1885057.0000,-3595
1885057.0625,-2257
1885057.1250,-1556
1885057.1875,-2003
1885057.2500,-1991
1885057.3125,-592
1885057.3750,1735
1885057.4375,2793
1885057.5000,2389
1885057.5625,2192
1885057.6250,1840
1885057.6875,616
1885057.7500,-763
1885057.8125,-1944
1885057.8750,-2613
1885057.9375,-2104
1885058.0000,-19
1885058.0625,2087
1885058.1250,1818
1885058.1875,-954
1885058.2500,-2674
1885058.3125,-1499
1885058.3750,298
1885058.4375,-61
1885058.5000,-2186
1885058.5625,-4834
1885058.6250,-5958
1885058.6875,-4504
1885058.7500,-2086
1885058.8125,-1887
1885058.8750,-4018
1885058.9375,-5367
1885059.0000,-5925
1885059.0625,-5010
1885059.1250,-3966
1885059.1875,-3323
1885059.2500,-3065
1885059.3125,-1855
1885059.3750,-850
1885059.4375,-2476
1885059.5000,-4880
1885059.5625,-6314
1885059.6250,-5434
1885059.6875,-2131
1885059.7500,-43
1885059.8125,-905
1885059.8750,-1756
1885059.9375,-529
1885060.0000,99
1885060.0625,-363
1885060.1250,-411
1885060.1875,-488
1885060.2500,-778
1885060.3125,-497
1885060.3750,-450
1885060.4375,-928
1885060.5000,-2088
1885060.5625,-3565
1885060.6250,-4290
1885060.6875,-4336
1885060.7500,-4350
1885060.8125,-4880
1885060.8750,-5545
1885060.9375,-5027
1885061.0000,-3998
1885061.0625,-4198
1885061.1250,-4967
1885061.1875,-5452
1885061.2500,-5706
1885061.3125,-5660
1885061.3750,-4739
1885061.4375,-3049
1885061.5000,-162
1885061.5625,990
1885061.6250,-2082
1885061.6875,-5950
1885061.7500,-7387
1885061.8125,-6591
1885061.8750,-5257
1885061.9375,-3361
1885062.0000,-1253
1885062.0625,-1065
1885062.1250,-3030
1885062.1875,-4093
1885062.2500,-2154
1885062.3125,773
1885062.3750,840
1885062.4375,-825
1885062.5000,-1755
1885062.5625,-823
1885062.6250,549
1885062.6875,2146
1885062.7500,2906
1885062.8125,1197
1885062.8750,-1759
1885062.9375,-3681
1885063.0000,-3416
1885063.0625,-2214
1885063.1250,-1374
1885063.1875,-2275
1885063.2500,-3733
1885063.3125,-4153
1885063.3750,-3212
1885063.4375,-1484
1885063.5000,118
1885063.5625,-424
1885063.6250,-3858
1885063.6875,-6927
1885063.7500,-7031
1885063.8125,-5977
1885063.8750,-4621
1885063.9375,-3063
1885064.0000,-3736
1885064.0625,-5886
1885064.1250,-6010
1885064.1875,-4626
1885064.2500,-2748
1885064.3125,-727
1885064.3750,-245
1885064.4375,-1824
1885064.5000,-2892
1885064.5625,-2162
1885064.6250,-1276
1885064.6875,-786
1885064.7500,-1847
1885064.8125,-3662
1885064.8750,-4415
1885064.9375,-3944
1885065.0000,-3349
1885065.0625,-3152
1885065.1250,-3556
1885065.1875,-3560
1885065.2500,-3447
1885065.3125,-4756
1885065.3750,-6107
1885065.4375,-6557
1885065.5000,-6726
1885065.5625,-6101
1885065.6250,-5390
1885065.6875,-5159
1885065.7500,-4724
1885065.8125,-3726
1885065.8750,-2898
1885065.9375,-3093
1885066.0000,-4477
1885066.0625,-6366
1885066.1250,-6686
1885066.1875,-5277
1885066.2500,-4680
1885066.3125,-5377
1885066.3750,-5987
1885066.4375,-5867
1885066.5000,-4498
1885066.5625,-2372
1885066.6250,-2471
1885066.6875,-4865
1885066.7500,-6050
1885066.8125,-4808
1885066.8750,-3203
1885066.9375,-2725
1885067.0000,-4067
1885067.0625,-5905
1885067.1250,-5912
1885067.1875,-4237
1885067.2500,-3198
1885067.3125,-3763
1885067.3750,-4807
1885067.4375,-5144
1885067.5000,-4566
1885067.5625,-3443
1885067.6250,-3827
1885067.6875,-6093
1885067.7500,-7884
1885067.8125,-7869
1885067.8750,-7042
1885067.9375,-6592
1885068.0000,-6290
1885068.0625,-5896
1885068.1250,-5506
1885068.1875,-5522
1885068.2500,-6507
1885068.3125,-8727
1885068.3750,-9780
1885068.4375,-8245
1885068.5000,-5824
1885068.5625,-4684
1885068.6250,-5485
1885068.6875,-7051
1885068.7500,-5248
1885068.8125,-975
1885068.8750,1498
1885068.9375,845
1885069.0000,-2520
1885069.0625,-5861
1885069.1250,-6868
1885069.1875,-6567
1885069.2500,-8892
1885069.3125,-10557
1885069.3750,-6752
1885069.4375,1056
1885069.5000,4672
1885069.5625,1545
1885069.6250,-3737
1885069.6875,-7126
1885069.7500,-7644
1885069.8125,-6865
1885069.8750,-4687
1885069.9375,-1220
1885070.0000,722
1885070.0625,-363
1885070.1250,-2204
1885070.1875,-4541
1885070.2500,-5553
1885070.3125,-3781
1885070.3750,-2442
1885070.4375,-3356
1885070.5000,-4667
1885070.5625,-4887
1885070.6250,-4429
1885070.6875,-3429
1885070.7500,-2073
1885070.8125,-2108
1885070.8750,-3322
1885070.9375,-3148
1885071.0000,-2332
1885071.0625,-3579
1885071.1250,-4314
1885071.1875,-3852
1885071.2500,-4747
1885071.3125,-5276
1885071.3750,-4152
1885071.4375,-4082
1885071.5000,-4397
1885071.5625,-4538
1885071.6250,-4571
1885071.6875,-2431
1885071.7500,-674
1885071.8125,-3302
1885071.8750,-5821
1885071.9375,-5934
1885072.0000,-5437
1885072.0625,-2067
1885072.1250,2543
1885072.1875,2488
1885072.2500,-1078
1885072.3125,-4221
1885072.3750,-5403
1885072.4375,-4569
1885072.5000,-3623
1885072.5625,-4192
1885072.6250,-4923
1885072.6875,-4060
1885072.7500,-4506
1885072.8125,-6454
1885072.8750,-6892
1885072.9375,-5193
1885073.0000,-2990
1885073.0625,-1836
1885073.1250,-1876
1885073.1875,-4169
1885073.2500,-7229
1885073.3125,-7423
1885073.3750,-3836
1885073.4375,-391
1885073.5000,-50
1885073.5625,-1174
1885073.6250,-1831
1885073.6875,-2848
1885073.7500,-4220
1885073.8125,-4482
1885073.8750,-4452
1885073.9375,-3594
1885074.0000,-1391
1885074.0625,-10
1885074.1250,-522
1885074.1875,-2216
1885074.2500,-4060
1885074.3125,-3244
1885074.3750,-348
1885074.4375,1516
1885074.5000,527
1885074.5625,-1562
1885074.6250,-2496
1885074.6875,-1964
1885074.7500,-2665
1885074.8125,-3545
1885074.8750,-3224
1885074.9375,-2603
1885075.0000,-2036
1885075.0625,-1537
1885075.1250,-2939
1885075.1875,-5155
1885075.2500,-5628
1885075.3125,-3900
1885075.3750,-2940
1885075.4375,-4164
1885075.5000,-5920
1885075.5625,-6400
1885075.6250,-5515
1885075.6875,-4396
1885075.7500,-3469
1885075.8125,-2103
1885075.8750,-180
1885075.9375,414
1885076.0000,-136
1885076.0625,-1209
1885076.1250,-2163
1885076.1875,-2267
1885076.2500,-636
1885076.3125,1395
1885076.3750,2152
1885076.4375,790
1885076.5000,-1202
1885076.5625,-1182
1885076.6250,188
1885076.6875,1008
1885076.7500,975
1885076.8125,565
1885076.8750,440
1885076.9375,-122
1885077.0000,-358
1885077.0625,651
1885077.1250,1562
1885077.1875,1564
1885077.2500,1091
1885077.3125,474
1885077.3750,-58
1885077.4375,-609
1885077.5000,-1671
1885077.5625,-1792
1885077.6250,-894
1885077.6875,236
1885077.7500,471
1885077.8125,-624
1885077.8750,-1851
1885077.9375,-1123
1885078.0000,948
1885078.0625,2509
1885078.1250,1998
1885078.1875,793
1885078.2500,1402
1885078.3125,2951
1885078.3750,4057
1885078.4375,4185
1885078.5000,3487
1885078.5625,3292
1885078.6250,3711
1885078.6875,3545
1885078.7500,3745
1885078.8125,4795
1885078.8750,5175
1885078.9375,5127
1885079.0000,5453
1885079.0625,5081
1885079.1250,4058
1885079.1875,3725
1885079.2500,3688
1885079.3125,3250
1885079.3750,2301
1885079.4375,701
1885079.5000,-101
1885079.5625,1785
1885079.6250,4410
1885079.6875,3824
1885079.7500,182
1885079.8125,-2506
1885079.8750,-1649
1885079.9375,963
1885080.0000,2292
1885080.0625,1028
1885080.1250,-1027
1885080.1875,-2250
1885080.2500,-2254
1885080.3125,-543
1885080.3750,1988
1885080.4375,3254
1885080.5000,2716
1885080.5625,2574
1885080.6250,3673
1885080.6875,4784
1885080.7500,4671
1885080.8125,3914
1885080.8750,3818
1885080.9375,4885
1885081.0000,5223
1885081.0625,4221
1885081.1250,3187
1885081.1875,3841
1885081.2500,5465
1885081.3125,5970
1885081.3750,5345
1885081.4375,4673
1885081.5000,3838
1885081.5625,2754
1885081.6250,1936
1885081.6875,1284
1885081.7500,703
1885081.8125,298
1885081.8750,565
1885081.9375,2069
1885082.0000,3443
1885082.0625,3809
1885082.1250,3688
1885082.1875,4012
1885082.2500,4467
1885082.3125,3864
1885082.3750,1873
1885082.4375,267
1885082.5000,916
1885082.5625,3136
1885082.6250,4828
1885082.6875,4949
1885082.7500,4610
1885082.8125,4257
1885082.8750,4051
1885082.9375,4086
1885083.0000,3968
1885083.0625,2716
1885083.1250,1278
1885083.1875,1389
1885083.2500,2457
1885083.3125,3114
1885083.3750,3008
1885083.4375,2718
1885083.5000,3041
1885083.5625,4021
1885083.6250,4457
1885083.6875,4963
1885083.7500,5207
1885083.8125,4144
1885083.8750,2869
1885083.9375,2046
1885084.0000,1553
1885084.0625,1707
1885084.1250,1933
1885084.1875,2381
1885084.2500,3718
1885084.3125,4662
1885084.3750,4238
1885084.4375,3409
1885084.5000,3064
1885084.5625,3264
1885084.6250,3592
1885084.6875,2779
1885084.7500,1338
1885084.8125,600
1885084.8750,1187
1885084.9375,2562
1885085.0000,3035
1885085.0625,3431
1885085.1250,5237
1885085.1875,6822
1885085.2500,7315
1885085.3125,6778
1885085.3750,5497
1885085.4375,4525
1885085.5000,4892
1885085.5625,6266
1885085.6250,6707
1885085.6875,6020
1885085.7500,5781
1885085.8125,6691
1885085.8750,8098
1885085.9375,9006
1885086.0000,8729
1885086.0625,7207
1885086.1250,5266
1885086.1875,4459
1885086.2500,4504
1885086.3125,3728
1885086.3750,2655
1885086.4375,2727
1885086.5000,3121
1885086.5625,3284
1885086.6250,3508
1885086.6875,3933
1885086.7500,4909
1885086.8125,5712
1885086.8750,4181
1885086.9375,710
1885087.0000,-2373
1885087.0625,-3417
1885087.1250,-973
1885087.1875,2375
1885087.2500,3011
1885087.3125,1275
1885087.3750,114
1885087.4375,503
1885087.5000,2602
1885087.5625,3213
1885087.6250,2215
1885087.6875,674
1885087.7500,-997
1885087.8125,-984
1885087.8750,742
1885087.9375,2147
1885088.0000,-39
1885088.0625,-2439
1885088.1250,-661
1885088.1875,4287
1885088.2500,7580
1885088.3125,5809
1885088.3750,1077
1885088.4375,-3639
1885088.5000,-6658
1885088.5625,-6709
1885088.6250,-2676
1885088.6875,2467
1885088.7500,4553
1885088.8125,2598
1885088.8750,-884
1885088.9375,-4412
1885089.0000,-4991
1885089.0625,-2351
1885089.1250,-705
1885089.1875,-570
1885089.2500,-873
1885089.3125,-1916
1885089.3750,-3037
1885089.4375,-2233
1885089.5000,-697
1885089.5625,-2875
1885089.6250,-6005
1885089.6875,-5058
1885089.7500,-2202
1885089.8125,-1711
1885089.8750,-1398
1885089.9375,-1714
1885090.0000,-3725
1885090.0625,-3626
1885090.1250,-1566
1885090.1875,-736
1885090.2500,366
1885090.3125,1703
1885090.3750,2483
1885090.4375,4849
1885090.5000,6605
1885090.5625,3969
1885090.6250,277
1885090.6875,-1104
1885090.7500,548
1885090.8125,5042
1885090.8750,8083
1885090.9375,7248
1885091.0000,4885
1885091.0625,1749
1885091.1250,-412
1885091.1875,729
1885091.2500,2383
1885091.3125,2432
1885091.3750,2360
1885091.4375,2078
1885091.5000,-282
1885091.5625,-3127
1885091.6250,-4489
1885091.6875,-4645
1885091.7500,-2612
1885091.8125,441
1885091.8750,228
1885091.9375,-2636
1885092.0000,-3675
1885092.0625,-1647
1885092.1250,1722
1885092.1875,3883
1885092.2500,1666
1885092.3125,-2370
1885092.3750,-3207
1885092.4375,-2043
1885092.5000,-849
1885092.5625,701
1885092.6250,-79
1885092.6875,-2075
1885092.7500,-1610
1885092.8125,549
1885092.8750,1206
1885092.9375,-420
1885093.0000,-2582
1885093.0625,-3290
1885093.1250,-2592
1885093.1875,-1843
1885093.2500,-1624
1885093.3125,-1832
1885093.3750,-2632
1885093.4375,-3630
1885093.5000,-5084
1885093.5625,-6397
1885093.6250,-5938
1885093.6875,-4607
1885093.7500,-3322
1885093.8125,-2191
1885093.8750,-2513
1885093.9375,-3679
1885094.0000,-4044
1885094.0625,-2734
1885094.1250,-349
1885094.1875,642
1885094.2500,-1238
1885094.3125,-3282
1885094.3750,-3552
1885094.4375,-2247
1885094.5000,351
1885094.5625,1893
1885094.6250,165
1885094.6875,-3184
1885094.7500,-4529
1885094.8125,-3236
1885094.8750,-982
1885094.9375,-454
1885095.0000,-1767
1885095.0625,-1973
1885095.1250,-81
1885095.1875,2011
1885095.2500,2135
1885095.3125,922
1885095.3750,3
1885095.4375,181
1885095.5000,1033
1885095.5625,2263
1885095.6250,2215
1885095.6875,487
1885095.7500,-534
1885095.8125,3
1885095.8750,288
1885095.9375,-594
1885096.0000,-2168
1885096.0625,-3226
1885096.1250,-2790
1885096.1875,-2450
1885096.2500,-2738
1885096.3125,-2699
1885096.3750,-3287
1885096.4375,-3552
1885096.5000,-2895
1885096.5625,-3179
1885096.6250,-4862
1885096.6875,-5141
1885096.7500,-5016
1885096.8125,-4117
1885096.8750,-2847
1885096.9375,-3262
1885097.0000,-5274
1885097.0625,-5454
1885097.1250,-2115
1885097.1875,-889
1885097.2500,-1645
1885097.3125,-2707
1885097.3750,-4863
1885097.4375,-5458
1885097.5000,-3174
1885097.5625,-1964
1885097.6250,-2473
1885097.6875,-2824
1885097.7500,-2770
1885097.8125,-2695
1885097.8750,-1778
1885097.9375,-2159
1885098.0000,-3326
1885098.0625,-3832
1885098.1250,-4108
1885098.1875,-4061
1885098.2500,-3026
1885098.3125,-1659
1885098.3750,-589
1885098.4375,-589
1885098.5000,-1025
1885098.5625,-2406
1885098.6250,-4684
1885098.6875,-5744
1885098.7500,-4111
1885098.8125,-1645
1885098.8750,-1483
1885098.9375,-4740
1885099.0000,-6844
1885099.0625,-4959
1885099.1250,-2133
1885099.1875,-1176
1885099.2500,-1834
1885099.3125,-3542
1885099.3750,-5232
1885099.4375,-4451
1885099.5000,-2677
1885099.5625,-2156
1885099.6250,-1684
1885099.6875,94
1885099.7500,2423
1885099.8125,3642
1885099.8750,2153
1885099.9375,-410
1885100.0000,-1481
1885100.0625,-1384
1885100.1250,-3302
1885100.1875,-5730
1885100.2500,-6242
1885100.3125,-5018
1885100.3750,-2822
1885100.4375,-317
1885100.5000,1099
1885100.5625,-1369
1885100.6250,-5450
1885100.6875,-7870
1885100.7500,-7217
1885100.8125,-6441
1885100.8750,-6561
1885100.9375,-6768
1885101.0000,-5969
1885101.0625,-4479
1885101.1250,-2579
1885101.1875,-981
1885101.2500,-884
1885101.3125,-3173
1885101.3750,-6328
1885101.4375,-7875
1885101.5000,-7109
1885101.5625,-6157
1885101.6250,-5928
1885101.6875,-4691
1885101.7500,-2769
1885101.8125,-1485
1885101.8750,-1036
1885101.9375,-1051
1885102.0000,-1776
1885102.0625,-3505
1885102.1250,-5726
1885102.1875,-6440
1885102.2500,-5473
1885102.3125,-3640
1885102.3750,-2043
1885102.4375,-605
1885102.5000,-185
1885102.5625,-1657
1885102.6250,-3797
1885102.6875,-4910
1885102.7500,-5307
1885102.8125,-5927
1885102.8750,-7179
1885102.9375,-8106
1885103.0000,-6995
1885103.0625,-4867
1885103.1250,-2703
1885103.1875,-1383
1885103.2500,-2562
1885103.3125,-4910
1885103.3750,-6488
1885103.4375,-6991
1885103.5000,-6309
1885103.5625,-5426
1885103.6250,-5344
1885103.6875,-5558
1885103.7500,-5219
1885103.8125,-4249
1885103.8750,-3369
1885103.9375,-3071
1885104.0000,-3688
1885104.0625,-4321
1885104.1250,-4512
1885104.1875,-4816
1885104.2500,-5796
1885104.3125,-6257
1885104.3750,-5413
1885104.4375,-4213
1885104.5000,-3773
1885104.5625,-4366
1885104.6250,-5739
1885104.6875,-7229
1885104.7500,-7461
1885104.8125,-6977
1885104.8750,-7258
1885104.9375,-8106
1885105.0000,-8105
1885105.0625,-6420
1885105.1250,-3464
1885105.1875,-1766
1885105.2500,-3491
1885105.3125,-5856
1885105.3750,-6623
1885105.4375,-6296
1885105.5000,-5518
1885105.5625,-4886
1885105.6250,-5334
1885105.6875,-5648
1885105.7500,-4312
1885105.8125,-3332
1885105.8750,-4160
1885105.9375,-5215
1885130.0000,801
1885130.0625,-1171
1885130.1250,-3193
1885130.1875,-3351
1885130.2500,-1442
1885130.3125,1020
1885130.3750,1222
1885130.4375,-228
1885130.5000,-158
1885130.5625,1863
1885130.6250,3019
1885130.6875,1050
1885130.7500,-2145
1885130.8125,-2475
1885130.8750,-144
1885130.9375,778
1885131.0000,-986
1885131.0625,-3301
1885131.1250,-3768
1885131.1875,-2831
1885131.2500,-1529
1885131.3125,-1097
1885131.3750,-1843
1885131.4375,-2616
1885131.5000,-2097
1885131.5625,-1090
1885131.6250,-1260
1885131.6875,-2930
1885131.7500,-4276
1885131.8125,-3783
1885131.8750,-2370
1885131.9375,-2254
1885132.0000,-3804
1885132.0625,-5121
1885132.1250,-3664
1885132.1875,622
1885132.2500,4550
1885132.3125,4875
1885132.3750,1921
1885132.4375,-208
1885132.5000,517
1885132.5625,2287
1885132.6250,2058
1885132.6875,-15
1885132.7500,-1681
1885132.8125,-998
1885132.8750,716
1885132.9375,978
1885133.0000,-654
1885133.0625,-2290
1885133.1250,-2236
1885133.1875,-722
1885133.2500,68
1885133.3125,-956
1885133.3750,-1784
1885133.4375,-838
1885133.5000,1176
1885133.5625,2169
1885133.6250,694
1885133.6875,-2088
1885133.7500,-3060
1885133.8125,-2267
1885133.8750,-2490
1885133.9375,-3087
1885134.0000,-4342
1885134.0625,-4835
1885134.1250,-3801
1885134.1875,-1547
1885134.2500,-1764
1885134.3125,-5208
1885134.3750,-7240
1885134.4375,-6200
1885134.5000,-4002
1885134.5625,-2104
1885134.6250,-2542
1885134.6875,-4526
1885134.7500,-4241
1885134.8125,-581
1885134.8750,241
1885134.9375,-2375
1885135.0000,-3670
1885135.0625,-2932
1885135.1250,-1349
1885135.1875,-104
1885135.2500,-1532
1885135.3125,-2905
1885135.3750,-1818
1885135.4375,545
1885135.5000,1688
1885135.5625,1130
1885135.6250,-1550
1885135.6875,-3783
1885135.7500,-3542
1885135.8125,-1934
1885135.8750,-1747
1885135.9375,-3351
1885136.0000,-5654
1885136.0625,-5443
1885136.1250,-2402
1885136.1875,-690
1885136.2500,-1814
1885136.3125,-4093
1885136.3750,-3813
1885136.4375,-2095
1885136.5000,-1543
1885136.5625,-2784
1885136.6250,-4603
1885136.6875,-4577
1885136.7500,-2609
1885136.8125,-725
1885136.8750,1301
1885136.9375,2820
1885137.0000,1897
1885137.0625,371
1885137.1250,1073
1885137.1875,1352
1885137.2500,-1244
1885137.3125,-3150
1885137.3750,-3249
1885137.4375,-1996
1885137.5000,-552
1885137.5625,214
1885137.6250,-834
1885137.6875,-2211
1885137.7500,-2582
1885137.8125,-1514
1885137.8750,-703
1885137.9375,-2428
1885138.0000,-5242
1885138.0625,-6418
1885138.1250,-5732
1885138.1875,-5694
1885138.2500,-6738
1885138.3125,-7217
1885138.3750,-6495
1885138.4375,-5396
1885138.5000,-5606
1885138.5625,-7246
1885138.6250,-7552
1885138.6875,-6220
1885138.7500,-5018
1885138.8125,-4567
1885138.8750,-6335
1885138.9375,-8587
1885139.0000,-7356
1885139.0625,-4358
1885139.1250,-2723
1885139.1875,-2739
1885139.2500,-3827
1885139.3125,-5146
1885139.3750,-4196
1885139.4375,-2031
1885139.5000,-1640
1885139.5625,-2484
1885139.6250,-3563
1885139.6875,-4092
1885139.7500,-3144
1885139.8125,-1506
1885139.8750,-1002
1885139.9375,-946
1885140.0000,-620
1885140.0625,-409
1885140.1250,-647
1885140.1875,-1608
1885140.2500,-2509
1885140.3125,-2363
1885140.3750,-1136
1885140.4375,-588
1885140.5000,-1515
1885140.5625,-2323
1885140.6250,-2638
1885140.6875,-2505
1885140.7500,-2336
1885140.8125,-3629
1885140.8750,-5401
1885140.9375,-5896
1885141.0000,-5572
1885141.0625,-5414
1885141.1250,-6073
1885141.1875,-7612
1885141.2500,-8797
1885141.3125,-8829
1885141.3750,-7531
1885141.4375,-5984
1885141.5000,-5557
1885141.5625,-6212
1885141.6250,-6009
1885141.6875,-5166
1885141.7500,-4789
1885141.8125,-4996
1885141.8750,-5909
1885141.9375,-6646
1885142.0000,-6242
1885142.0625,-5827
1885142.1250,-5776
1885142.1875,-4967
1885142.2500,-3772
1885142.3125,-3522
1885142.3750,-3689
1885142.4375,-4064
1885142.5000,-5390
1885142.5625,-6409
1885142.6250,-5661
1885142.6875,-4910
1885142.7500,-5805
1885142.8125,-7601
1885142.8750,-7686
1885142.9375,-5776
1885143.0000,-4073
1885143.0625,-4139
1885143.1250,-5178
1885143.1875,-5835
1885143.2500,-5616
1885143.3125,-4793
1885143.3750,-4690
1885143.4375,-5121
1885143.5000,-5403
1885143.5625,-4560
1885143.6250,-2667
1885143.6875,-1940
1885143.7500,-3348
1885143.8125,-4740
1885143.8750,-4389
1885143.9375,-3234
1885144.0000,-2737
1885144.0625,-3721
1885144.1250,-5946
1885144.1875,-6941
1885144.2500,-5402
1885144.3125,-3373
1885144.3750,-3569
1885144.4375,-4728
1885144.5000,-4777
1885144.5625,-3244
1885144.6250,-2036
1885144.6875,-2957
1885144.7500,-5984
1885144.8125,-7423
1885144.8750,-6203
1885144.9375,-3598
1885145.0000,-2435
1885145.0625,-3996
1885145.1250,-6762
1885145.1875,-6841
1885145.2500,-4805
1885145.3125,-4520
1885145.3750,-5955
1885145.4375,-5162
1885145.5000,-1492
1885145.5625,1900
1885145.6250,2322
1885145.6875,-1221
1885145.7500,-6276
1885145.8125,-8013
1885145.8750,-6545
1885145.9375,-3368
1885146.0000,-461
1885146.0625,-954
1885146.1250,-3297
1885146.1875,-4530
1885146.2500,-5169
1885146.3125,-5439
1885146.3750,-5637
1885146.4375,-6612
1885146.5000,-6351
1885146.5625,-4566
1885146.6250,-3430
1885146.6875,-3770
1885146.7500,-3747
1885146.8125,-2435
1885146.8750,-871
1885146.9375,-18
1885147.0000,249
1885147.0625,-1295
1885147.1250,-3940
1885147.1875,-3655
1885147.2500,-1811
1885147.3125,-1200
1885147.3750,-1602
1885147.4375,-3229
1885147.5000,-5472
1885147.5625,-4728
1885147.6250,-2358
1885147.6875,-1556
1885147.7500,-1811
1885147.8125,-3519
1885147.8750,-6415
1885147.9375,-7518
1885148.0000,-7237
1885148.0625,-6960
1885148.1250,-4502
1885148.1875,-1514
1885148.2500,-1562
1885148.3125,-3479
1885148.3750,-4893
1885148.4375,-5851
1885148.5000,-5635
1885148.5625,-4614
1885148.6250,-4582
1885148.6875,-5381
1885148.7500,-5704
1885148.8125,-5307
1885148.8750,-3584
1885148.9375,-554
1885149.0000,920
1885149.0625,-356
1885149.1250,-2368
1885149.1875,-3310
1885149.2500,-4438
1885149.3125,-5749
1885149.3750,-6823
1885149.4375,-6603
1885149.5000,-4864
1885149.5625,-3416
1885149.6250,-2732
1885149.6875,-2064
1885149.7500,-1501
1885149.8125,-770
1885149.8750,-195
1885149.9375,-684
1885150.0000,-1868
1885150.0625,-2731
1885150.1250,-3511
1885150.1875,-4161
1885150.2500,-5240
1885150.3125,-6012
1885150.3750,-4928
1885150.4375,-3060
1885150.5000,-2228
1885150.5625,-2371
1885150.6250,-3616
1885150.6875,-5249
1885150.7500,-5522
1885150.8125,-4558
1885150.8750,-2907
1885150.9375,-1525
1885151.0000,-1762
1885151.0625,-2745
1885151.1250,-1984
1885151.1875,-380
1885151.2500,61
1885151.3125,-520
1885151.3750,-1305
1885151.4375,-1663
1885151.5000,-977
1885151.5625,70
1885151.6250,-641
1885151.6875,-2770
1885151.7500,-3819
1885151.8125,-2569
1885151.8750,-209
1885151.9375,919
1885152.0000,203
1885152.0625,-857
1885152.1250,-1020
1885152.1875,-86
1885152.2500,679
1885152.3125,828
1885152.3750,256
1885152.4375,-513
1885152.5000,-1238
1885152.5625,-1844
1885152.6250,-2158
1885152.6875,-1790
1885152.7500,-834
1885152.8125,561
1885152.8750,1276
1885152.9375,348
1885153.0000,-1055
1885153.0625,-1343
1885153.1250,-1173
1885153.1875,-1165
1885153.2500,-813
1885153.3125,-969
1885153.3750,-1666
1885153.4375,-1628
1885153.5000,-793
1885153.5625,-34
1885153.6250,1287
1885153.6875,2335
1885153.7500,1892
1885153.8125,630
1885153.8750,621
1885153.9375,1954
1885154.0000,1934
1885154.0625,-579
1885154.1250,-2761
1885154.1875,-2354
1885154.2500,41
1885154.3125,1691
1885154.3750,1143
1885154.4375,959
1885154.5000,2088
1885154.5625,3064
1885154.6250,3582
1885154.6875,2627
1885154.7500,491
1885154.8125,-216
1885154.8750,234
1885154.9375,-503
1885155.0000,-2331
1885155.0625,-3351
1885155.1250,-1461
1885155.1875,2465
1885155.2500,4625
1885155.3125,3072
1885155.3750,598
1885155.4375,-201
1885155.5000,977
1885155.5625,2564
1885155.6250,2006
1885155.6875,-774
1885155.7500,-3327
1885155.8125,-2617
1885155.8750,559
1885155.9375,3130
1885156.0000,3057
1885156.0625,1392
1885156.1250,1162
1885156.1875,2244
1885156.2500,1899
1885156.3125,-502
1885156.3750,-2534
1885156.4375,-1757
1885156.5000,1459
1885156.5625,4024
1885156.6250,4174
1885156.6875,3339
1885156.7500,3091
1885156.8125,3977
1885156.8750,5447
1885156.9375,5820
1885157.0000,4005
1885157.0625,1467
1885157.1250,716
1885157.1875,2568
1885157.2500,5258
1885157.3125,6267
1885157.3750,5156
1885157.4375,4168
1885157.5000,4141
1885157.5625,4199
1885157.6250,3404
1885157.6875,1536
1885157.7500,-56
1885157.8125,-307
1885157.8750,-22
1885157.9375,-419
1885158.0000,-794
1885158.0625,348
1885158.1250,3020
1885158.1875,4936
1885158.2500,4022
1885158.3125,1392
1885158.3750,-304
1885158.4375,410
1885158.5000,2593
1885158.5625,3811
1885158.6250,2967
1885158.6875,1884
1885158.7500,2661
1885158.8125,5362
1885158.8750,8068
1885158.9375,8268
1885159.0000,6268
1885159.0625,4612
1885159.1250,4999
1885159.1875,6826
1885159.2500,7810
1885159.3125,6645
1885159.3750,4486
1885159.4375,3054
1885159.5000,3092
1885159.5625,3934
1885159.6250,4466
1885159.6875,4951
1885159.7500,5835
1885159.8125,5855
1885159.8750,4403
1885159.9375,2397
1885160.0000,1333
1885160.0625,1328
1885160.1250,1146
1885160.1875,137
1885160.2500,-1156
1885160.3125,-1594
1885160.3750,-402
1885160.4375,1547
1885160.5000,2457
1885160.5625,2027
1885160.6250,1571
1885160.6875,1697
1885160.7500,2767
1885160.8125,3828
1885160.8750,3559
1885160.9375,2489
1885161.0000,2522
1885161.0625,4679
1885161.1250,7531
1885161.1875,8160
1885161.2500,6265
1885161.3125,4659
1885161.3750,4681
1885161.4375,5478
1885161.5000,6207
1885161.5625,5402
1885161.6250,2466
1885161.6875,565
1885161.7500,1744
1885161.8125,3014
1885161.8750,2268
1885161.9375,1595
1885162.0000,1586
1885162.0625,1977
1885162.1250,1943
1885162.1875,513
1885162.2500,-1529
1885162.3125,-1412
1885162.3750,-275
1885162.4375,1149
1885162.5000,1145
1885162.5625,-1082
1885162.6250,-3206
1885162.6875,-2889
1885162.7500,-2274
1885162.8125,-3449
1885162.8750,-3634
1885162.9375,24
1885163.0000,4355
1885163.0625,4524
1885163.1250,1483
1885163.1875,-1208
1885163.2500,-3618
1885163.3125,-5010
1885163.3750,-2579
1885163.4375,2547
1885163.5000,5822
1885163.5625,4351
1885163.6250,1714
1885163.6875,637
1885163.7500,49
1885163.8125,-592
1885163.8750,-1717
1885163.9375,-3388
1885164.0000,-4203
1885164.0625,-4350
1885164.1250,-3725
1885164.1875,-2898
1885164.2500,-2555
1885164.3125,-2495
1885164.3750,-2210
1885164.4375,-1437
1885164.5000,178
1885164.5625,110
1885164.6250,-2307
1885164.6875,-2838
1885164.7500,-1976
1885164.8125,-2307
1885164.8750,-3021
1885164.9375,-4300
1885165.0000,-4593
1885165.0625,-1457
1885165.1250,1608
1885165.1875,2076
1885165.2500,1434
1885165.3125,-528
1885165.3750,-3016
1885165.4375,-3458
1885165.5000,-2521
1885165.5625,-1106
1885165.6250,1478
1885165.6875,4066
1885165.7500,5042
1885165.8125,3794
1885165.8750,1144
1885165.9375,-572
1885166.0000,-298
1885166.0625,701
1885166.1250,1777
1885166.1875,2272
1885166.2500,1470
1885166.3125,427
1885166.3750,-89
1885166.4375,-224
1885166.5000,-1215
1885166.5625,-3075
1885166.6250,-3186
1885166.6875,-1226
1885166.7500,-533
1885166.8125,-2578
1885166.8750,-3948
1885166.9375,-2460
1885167.0000,184
1885167.0625,1205
1885167.1250,403
1885167.1875,-2324
1885167.2500,-6006
1885167.3125,-6656
1885167.3750,-3839
1885167.4375,-699
1885167.5000,847
1885167.5625,584
1885167.6250,-1097
1885167.6875,-2471
1885167.7500,-3171
1885167.8125,-2900
1885167.8750,-1480
1885167.9375,-886
1885168.0000,-1691
1885168.0625,-1645
1885168.1250,67
1885168.1875,1306
1885168.2500,578
1885168.3125,-783
1885168.3750,-264
1885168.4375,334
1885168.5000,-949
1885168.5625,-2380
1885168.6250,-2589
1885168.6875,-2477
1885168.7500,-1860
1885168.8125,-300
1885168.8750,1139
1885168.9375,904
1885169.0000,-953
1885169.0625,-2756
1885169.1250,-2769
1885169.1875,-2345
1885169.2500,-3729
1885169.3125,-5203
1885169.3750,-4261
1885169.4375,-2484
1885169.5000,-2393
1885169.5625,-3099
1885169.6250,-3087
1885169.6875,-2642
1885169.7500,-1892
1885169.8125,-447
1885169.8750,233
1885169.9375,-1194
1885170.0000,-3300
1885170.0625,-3256
1885170.1250,-1647
1885170.1875,-1180
1885170.2500,-1385
1885170.3125,-282
1885170.3750,1165
1885170.4375,1460
1885170.5000,807
1885170.5625,-592
1885170.6250,-1629
1885170.6875,-1280
1885170.7500,-202
1885170.8125,495
1885170.8750,-520
1885170.9375,-3119
1885171.0000,-4080
1885171.0625,-1672
1885171.1250,1685
1885171.1875,2489
1885171.2500,-315
1885171.3125,-3582
1885171.3750,-4346
1885171.4375,-2245
1885171.5000,-1050
1885171.5625,-1337
1885171.6250,-3181
1885171.6875,-4194
1885171.7500,-2484
1885171.8125,369
1885171.8750,1157
1885171.9375,-2244
1885172.0000,-4987
1885172.0625,-4454
1885172.1250,-2435
1885172.1875,-1094
1885172.2500,-2530
1885172.3125,-5348
1885172.3750,-5252
1885172.4375,-1996
1885172.5000,-522
1885172.5625,-2433
1885172.6250,-3894
1885172.6875,-3709
1885172.7500,-1740
1885172.8125,-120
1885172.8750,-1318
1885172.9375,-2792
1885173.0000,-2242
1885173.0625,-656
1885173.1250,231
1885173.1875,-1002
1885173.2500,-2788
1885173.3125,-3084
1885173.3750,-1447
1885173.4375,1276
1885173.5000,2728
1885173.5625,1224
1885173.6250,-1237
1885173.6875,-2277
1885173.7500,-299
1885173.8125,1413
1885173.8750,-36
1885173.9375,-3025
1885174.0000,-3300
1885174.0625,-1408
1885174.1250,-1070
1885174.1875,-2231
1885174.2500,-3957
1885174.3125,-4597
1885174.3750,-3648
1885174.4375,-2403
1885174.5000,-1736
1885174.5625,-1962
1885174.6250,-2882
1885174.6875,-2841
1885174.7500,-1813
1885174.8125,-1477
1885174.8750,-3666
1885174.9375,-5035
1885175.0000,-3544
1885175.0625,-1799
1885175.1250,-2314
1885175.1875,-3820
1885175.2500,-4956
1885175.3125,-5902
1885175.3750,-4626
1885175.4375,-2170
1885175.5000,-1784
1885175.5625,-4574
1885175.6250,-6779
1885175.6875,-5486
1885175.7500,-1904
1885175.8125,-512
1885175.8750,-2366
1885175.9375,-4333
1885176.0000,-4395
1885176.0625,-4180
1885176.1250,-5193
1885176.1875,-7488
1885176.2500,-8558
1885176.3125,-7419
1885176.3750,-5343
1885176.4375,-3983
1885176.5000,-5471
1885176.5625,-8130
1885176.6250,-8245
1885176.6875,-6098
1885176.7500,-4747
1885176.8125,-5114
1885176.8750,-6815
1885176.9375,-7246
1885177.0000,-5613
1885177.0625,-2980
1885177.1250,-1893
1885177.1875,-3227
1885177.2500,-5413
1885177.3125,-5942
1885177.3750,-4618
1885177.4375,-3319
1885177.5000,-3331
1885177.5625,-3945
1885177.6250,-3359
1885177.6875,-1285
1885177.7500,491
1885177.8125,-27
1885177.8750,-1656
1885177.9375,-2356
1885186.0000,-3626
1885186.0625,-5979
1885186.1250,-7419
1885186.1875,-6945
1885186.2500,-5694
1885186.3125,-5214
1885186.3750,-6302
1885186.4375,-7949
1885186.5000,-7743
1885186.5625,-5367
1885186.6250,-2846
1885186.6875,-2237
1885186.7500,-3607
1885186.8125,-4380
1885186.8750,-3003
1885186.9375,-1443
1885187.0000,-1589
1885187.0625,-2141
1885187.1250,-2256
1885187.1875,-3081
1885187.2500,-4311
1885187.3125,-4598
1885187.3750,-3716
1885187.4375,-2490
1885187.5000,-1341
1885187.5625,-675
1885187.6250,-1107
1885187.6875,-2375
1885187.7500,-3644
1885187.8125,-3296
1885187.8750,-1671
1885187.9375,-1319
1885188.0000,-3005
1885188.0625,-4460
1885188.1250,-3399
1885188.1875,-436
1885188.2500,1528
1885188.3125,765
1885188.3750,-1824
1885188.4375,-3640
1885188.5000,-3545
1885188.5625,-2900
1885188.6250,-2653
1885188.6875,-2609
1885188.7500,-2470
1885188.8125,-1933
1885188.8750,-1384
1885188.9375,-917
1885189.0000,-116
1885189.0625,539
1885189.1250,182
1885189.1875,-451
1885189.2500,-747
1885189.3125,-1595
1885189.3750,-2044
1885189.4375,-508
1885189.5000,1768
1885189.5625,2357
1885189.6250,532
1885189.6875,-1654
1885189.7500,-2235
1885189.8125,-654
1885189.8750,1995
1885189.9375,2811
1885190.0000,536
1885190.0625,-2078
1885190.1250,-1982
1885190.1875,-199
1885190.2500,190
1885190.3125,-1475
1885190.3750,-3089
1885190.4375,-2335
1885190.5000,-132
1885190.5625,371
1885190.6250,-1451
1885190.6875,-2847
1885190.7500,-1985
1885190.8125,-908
1885190.8750,-1336
1885190.9375,-2850
1885191.0000,-3932
1885191.0625,-3080
1885191.1250,-500
1885191.1875,1063
1885191.2500,508
1885191.3125,-58
1885191.3750,280
1885191.4375,866
1885191.5000,1506
1885191.5625,2141
1885191.6250,1238
1885191.6875,-393
1885191.7500,-29
1885191.8125,2172
1885191.8750,3790
1885191.9375,3303
1885192.0000,1973
1885192.0625,2526
1885192.1250,4925
1885192.1875,5776
1885192.2500,3648
1885192.3125,682
1885192.3750,-481
1885192.4375,726
1885192.5000,2168
1885192.5625,2021
1885192.6250,1107
1885192.6875,802
1885192.7500,1617
1885192.8125,2548
1885192.8750,2704
1885192.9375,1865
1885193.0000,48
1885193.0625,-2491
1885193.1250,-4911
1885193.1875,-5898
1885193.2500,-5014
1885193.3125,-3388
1885193.3750,-2186
1885193.4375,-1228
1885193.5000,-212
1885193.5625,803
1885193.6250,1839
1885193.6875,3628
1885193.7500,5026
1885193.8125,4189
1885193.8750,1422
1885193.9375,-855
1885234.0000,7904
1885234.0625,6802
1885234.1250,5866
1885234.1875,5306
1885234.2500,4821
1885234.3125,5317
1885234.3750,6578
1885234.4375,7530
1885234.5000,7758
1885234.5625,7393
1885234.6250,7081
1885234.6875,7220
1885234.7500,6547
1885234.8125,4530
1885234.8750,2143
1885234.9375,727
1885235.0000,965
1885235.0625,2580
1885235.1250,3986
1885235.1875,4289
1885235.2500,4023
1885235.3125,4083
1885235.3750,4365
1885235.4375,3908
1885235.5000,2546
1885235.5625,813
1885235.6250,-466
1885235.6875,-431
1885235.7500,1693
1885235.8125,4878
1885235.8750,6029
1885235.9375,4492
1885236.0000,2947
1885236.0625,3000
1885236.1250,4214
1885236.1875,5330
1885236.2500,5878
1885236.3125,5818
1885236.3750,5255
1885236.4375,4125
1885236.5000,2840
1885236.5625,2307
1885236.6250,2262
1885236.6875,2848
1885236.7500,4028
1885236.8125,3977
1885236.8750,3736
1885236.9375,4466
1885237.0000,4374
1885237.0625,3071
1885237.1250,3225
1885237.1875,2623
1885237.2500,2046
1885237.3125,2544
1885237.3750,3793
1885237.4375,3432
1885237.5000,2070
1885237.5625,-1365
1885237.6250,-5754
1885237.6875,-5353
1885237.7500,1445
1885237.8125,7047
1885237.8750,5546
1885237.9375,-273
1885238.0000,-5744
1885238.0625,-7442
1885238.1250,-5801
1885238.1875,-2515
1885238.2500,1159
1885238.3125,3808
1885238.3750,2257
1885238.4375,-1627
1885238.5000,-4023
1885238.5625,-2716
1885238.6250,824
1885238.6875,2504
1885238.7500,2667
1885238.8125,3059
1885238.8750,2259
1885238.9375,1594
1885239.0000,2749
1885239.0625,3053
1885239.1250,1578
1885239.1875,549
1885239.2500,506
1885239.3125,1450
1885239.3750,100
1885239.4375,-2574
1885239.5000,-3274
1885239.5625,-3229
1885239.6250,-2462
1885239.6875,-31
1885239.7500,-422
1885239.8125,-3962
1885239.8750,-4912
1885239.9375,-4618
1885240.0000,-4898
1885240.0625,-4166
1885240.1250,-4530
1885240.1875,-5579
1885240.2500,-4786
1885240.3125,-3802
1885240.3750,-2396
1885240.4375,612
1885240.5000,1961
1885240.5625,436
1885240.6250,-2084
1885240.6875,-5033
1885240.7500,-6936
1885240.8125,-5498
1885240.8750,-2386
1885240.9375,411
1885241.0000,1676
1885241.0625,2464
1885241.1250,3739
1885241.1875,4488
1885241.2500,4454
1885241.3125,4195
1885241.3750,2983
1885241.4375,1947
1885241.5000,2198
1885241.5625,2422
1885241.6250,1860
1885241.6875,1289
1885241.7500,783
1885241.8125,207
1885241.8750,-20
1885241.9375,70
1885242.0000,-855
1885242.0625,-2693
1885242.1250,-2898
1885242.1875,-1837
1885242.2500,-1283
1885242.3125,-1585
1885242.3750,-1726
1885242.4375,-1560
1885242.5000,-1865
1885242.5625,-4251
1885242.6250,-6809
1885242.6875,-6113
1885242.7500,-2381
1885242.8125,1279
1885242.8750,2556
1885242.9375,1511
1885243.0000,-444
1885243.0625,-1214
1885243.1250,-946
1885243.1875,-714
1885243.2500,-2064
1885243.3125,-3722
1885243.3750,-3191
1885243.4375,-427
1885243.5000,2381
1885243.5625,3809
1885243.6250,3773
1885243.6875,2555
1885243.7500,966
1885243.8125,-422
1885243.8750,-2421
1885243.9375,-4761
1885244.0000,-6194
1885244.0625,-5679
1885244.1250,-2818
1885244.1875,380
1885244.2500,1920
1885244.3125,1805
1885244.3750,839
1885244.4375,-388
1885244.5000,-1392
1885244.5625,-1977
1885244.6250,-2483
1885244.6875,-3434
1885244.7500,-3978
1885244.8125,-4286
1885244.8750,-4844
1885244.9375,-5173
1885245.0000,-4864
1885245.0625,-3438
1885245.1250,-1029
1885245.1875,-11
1885245.2500,-359
1885245.3125,3
1885245.3750,719
1885245.4375,1007
1885245.5000,1338
1885245.5625,1398
1885245.6250,602
1885245.6875,-401
1885245.7500,-760
1885245.8125,-200
1885245.8750,279
1885245.9375,-303
1885246.0000,-1346
1885246.0625,-1472
1885246.1250,-708
1885246.1875,-309
1885246.2500,-838
1885246.3125,-2116
1885246.3750,-2630
1885246.4375,-2722
1885246.5000,-3512
1885246.5625,-3503
1885246.6250,-3475
1885246.6875,-3837
1885246.7500,-3342
1885246.8125,-1929
1885246.8750,-2120
1885246.9375,-3202
1885247.0000,-3319
1885247.0625,-3029
1885247.1250,-2922
1885247.1875,-4400
1885247.2500,-4436
1885247.3125,-3337
1885247.3750,-2478
1885247.4375,-2823
1885247.5000,-4467
1885247.5625,-5642
1885247.6250,-5044
1885247.6875,-3729
1885247.7500,-1963
1885247.8125,470
1885247.8750,2338
1885247.9375,682
1885248.0000,-1117
1885248.0625,-1122
1885248.1250,568
1885248.1875,1000
1885248.2500,-1163
1885248.3125,-4258
1885248.3750,-4568
1885248.4375,-2361
1885248.5000,-237
1885248.5625,-461
1885248.6250,-783
1885248.6875,92
1885248.7500,1219
1885248.8125,967
1885248.8750,-963
1885248.9375,-3358
1885249.0000,-4190
1885249.0625,-4513
1885249.1250,-5085
1885249.1875,-6547
1885249.2500,-7693
1885249.3125,-6532
1885249.3750,-3264
1885249.4375,-961
1885249.5000,-2869
1885249.5625,-5878
1885249.6250,-6420
1885249.6875,-4445
1885249.7500,-2654
1885249.8125,-3884
1885249.8750,-6879
1885249.9375,-7285
1885250.0000,-5321
1885250.0625,-3594
1885250.1250,-3663
1885250.1875,-4308
1885250.2500,-5971
1885250.3125,-6510
1885250.3750,-4169
1885250.4375,-1861
1885250.5000,-1765
1885250.5625,-3345
1885250.6250,-3508
1885250.6875,-2355
1885250.7500,-1361
1885250.8125,-2239
1885250.8750,-3705
1885250.9375,-4410
1885251.0000,-3393
1885251.0625,-2571
1885251.1250,-3672
1885251.1875,-5622
1885251.2500,-6667
1885251.3125,-5867
1885251.3750,-4548
1885251.4375,-5580
1885251.5000,-8403
1885251.5625,-10392
1885251.6250,-8888
1885251.6875,-4811
1885251.7500,-3032
1885251.8125,-5268
1885251.8750,-8225
1885251.9375,-7796
1885252.0000,-3879
1885252.0625,-964
1885252.1250,-3295
1885252.1875,-7974
1885252.2500,-10463
1885252.3125,-8784
1885252.3750,-5683
1885252.4375,-4611
1885252.5000,-6427
1885252.5625,-7496
1885252.6250,-4223
1885252.6875,495
1885252.7500,1097
1885252.8125,-2741
1885252.8750,-6233
1885252.9375,-5779
1885253.0000,-2644
1885253.0625,-683
1885253.1250,-1542
1885253.1875,-3635
1885253.2500,-3289
1885253.3125,-314
1885253.3750,822
1885253.4375,-1342
1885253.5000,-4810
1885253.5625,-6563
1885253.6250,-4611
1885253.6875,-1905
1885253.7500,-2170
1885253.8125,-4392
1885253.8750,-6193
1885253.9375,-6258
1885254.0000,-4766
1885254.0625,-3417
1885254.1250,-4362
1885254.1875,-6453
1885254.2500,-7072
1885254.3125,-5728
1885254.3750,-4393
1885254.4375,-4446
1885254.5000,-5611
1885254.5625,-6813
1885254.6250,-6631
1885254.6875,-5496
1885254.7500,-5114
1885254.8125,-5516
1885254.8750,-5201
1885254.9375,-4253
1885255.0000,-3137
1885255.0625,-2898
1885255.1250,-4261
1885255.1875,-5822
1885255.2500,-6328
1885255.3125,-5939
1885255.3750,-6018
1885255.4375,-6732
1885255.5000,-7069
1885255.5625,-5702
1885255.6250,-3572
1885255.6875,-3208
1885255.7500,-5328
1885255.8125,-7548
1885255.8750,-7635
1885255.9375,-5793
1885256.0000,-4533
1885256.0625,-5371
1885256.1250,-7129
1885256.1875,-8510
1885256.2500,-8413
1885256.3125,-6528
1885256.3750,-5522
1885256.4375,-6760
1885256.5000,-8407
1885256.5625,-8611
1885256.6250,-7448
1885256.6875,-6075
1885256.7500,-5429
1885256.8125,-5116
1885256.8750,-5004
1885256.9375,-5590
1885257.0000,-6268
1885257.0625,-5997
1885257.1250,-4847
1885257.1875,-3004
1885257.2500,-979
1885257.3125,-216
1885257.3750,-1842
1885257.4375,-4605
1885257.5000,-5420
1885257.5625,-3393
1885257.6250,-935
1885257.6875,-500
1885257.7500,-2358
1885257.8125,-4352
1885257.8750,-4125
1885257.9375,-2517
1885258.0000,-2175
1885258.0625,-3997
1885258.1250,-6145
1885258.1875,-6010
1885258.2500,-3948
1885258.3125,-2220
1885258.3750,-2009
1885258.4375,-3156
1885258.5000,-4359
1885258.5625,-4671
1885258.6250,-4273
1885258.6875,-4247
1885258.7500,-4909
1885258.8125,-5681
1885258.8750,-5370
1885258.9375,-4939
1885259.0000,-4680
1885259.0625,-4491
1885259.1250,-4230
1885259.1875,-3873
1885259.2500,-3464
1885259.3125,-3516
1885259.3750,-3956
1885259.4375,-3788
1885259.5000,-3119
1885259.5625,-2710
1885259.6250,-3112
1885259.6875,-3993
1885259.7500,-4503
1885259.8125,-4105
1885259.8750,-4380
1885259.9375,-5675
1885260.0000,-6387
1885260.0625,-5244
1885260.1250,-3456
1885260.1875,-2308
1885260.2500,-2192
1885260.3125,-3301
1885260.3750,-4784
1885260.4375,-4886
1885260.5000,-3293
1885260.5625,-1294
1885260.6250,-235
1885260.6875,-1408
1885260.7500,-4397
1885260.8125,-5991
1885260.8750,-4173
1885260.9375,-1738
1885261.0000,-1488
1885261.0625,-3010
1885261.1250,-4724
1885261.1875,-5606
1885261.2500,-5326
1885261.3125,-5083
1885261.3750,-4324
1885261.4375,-2119
1885261.5000,-693
1885261.5625,-2456
1885261.6250,-5738
1885261.6875,-6769
1885261.7500,-4270
1885261.8125,-1370
1885261.8750,-1302
1885261.9375,-3151
1885262.0000,-4293
1885262.0625,-3480
1885262.1250,-1394
1885262.1875,-373
1885262.2500,-1303
1885262.3125,-2681
1885262.3750,-3374
1885262.4375,-3531
1885262.5000,-3150
1885262.5625,-2709
1885262.6250,-2041
1885262.6875,-1633
1885262.7500,-1714
1885262.8125,-1313
1885262.8750,-1265
1885262.9375,-2440
1885263.0000,-3335
1885263.0625,-3388
1885263.1250,-3095
1885263.1875,-3047
1885263.2500,-4232
1885263.3125,-6042
1885263.3750,-5924
1885263.4375,-4330
1885263.5000,-3279
1885263.5625,-2600
1885263.6250,-1612
1885263.6875,-1170
1885263.7500,-1500
1885263.8125,-2209
1885263.8750,-3264
1885263.9375,-3975
1885264.0000,-3772
1885264.0625,-2910
1885264.1250,-1826
1885264.1875,-834
1885264.2500,-401
1885264.3125,-488
1885264.3750,-599
1885264.4375,-342
1885264.5000,134
1885264.5625,4
1885264.6250,-512
1885264.6875,-588
1885264.7500,514
1885264.8125,1881
1885264.8750,2524
1885264.9375,2743
1885265.0000,2742
1885265.0625,2961
1885265.1250,3365
1885265.1875,3453
1885265.2500,3402
1885265.3125,3122
1885265.3750,2287
1885265.4375,1290
1885265.5000,790
1885265.5625,593
1885265.6250,501
1885265.6875,310
1885265.7500,-842
1885265.8125,-2399
1885265.8750,-2527
1885265.9375,-1150
1885266.0000,-266
1885266.0625,-953
1885266.1250,-2592
1885266.1875,-3960
1885266.2500,-4098
1885266.3125,-3191
1885266.3750,-1998
1885266.4375,-1276
1885266.5000,-1046
1885266.5625,-1046
1885266.6250,-1188
1885266.6875,-637
1885266.7500,633
1885266.8125,1597
1885266.8750,1471
1885266.9375,821
1885267.0000,390
1885267.0625,697
1885267.1250,1341
1885267.1875,1848
1885267.2500,2617
1885267.3125,3449
1885267.3750,3351
1885267.4375,2431
1885267.5000,2408
1885267.5625,3564
1885267.6250,4867
1885267.6875,4526
1885267.7500,2853
1885267.8125,1865
1885267.8750,2077
1885267.9375,2984
1885268.0000,3601
1885268.0625,3542
1885268.1250,3301
1885268.1875,3210
1885268.2500,3336
1885268.3125,3571
1885268.3750,3513
1885268.4375,2604
1885268.5000,1423
1885268.5625,1023
1885268.6250,1007
1885268.6875,860
1885268.7500,892
1885268.8125,976
1885268.8750,1367
1885268.9375,2696
1885269.0000,3621
1885269.0625,3109
1885269.1250,2665
1885269.1875,3432
1885269.2500,4837
1885269.3125,5109
1885269.3750,3273
1885269.4375,1396
1885269.5000,1845
1885269.5625,3720
1885269.6250,4898
1885269.6875,5213
1885269.7500,4497
1885269.8125,3468
1885269.8750,3272
1885269.9375,3853
1885270.0000,4551
1885270.0625,4831
1885270.1250,4759
1885270.1875,4955
1885270.2500,4766
1885270.3125,4032
1885270.3750,3107
1885270.4375,2466
1885270.5000,3094
1885270.5625,4585
1885270.6250,5568
1885270.6875,4732
1885270.7500,2389
1885270.8125,934
1885270.8750,1966
1885270.9375,3580
1885271.0000,3635
1885271.0625,2449
1885271.1250,1222
1885271.1875,944
1885271.2500,2117
1885271.3125,3568
1885271.3750,4042
1885271.4375,4188
1885271.5000,4311
1885271.5625,3679
1885271.6250,2381
1885271.6875,1969
1885271.7500,3268
1885271.8125,4666
1885271.8750,4507
1885271.9375,3732
1885272.0000,3965
1885272.0625,5254
1885272.1250,6630
1885272.1875,8177
1885272.2500,9397
1885272.3125,8842
1885272.3750,6907
1885272.4375,5229
1885272.5000,4798
1885272.5625,4981
1885272.6250,4898
1885272.6875,4243
1885272.7500,3747
1885272.8125,4170
1885272.8750,4667
1885272.9375,4479
1885273.0000,4376
1885273.0625,4250
1885273.1250,2787
1885273.1875,687
1885273.2500,-707
1885273.3125,-333
1885273.3750,1132
1885273.4375,1685
1885273.5000,1372
1885273.5625,1637
1885273.6250,3382
1885273.6875,5415
1885273.7500,5940
1885273.8125,5326
1885273.8750,5283
1885273.9375,5155
1885274.0000,4185
1885274.0625,3277
1885274.1250,3499
1885274.1875,4522
1885274.2500,5469
1885274.3125,6009
1885274.3750,5605
1885274.4375,5256
1885274.5000,6207
1885274.5625,6948
1885274.6250,7280
1885274.6875,6604
1885274.7500,3628
1885274.8125,247
1885274.8750,769
1885274.9375,2381
1885275.0000,2358
1885275.0625,1309
1885275.1250,1574
1885275.1875,2908
1885275.2500,4141
1885275.3125,2642
1885275.3750,-795
1885275.4375,-1156
1885275.5000,2448
1885275.5625,5875
1885275.6250,5186
1885275.6875,1002
1885275.7500,-3977
1885275.8125,-5964
1885275.8750,-4459
1885275.9375,-1237
1885276.0000,2214
1885276.0625,5078
1885276.1250,4558
1885276.1875,1536
1885276.2500,-516
1885276.3125,-305
1885276.3750,1787
1885276.4375,3656
1885276.5000,3358
1885276.5625,1811
1885276.6250,520
1885276.6875,680
1885276.7500,2944
1885276.8125,3972
1885276.8750,1640
1885276.9375,-934
1885277.0000,-353
1885277.0625,3337
1885277.1250,5128
1885277.1875,3235
1885277.2500,1636
1885277.3125,580
1885277.3750,-55
1885277.4375,622
1885277.5000,-316
1885277.5625,-3606
1885277.6250,-4718
1885277.6875,-3600
1885277.7500,-2438
1885277.8125,-922
1885277.8750,-1632
1885277.9375,-3430
1885278.0000,-2374
1885278.0625,-1411
1885278.1250,-1987
1885278.1875,-1177
1885278.2500,-479
1885278.3125,-516
1885278.3750,94
1885278.4375,226
1885278.5000,-1164
1885278.5625,-2593
1885278.6250,-2433
1885278.6875,659
1885278.7500,4645
1885278.8125,5573
1885278.8750,3180
1885278.9375,800
1885279.0000,666
1885279.0625,2445
1885279.1250,3823
1885279.1875,3560
1885279.2500,2677
1885279.3125,2453
1885279.3750,3338
1885279.4375,4390
1885279.5000,4225
1885279.5625,1969
1885279.6250,-283
1885279.6875,-68
1885279.7500,1430
1885279.8125,1853
1885279.8750,1047
1885279.9375,-638
1885280.0000,-1335
1885280.0625,181
1885280.1250,1671
1885280.1875,1130
1885280.2500,-488
1885280.3125,-3478
1885280.3750,-5783
1885280.4375,-4335
1885280.5000,-1327
1885280.5625,72
1885280.6250,63
1885280.6875,564
1885280.7500,1748
1885280.8125,1794
1885280.8750,-406
1885280.9375,-2022
1885281.0000,-1869
1885281.0625,-1100
1885281.1250,-84
1885281.1875,720
1885281.2500,670
1885281.3125,624
1885281.3750,1400
1885281.4375,2687
1885281.5000,3335
1885281.5625,1996
1885281.6250,-32
1885281.6875,-441
1885281.7500,-77
1885281.8125,-523
1885281.8750,-1596
1885281.9375,-1809
1885282.0000,-660
1885282.0625,768
1885282.1250,1662
1885282.1875,1495
1885282.2500,776
1885282.3125,45
1885282.3750,324
1885282.4375,1186
1885282.5000,636
1885282.5625,-2053
1885282.6250,-4123
1885282.6875,-3616
1885282.7500,-1830
1885282.8125,-43
1885282.8750,461
1885282.9375,-946
1885283.0000,-2165
1885283.0625,-1073
1885283.1250,1054
1885283.1875,1639
1885283.2500,-272
1885283.3125,-2636
1885283.3750,-2638
1885283.4375,-751
1885283.5000,372
1885283.5625,239
1885283.6250,-244
1885283.6875,-130
1885283.7500,706
1885283.8125,1837
1885283.8750,1590
1885283.9375,8
1885284.0000,-1227
1885284.0625,-1279
1885284.1250,-549
1885284.1875,313
1885284.2500,-148
1885284.3125,-964
1885284.3750,-354
1885284.4375,168
1885284.5000,-1452
1885284.5625,-3159
1885284.6250,-3556
1885284.6875,-3096
1885284.7500,-3098
1885284.8125,-3701
1885284.8750,-5694
1885284.9375,-6980
1885285.0000,-6422
1885285.0625,-4626
1885285.1250,-3083
1885285.1875,-3354
1885285.2500,-3370
1885285.3125,-3225
1885285.3750,-2189
1885285.4375,-1315
1885285.5000,-2260
1885285.5625,-4124
1885285.6250,-4886
1885285.6875,-4634
1885285.7500,-2398
1885285.8125,2526
1885285.8750,4951
1885285.9375,1293
1885286.0000,-1893
1885286.0625,-872
1885286.1250,2402
1885286.1875,3970
1885286.2500,2308
1885286.3125,-113
1885286.3750,-432
1885286.4375,-223
1885286.5000,-298
1885286.5625,-925
1885286.6250,-2002
1885286.6875,-2809
1885286.7500,-2790
1885286.8125,-1965
1885286.8750,-1332
1885286.9375,-2472
1885287.0000,-3835
1885287.0625,-3806
1885287.1250,-2531
1885287.1875,-1973
1885287.2500,-3378
1885287.3125,-5262
1885287.3750,-3496
1885287.4375,207
1885287.5000,-67
1885287.5625,-3943
1885287.6250,-7039
1885287.6875,-6746
1885287.7500,-4029
1885287.8125,-2508
1885287.8750,-3841
1885287.9375,-5673
1885288.0000,-6108
1885288.0625,-4676
1885288.1250,-2792
1885288.1875,-2936
1885288.2500,-7065
1885288.3125,-9976
1885288.3750,-7613
1885288.4375,-3029
1885288.5000,-1109
1885288.5625,-2382
1885288.6250,-3395
1885288.6875,-2843
1885288.7500,-1309
1885288.8125,-907
1885288.8750,-2832
1885288.9375,-6127
1885289.0000,-7516
1885289.0625,-5735
1885289.1250,-3135
1885289.1875,-2964
1885289.2500,-5454
1885289.3125,-6940
1885289.3750,-5164
1885289.4375,-2981
1885289.5000,-3020
1885289.5625,-5892
1885289.6250,-7911
1885289.6875,-6204
1885289.7500,-2559
1885289.8125,-1052
1885289.8750,-3213
1885289.9375,-5703
1885290.0000,-4614
1885290.0625,-1337
1885290.1250,-221
1885290.1875,-2386
1885290.2500,-6091
1885290.3125,-7670
1885290.3750,-5142
1885290.4375,-394
1885290.5000,1649
1885290.5625,-799
1885290.6250,-4315
1885290.6875,-3627
1885290.7500,-850
1885290.8125,-879
1885290.8750,-3836
1885290.9375,-6915
1885291.0000,-6557
1885291.0625,-2493
1885291.1250,-71
1885291.1875,-1456
1885291.2500,-3727
1885291.3125,-4528
1885291.3750,-3697
1885291.4375,-3401
1885291.5000,-5350
1885291.5625,-7205
1885291.6250,-6349
1885291.6875,-2923
1885291.7500,182
1885291.8125,-764
1885291.8750,-4488
1885291.9375,-6213
1885292.0000,-4940
1885292.0625,-3876
1885292.1250,-5023
1885292.1875,-7612
1885292.2500,-9513
1885292.3125,-8557
1885292.3750,-4957
1885292.4375,-1889
1885292.5000,-2005
1885292.5625,-4539
1885292.6250,-6526
1885292.6875,-6502
1885292.7500,-5706
1885292.8125,-5802
1885292.8750,-5859
1885292.9375,-4745
1885293.0000,-3668
1885293.0625,-3763
1885293.1250,-4896
1885293.1875,-5880
1885293.2500,-5203
1885293.3125,-3905
1885293.3750,-4740
1885293.4375,-7442
1885293.5000,-9655
1885293.5625,-9253
1885293.6250,-5559
1885293.6875,-1570
1885293.7500,-1165
1885293.8125,-4456
1885293.8750,-7867
1885293.9375,-8564
1885294.0000,-7128
1885294.0625,-6015
1885294.1250,-5798
1885294.1875,-5781
1885294.2500,-5295
1885294.3125,-4424
1885294.3750,-4284
1885294.4375,-5248
1885294.5000,-6402
1885294.5625,-6849
1885294.6250,-6545
1885294.6875,-6656
1885294.7500,-7972
1885294.8125,-8984
1885294.8750,-7126
1885294.9375,-3299
1885295.0000,-1152
1885295.0625,-2451
1885295.1250,-5123
1885295.1875,-5593
1885295.2500,-3691
1885295.3125,-2286
1885295.3750,-3383
1885295.4375,-5847
1885295.5000,-6624
1885295.5625,-5068
1885295.6250,-2969
1885295.6875,-1908
1885295.7500,-2303
1885295.8125,-3162
1885295.8750,-2511
1885295.9375,-912
1885296.0000,-826
1885296.0625,-2659
1885296.1250,-4307
1885296.1875,-4632
1885296.2500,-3232
1885296.3125,-1810
1885296.3750,-2300
1885296.4375,-3386
1885296.5000,-2517
1885296.5625,-526
1885296.6250,90
1885296.6875,-1662
1885296.7500,-4911
1885296.8125,-7005
1885296.8750,-5790
1885296.9375,-2547
1885297.0000,-518
1885297.0625,-1340
1885297.1250,-2893
1885297.1875,-2855
1885297.2500,-1340
1885297.3125,-795
1885297.3750,-1492
1885297.4375,-2213
1885297.5000,-2738
1885297.5625,-2734
1885297.6250,-2698
1885297.6875,-3301
1885297.7500,-3785
1885297.8125,-3183
1885297.8750,-1936
1885297.9375,-1183
1885298.0000,-2192
1885298.0625,-4990
1885298.1250,-6818
1885298.1875,-4892
1885298.2500,-1489
1885298.3125,-290
1885298.3750,-1833
1885298.4375,-4023
1885298.5000,-5316
1885298.5625,-4960
1885298.6250,-4001
1885298.6875,-3474
1885298.7500,-3576
1885298.8125,-4035
1885298.8750,-4627
1885298.9375,-5192
1885299.0000,-6043
1885299.0625,-6937
1885299.1250,-6691
1885299.1875,-5043
1885299.2500,-3080
1885299.3125,-2322
1885299.3750,-2918
1885299.4375,-3672
1885299.5000,-2958
1885299.5625,-1552
1885299.6250,-1576
1885299.6875,-3045
1885299.7500,-4188
1885299.8125,-3941
1885299.8750,-2173
1885299.9375,79
1885300.0000,220
1885300.0625,-1654
1885300.1250,-2435
1885300.1875,-1334
1885300.2500,-294
1885300.3125,-122
1885300.3750,-525
1885300.4375,-984
1885300.5000,-202
1885300.5625,1326
1885300.6250,2176
1885300.6875,2785
1885300.7500,3281
1885300.8125,2983
1885300.8750,2218
1885300.9375,1043
1885301.0000,-652
1885301.0625,-1420
1885301.1250,-825
1885301.1875,-552
1885301.2500,-1345
1885301.3125,-2138
1885301.3750,-2242
1885301.4375,-1967
1885301.5000,-1327
1885301.5625,-1341
1885301.6250,-2238
1885301.6875,-3038
1885301.7500,-3016
1885301.8125,-2889
1885301.8750,-2745
1885301.9375,-2599
1885302.0000,-2145
1885302.0625,-850
1885302.1250,1095
1885302.1875,2145
1885302.2500,1587
1885302.3125,186
1885302.3750,-869
1885302.4375,-979
1885302.5000,-850
1885302.5625,-955
1885302.6250,-971
1885302.6875,-325
1885302.7500,1386
1885302.8125,3311
1885302.8750,3970
1885302.9375,2698
1885303.0000,1167
1885303.0625,873
1885303.1250,1120
1885303.1875,961
1885303.2500,173
1885303.3125,-334
1885303.3750,556
1885303.4375,1993
1885303.5000,2127
1885303.5625,1201
1885303.6250,410
1885303.6875,289
1885303.7500,833
1885303.8125,1166
1885303.8750,530
1885303.9375,-669
1885304.0000,-496
1885304.0625,1401
1885304.1250,2657
1885304.1875,1662
1885304.2500,-419
1885304.3125,-1198
1885304.3750,455
1885304.4375,2737
1885304.5000,3256
1885304.5625,2473
1885304.6250,2024
1885304.6875,2486
1885304.7500,3516
1885304.8125,3749
1885304.8750,2347
1885304.9375,613
1885305.0000,745
1885305.0625,2246
1885305.1250,3575
1885305.1875,3728
1885305.2500,3223
1885305.3125,3584
1885305.3750,5255
1885305.4375,6213
1885305.5000,4420
1885305.5625,1284
1885305.6250,-170
1885305.6875,1107
1885305.7500,3553
1885305.8125,4403
1885305.8750,2526
1885305.9375,189
1885306.0000,515
1885306.0625,3013
1885306.1250,4748
1885306.1875,3209
1885306.2500,-100
1885306.3125,-1444
1885306.3750,-317
1885306.4375,930
1885306.5000,1006
1885306.5625,343
1885306.6250,-478
1885306.6875,301
1885306.7500,2862
1885306.8125,4804
1885306.8750,4859
1885306.9375,4510
1885307.0000,5462
1885307.0625,6957
1885307.1250,6722
1885307.1875,4596
1885307.2500,3935
1885307.3125,6151
1885307.3750,9230
1885307.4375,9747
1885307.5000,6821
1885307.5625,4087
1885307.6250,4793
1885307.6875,7641
1885307.7500,9315
1885307.8125,8289
1885307.8750,5372
1885307.9375,3527
1885308.0000,4558
1885308.0625,6182
1885308.1250,5583
1885308.1875,3944
1885308.2500,3160
1885308.3125,3520
1885308.3750,4324
1885308.4375,4832
1885308.5000,4468
1885308.5625,4444
1885308.6250,5632
1885308.6875,6634
1885308.7500,5349
1885308.8125,1998
1885308.8750,-908
1885308.9375,-242
1885309.0000,3286
1885309.0625,6048
1885309.1250,6225
1885309.1875,4960
1885309.2500,4238
1885309.3125,4903
1885309.3750,5865
1885309.4375,6249
1885309.5000,5742
1885309.5625,4703
1885309.6250,3922
1885309.6875,4457
1885309.7500,6110
1885309.8125,7322
1885309.8750,7687
1885309.9375,8260
1885310.0000,8274
1885310.0625,6702
1885310.1250,4805
1885310.1875,4303
1885310.2500,5564
1885310.3125,6645
1885310.3750,6296
1885310.4375,5276
1885310.5000,4839
1885310.5625,5412
1885310.6250,6673
1885310.6875,7114
1885310.7500,5881
1885310.8125,3502
1885310.8750,1092
1885310.9375,4
1885311.0000,642
1885311.0625,1690
1885311.1250,2045
1885311.1875,1825
1885311.2500,1323
1885311.3125,1785
1885311.3750,3497
1885311.4375,4463
1885311.5000,3945
1885311.5625,3384
1885311.6250,4010
1885311.6875,5477
1885311.7500,6248
1885311.8125,6402
1885311.8750,6498
1885311.9375,6286
1885312.0000,6275
1885312.0625,6723
1885312.1250,6514
1885312.1875,5655
1885312.2500,5370
1885312.3125,5588
1885312.3750,5321
1885312.4375,3982
1885312.5000,2355
1885312.5625,1631
1885312.6250,1457
1885312.6875,1323
1885312.7500,2268
1885312.8125,4069
1885312.8750,5446
1885312.9375,4930
1885313.0000,2005
1885313.0625,-1375
1885313.1250,-2437
1885313.1875,-2124
1885313.2500,-288
1885313.3125,1368
1885313.3750,1569
1885313.4375,-36
1885313.5000,-953
1885313.5625,-1648
1885313.6250,-2744
1885313.6875,-1728
1885313.7500,2638
1885313.8125,5599
1885313.8750,4636
1885313.9375,2098
1885338.0000,2203
1885338.0625,1608
1885338.1250,201
1885338.1875,-1060
1885338.2500,-303
1885338.3125,1850
1885338.3750,1507
1885338.4375,-361
1885338.5000,-227
1885338.5625,1451
1885338.6250,2478
1885338.6875,2242
1885338.7500,763
1885338.8125,-959
1885338.8750,-2135
1885338.9375,-2597
1885339.0000,-2192
1885339.0625,-844
1885339.1250,337
1885339.1875,-256
1885339.2500,-2044
1885339.3125,-3112
1885339.3750,-3520
1885339.4375,-3917
1885339.5000,-3852
1885339.5625,-3215
1885339.6250,-2584
1885339.6875,-2075
1885339.7500,-1176
1885339.8125,272
1885339.8750,1215
1885339.9375,1088
1885340.0000,347
1885340.0625,-1412
1885340.1250,-3295
1885340.1875,-3186
1885340.2500,-979
1885340.3125,953
1885340.3750,1802
1885340.4375,1813
1885340.5000,1721
1885340.5625,2097
1885340.6250,2398
1885340.6875,2450
1885340.7500,1735
1885340.8125,491
1885340.8750,-505
1885340.9375,-340
1885341.0000,507
1885341.0625,834
1885341.1250,457
1885341.1875,402
1885341.2500,1395
1885341.3125,2153
1885341.3750,1602
1885341.4375,559
1885341.5000,115
1885341.5625,1
1885341.6250,-112
1885341.6875,-106
1885341.7500,86
1885341.8125,436
1885341.8750,1245
1885341.9375,2012
1885342.0000,1488
1885342.0625,-415
1885342.1250,-1087
1885342.1875,118
1885342.2500,1053
1885342.3125,843
1885342.3750,82
1885342.4375,-252
1885342.5000,603
1885342.5625,2246
1885342.6250,3535
1885342.6875,3633
1885342.7500,3560
1885342.8125,4302
1885342.8750,5689
1885342.9375,6225
1885343.0000,4512
1885343.0625,1440
1885343.1250,300
1885343.1875,1853
1885343.2500,3976
1885343.3125,3844
1885343.3750,1131
1885343.4375,-1224
1885343.5000,-413
1885343.5625,2085
1885343.6250,3181
1885343.6875,1948
1885343.7500,-160
1885343.8125,-497
1885343.8750,784
1885343.9375,1781
1885344.0000,1083
1885344.0625,-1232
1885344.1250,-2563
1885344.1875,-909
1885344.2500,1505
1885344.3125,2118
1885344.3750,1275
1885344.4375,1455
1885344.5000,2703
1885344.5625,3508
1885344.6250,3538
1885344.6875,3435
1885344.7500,3462
1885344.8125,4152
1885344.8750,5907
1885344.9375,7160
1885345.0000,6602
1885345.0625,5223
1885345.1250,4992
1885345.1875,6629
1885345.2500,8419
1885345.3125,7531
1885345.3750,4732
1885345.4375,3307
1885345.5000,4666
1885345.5625,6917
1885345.6250,7593
1885345.6875,6523
1885345.7500,4806
1885345.8125,3956
1885345.8750,4032
1885345.9375,4103
1885346.0000,3461
1885346.0625,2455
1885346.1250,2434
1885346.1875,3299
1885346.2500,3405
1885346.3125,2158
1885346.3750,728
1885346.4375,366
1885346.5000,2049
1885346.5625,4522
1885346.6250,5204
1885346.6875,3651
1885346.7500,2005
1885346.8125,2572
1885346.8750,5242
1885346.9375,7852
1885347.0000,8390
1885347.0625,6537
1885347.1250,4722
1885347.1875,5478
1885347.2500,7450
1885347.3125,8017
1885347.3750,6432
1885347.4375,4000
1885347.5000,3240
1885347.5625,4545
1885347.6250,5603
1885347.6875,4997
1885347.7500,4097
1885347.8125,4876
1885347.8750,6452
1885347.9375,6864
1885348.0000,5436
1885348.0625,3901
1885348.1250,3874
1885348.1875,5008
1885348.2500,5965
1885348.3125,5567
1885348.3750,4563
1885348.4375,4112
1885348.5000,4311
1885348.5625,4299
1885348.6250,3520
1885348.6875,2364
1885348.7500,1975
1885348.8125,2727
1885348.8750,4041
1885348.9375,4530
1885349.0000,3332
1885349.0625,1581
1885349.1250,1245
1885349.1875,2607
1885349.2500,3539
1885349.3125,2185
1885349.3750,277
1885349.4375,419
1885349.5000,2300
1885349.5625,3700
1885349.6250,3850
1885349.6875,4024
1885349.7500,5096
1885349.8125,6649
1885349.8750,7037
1885349.9375,5790
1885350.0000,3534
1885350.0625,2543
1885350.1250,2943
1885350.1875,4173
1885350.2500,5588
1885350.3125,5327
1885350.3750,2888
1885350.4375,1888
1885350.5000,2835
1885350.5625,4090
1885350.6250,5612
1885350.6875,5791
1885350.7500,4231
1885350.8125,1640
1885350.8750,-1371
1885350.9375,-5270
1885351.0000,-6161
1885351.0625,-494
1885351.1250,7005
1885351.1875,9086
1885351.2500,4739
1885351.3125,-801
1885351.3750,-4944
1885351.4375,-6443
1885351.5000,-4774
1885351.5625,500
1885351.6250,5111
1885351.6875,4614
1885351.7500,716
1885351.8125,-2625
1885351.8750,-4917
1885351.9375,-3337
1885352.0000,1502
1885352.0625,4222
1885352.1250,3375
1885352.1875,897
1885352.2500,-565
1885352.3125,390
1885352.3750,1696
1885352.4375,962
1885352.5000,-1045
1885352.5625,-1437
1885352.6250,160
1885352.6875,1804
1885352.7500,857
1885352.8125,245
1885352.8750,1003
1885352.9375,657
1885353.0000,1660
1885353.0625,4551
1885353.1250,4257
1885353.1875,858
1885353.2500,-1823
1885353.3125,-1848
1885353.3750,906
1885353.4375,2698
1885353.5000,410
1885353.5625,-3017
1885353.6250,-5096
1885353.6875,-5854
1885353.7500,-2604
1885353.8125,2695
1885353.8750,5013
1885353.9375,4163
1885354.0000,894
1885354.0625,-1994
1885354.1250,-1850
1885354.1875,-907
1885354.2500,-181
1885354.3125,2482
1885354.3750,4892
1885354.4375,4657
1885354.5000,3416
1885354.5625,2151
1885354.6250,916
1885354.6875,623
1885354.7500,1085
1885354.8125,1598
1885354.8750,1189
1885354.9375,-310
1885355.0000,-1485
1885355.0625,-458
1885355.1250,1983
1885355.1875,2696
1885355.2500,1652
1885355.3125,23
1885355.3750,-2093
1885355.4375,-2841
1885355.5000,-1958
1885355.5625,-1519
1885355.6250,-1560
1885355.6875,-1057
1885355.7500,481
1885355.8125,1262
1885355.8750,-1145
1885355.9375,-4409
1885356.0000,-3835
1885356.0625,-394
1885356.1250,3310
1885356.1875,4934
1885356.2500,2970
1885356.3125,139
1885356.3750,847
1885356.4375,3028
1885356.5000,4029
1885356.5625,3790
1885356.6250,2509
1885356.6875,2116
1885356.7500,4243
1885356.8125,6041
1885356.8750,4844
1885356.9375,1664
1885357.0000,-600
1885357.0625,430
1885357.1250,4152
1885357.1875,6479
1885357.2500,5093
1885357.3125,1713
1885357.3750,-1147
1885357.4375,-1075
1885357.5000,964
1885357.5625,2165
1885357.6250,1810
1885357.6875,469
1885357.7500,-1548
1885357.8125,-2916
1885357.8750,-3164
1885357.9375,-2806
1885358.0000,-1137
1885358.0625,983
1885358.1250,904
1885358.1875,-1767
1885358.2500,-3783
1885358.3125,-2764
1885358.3750,328
1885358.4375,3311
1885358.5000,3826
1885358.5625,1282
1885358.6250,-1590
1885358.6875,-1016
1885358.7500,2446
1885358.8125,4631
1885358.8750,3418
1885358.9375,774
1885359.0000,-147
1885359.0625,1654
1885359.1250,3811
1885359.1875,3535
1885359.2500,1947
1885359.3125,992
1885359.3750,1781
1885359.4375,3475
1885359.5000,4265
1885359.5625,2851
1885359.6250,1019
1885359.6875,387
1885359.7500,413
1885359.8125,-585
1885359.8750,-1624
1885359.9375,-3157
1885360.0000,-4336
1885360.0625,-3160
1885360.1250,-1664
1885360.1875,-1635
1885360.2500,-2280
1885360.3125,-620
1885360.3750,1318
1885360.4375,1014
1885360.5000,-2026
1885360.5625,-5432
1885360.6250,-6051
1885360.6875,-3199
1885360.7500,-522
1885360.8125,-537
1885360.8750,-1603
1885360.9375,-1246
1885361.0000,-668
1885361.0625,92
1885361.1250,-556
1885361.1875,-2144
1885361.2500,-2865
1885361.3125,-1643
1885361.3750,824
1885361.4375,3397
1885361.5000,2531
1885361.5625,-878
1885361.6250,-2652
1885361.6875,-915
1885361.7500,1183
1885361.8125,730
1885361.8750,-2036
1885361.9375,-3122
1885362.0000,-1742
1885362.0625,-96
1885362.1250,-242
1885362.1875,-1770
1885362.2500,-3893
1885362.3125,-5728
1885362.3750,-5953
1885362.4375,-3455
1885362.5000,-1690
1885362.5625,-3510
1885362.6250,-4545
1885362.6875,-2993
1885362.7500,-1880
1885362.8125,-2337
1885362.8750,-3789
1885362.9375,-4732
1885363.0000,-2505
1885363.0625,878
1885363.1250,1482
1885363.1875,-452
1885363.2500,-2054
1885363.3125,-2851
1885363.3750,-2181
1885363.4375,-625
1885363.5000,-272
1885363.5625,-1036
1885363.6250,-1638
1885363.6875,-756
1885363.7500,-732
1885363.8125,-2342
1885363.8750,-3571
1885363.9375,-2330
1885364.0000,-112
1885364.0625,1191
1885364.1250,476
1885364.1875,-1904
1885364.2500,-3562
1885364.3125,-3273
1885364.3750,-2377
1885364.4375,-3094
1885364.5000,-5503
1885364.5625,-6115
1885364.6250,-4156
1885364.6875,-839
1885364.7500,919
1885364.8125,-1415
1885364.8750,-6005
1885364.9375,-7947
1885365.0000,-5928
1885365.0625,-3461
1885365.1250,-3441
1885365.1875,-5496
1885365.2500,-6308
1885365.3125,-3984
1885365.3750,-1281
1885365.4375,-1311
1885365.5000,-2061
1885365.5625,-2141
1885365.6250,-2239
1885365.6875,-2821
1885365.7500,-3796
1885365.8125,-5072
1885365.8750,-5309
1885365.9375,-3494
1885366.0000,-786
1885366.0625,286
1885366.1250,-1726
1885366.1875,-4173
1885366.2500,-3418
1885366.3125,-65
1885366.3750,2141
1885366.4375,858
1885366.5000,-2526
1885366.5625,-3633
1885366.6250,-1108
1885366.6875,2011
1885366.7500,2599
1885366.8125,22
1885366.8750,-3447
1885366.9375,-4424
1885367.0000,-2353
1885367.0625,-889
1885367.1250,-2080
1885367.1875,-3706
1885367.2500,-3664
1885367.3125,-2642
1885367.3750,-1963
1885367.4375,-2994
1885367.5000,-4372
1885367.5625,-3724
1885367.6250,-2043
1885367.6875,-977
1885367.7500,-1855
1885367.8125,-4255
1885367.8750,-5143
1885367.9375,-3017
1885368.0000,-423
1885368.0625,-690
1885368.1250,-3004
1885368.1875,-4529
1885368.2500,-3463
1885368.3125,-916
1885368.3750,122
1885368.4375,-1583
1885368.5000,-3410
1885368.5625,-3151
1885368.6250,-969
1885368.6875,774
1885368.7500,-92
1885368.8125,-2982
1885368.8750,-4746
1885368.9375,-4542
1885369.0000,-4320
1885369.0625,-5566
1885369.1250,-6994
1885369.1875,-6793
1885369.2500,-5070
1885369.3125,-4008
1885369.3750,-5132
1885369.4375,-6757
1885369.5000,-6373
1885369.5625,-4025
1885369.6250,-1844
1885369.6875,-1768
1885369.7500,-3977
1885369.8125,-6126
1885369.8750,-6169
1885369.9375,-4257
1885370.0000,-2593
1885370.0625,-2407
1885370.1250,-3309
1885370.1875,-3684
1885370.2500,-2150
1885370.3125,-601
1885370.3750,-1250
1885370.4375,-3284
1885370.5000,-4655
1885370.5625,-3910
1885370.6250,-2233
1885370.6875,-2796
1885370.7500,-4710
1885370.8125,-4047
1885370.8750,-622
1885370.9375,2057
1885371.0000,1131
1885371.0625,-1802
1885371.1250,-3075
1885371.1875,-1660
1885371.2500,216
1885371.3125,-394
1885371.3750,-3157
1885371.4375,-4724
1885371.5000,-3567
1885371.5625,-1031
1885371.6250,88
1885371.6875,-873
1885371.7500,-1958
1885371.8125,-1807
1885371.8750,-906
1885371.9375,-854
1885372.0000,-2324
1885372.0625,-4017
1885372.1250,-4525
1885372.1875,-4115
1885372.2500,-3673
1885372.3125,-3930
1885372.3750,-4642
1885372.4375,-3851
1885372.5000,-1259
1885372.5625,240
1885372.6250,-953
1885372.6875,-3977
1885372.7500,-7010
1885372.8125,-6385
1885372.8750,-874
1885372.9375,4013
1885373.0000,4272
1885373.0625,1348
1885373.1250,-1684
1885373.1875,-3939
1885373.2500,-4617
1885373.3125,-4693
1885373.3750,-4074
1885373.4375,-1904
1885373.5000,526
1885373.5625,616
1885373.6250,-1255
1885373.6875,-3260
1885373.7500,-3208
1885373.8125,-1049
1885373.8750,-651
1885373.9375,-3160
1885374.0000,-5884
1885374.0625,-6049
1885374.1250,-3636
1885374.1875,-648
1885374.2500,-28
1885374.3125,-2283
1885374.3750,-4093
1885374.4375,-3879
1885374.5000,-3037
1885374.5625,-3359
1885374.6250,-4148
1885374.6875,-4997
1885374.7500,-5311
1885374.8125,-3479
1885374.8750,-1458
1885374.9375,-1415
1885375.0000,-1704
1885375.0625,-526
1885375.1250,1082
1885375.1875,2600
1885375.2500,2037
1885375.3125,-1739
1885375.3750,-3897
1885375.4375,-2587
1885375.5000,-827
1885375.5625,-8
1885375.6250,7
1885375.6875,-732
1885375.7500,-1027
1885375.8125,-360
1885375.8750,44
1885375.9375,-201
1885376.0000,-673
1885376.0625,-861
1885376.1250,-403
1885376.1875,-122
1885376.2500,-984
1885376.3125,-2161
1885376.3750,-1843
1885376.4375,95
1885376.5000,1259
1885376.5625,269
1885376.6250,-608
1885376.6875,-454
1885376.7500,-556
1885376.8125,-853
1885376.8750,-1405
1885376.9375,-2293
1885377.0000,-2799
1885377.0625,-1713
1885377.1250,20
1885377.1875,-26
1885377.2500,-1734
1885377.3125,-3508
1885377.3750,-3442
1885377.4375,-744
1885377.5000,2429
1885377.5625,3275
1885377.6250,2589
1885377.6875,1562
1885377.7500,485
1885377.8125,321
1885377.8750,881
1885377.9375,1403
1885378.0000,2364
1885378.0625,3580
1885378.1250,3976
1885378.1875,3252
1885378.2500,2383
1885378.3125,2401
1885378.3750,2605
1885378.4375,1633
1885378.5000,-205
1885378.5625,-1717
1885378.6250,-2237
1885378.6875,-1339
1885378.7500,799
1885378.8125,2704
1885378.8750,2741
1885378.9375,2027
1885379.0000,1790
1885379.0625,1531
1885379.1250,722
1885379.1875,-597
1885379.2500,-2129
1885379.3125,-2919
1885379.3750,-2290
1885379.4375,-1164
1885379.5000,-1
1885379.5625,509
1885379.6250,222
1885379.6875,643
1885379.7500,2179
1885379.8125,2394
1885379.8750,1032
1885379.9375,182
1885380.0000,752
1885380.0625,2330
1885380.1250,2932
1885380.1875,2583
1885380.2500,3188
1885380.3125,5085
1885380.3750,6642
1885380.4375,6802
1885380.5000,5222
1885380.5625,3680
1885380.6250,3016
1885380.6875,2935
1885380.7500,3053
1885380.8125,3273
1885380.8750,3701
1885380.9375,4372
1885381.0000,5501
1885381.0625,6128
1885381.1250,5708
1885381.1875,4215
1885381.2500,2851
1885381.3125,2794
1885381.3750,3088
1885381.4375,1912
1885381.5000,-188
1885381.5625,-1166
1885381.6250,-138
1885381.6875,2665
1885381.7500,5097
1885381.8125,4156
1885381.8750,1081
1885381.9375,-471
1885382.0000,1000
1885382.0625,3588
1885382.1250,3947
1885382.1875,2187
1885382.2500,1165
1885382.3125,1750
1885382.3750,2525
1885382.4375,2477
1885382.5000,1857
1885382.5625,2318
1885382.6250,4062
1885382.6875,5203
1885382.7500,5825
1885382.8125,6628
1885382.8750,7039
1885382.9375,6886
1885383.0000,6810
1885383.0625,6155
1885383.1250,4715
1885383.1875,3773
1885383.2500,5031
1885383.3125,7740
1885383.3750,9710
1885383.4375,9753
1885383.5000,7871
1885383.5625,5573
1885383.6250,4940
1885383.6875,5635
1885383.7500,5093
1885383.8125,2684
1885383.8750,662
1885383.9375,339
1885384.0000,1350
1885384.0625,3315
1885384.1250,4658
1885384.1875,4601
1885384.2500,4744
1885384.3125,5271
1885384.3750,5191
1885384.4375,4653
1885384.5000,4344
1885384.5625,4351
1885384.6250,4957
1885384.6875,5253
1885384.7500,4269
1885384.8125,2569
1885384.8750,2318
1885384.9375,4367
1885385.0000,7399
1885385.0625,9634
1885385.1250,9452
1885385.1875,7546
1885385.2500,6395
1885385.3125,7052
1885385.3750,7640
1885385.4375,6407
1885385.5000,3900
1885385.5625,2540
1885385.6250,2674
1885385.6875,3855
1885385.7500,5777
1885385.8125,6863
1885385.8750,5407
1885385.9375,2982
1885386.0000,1625
1885386.0625,1957
1885386.1250,2737
1885386.1875,2691
1885386.2500,2139
1885386.3125,1783
1885386.3750,1806
1885386.4375,1850
1885386.5000,2679
1885386.5625,4591
1885386.6250,5858
1885386.6875,4491
1885386.7500,1983
1885386.8125,1366
1885386.8750,2830
1885386.9375,4173
1885387.0000,4433
1885387.0625,4017
1885387.1250,3804
1885387.1875,4208
1885387.2500,4936
1885387.3125,5999
1885387.3750,6868
1885387.4375,6519
1885387.5000,5031
1885387.5625,4101
1885387.6250,4291
1885387.6875,5035
1885387.7500,5368
1885387.8125,4754
1885387.8750,3620
1885387.9375,2732
1885388.0000,2091
1885388.0625,2895
1885388.1250,3431
1885388.1875,2850
1885388.2500,2328
1885388.3125,1272
1885388.3750,-1038
1885388.4375,-1578
1885388.5000,-160
1885388.5625,2277
1885388.6250,4604
1885388.6875,4624
1885388.7500,3054
1885388.8125,1444
1885388.8750,413
1885388.9375,-1310
1885389.0000,-1843
1885389.0625,2429
1885389.1250,9294
1885389.1875,12091
1885389.2500,7456
1885389.3125,1563
1885389.3750,-1297
1885389.4375,-1384
1885389.5000,399
1885389.5625,5074
1885389.6250,10219
1885389.6875,10824
1885389.7500,6176
1885389.8125,376
1885389.8750,-3397
1885389.9375,-1775
1885390.0000,2322
1885390.0625,3486
1885390.1250,2190
1885390.1875,-278
1885390.2500,-2556
1885390.3125,-3054
1885390.3750,-2381
1885390.4375,-935
1885390.5000,456
1885390.5625,982
1885390.6250,1103
1885390.6875,949
1885390.7500,-1188
1885390.8125,-2919
1885390.8750,-2820
1885390.9375,-2230
1885391.0000,-291
1885391.0625,931
1885391.1250,-566
1885391.1875,-1854
1885391.2500,-635
1885391.3125,1590
1885391.3750,3404
1885391.4375,2763
1885391.5000,-235
1885391.5625,-1404
1885391.6250,-126
1885391.6875,1008
1885391.7500,2493
1885391.8125,3730
1885391.8750,4044
1885391.9375,4547
1885392.0000,3334
1885392.0625,768
1885392.1250,-454
1885392.1875,-1249
1885392.2500,-824
1885392.3125,2250
1885392.3750,5381
1885392.4375,6518
1885392.5000,5876
1885392.5625,4528
1885392.6250,3455
1885392.6875,2608
1885392.7500,400
1885392.8125,-1843
1885392.8750,-2384
1885392.9375,-1551
1885393.0000,-639
1885393.0625,446
1885393.1250,1822
1885393.1875,2371
1885393.2500,3357
1885393.3125,4280
1885393.3750,1397
1885393.4375,-3547
1885393.5000,-5237
1885393.5625,-2322
1885393.6250,2546
1885393.6875,5172
1885393.7500,3960
1885393.8125,1305
1885393.8750,-75
1885393.9375,252
1885394.0000,1331
1885394.0625,1847
1885394.1250,2021
1885394.1875,2204
1885394.2500,3180
1885394.3125,4246
1885394.3750,4138
1885394.4375,1809
1885394.5000,446
1885394.5625,1911
1885394.6250,3478
1885394.6875,2722
1885394.7500,1276
1885394.8125,1316
1885394.8750,2548
1885394.9375,3659
1885395.0000,3696
1885395.0625,1977
1885395.1250,14
1885395.1875,170
1885395.2500,2249
1885395.3125,4089
1885395.3750,3486
1885395.4375,998
1885395.5000,228
1885395.5625,2495
1885395.6250,4237
1885395.6875,2620
1885395.7500,-504
1885395.8125,-1721
1885395.8750,-335
1885395.9375,2024
1885396.0000,2584
1885396.0625,446
1885396.1250,-2046
1885396.1875,-2271
1885396.2500,-293
1885396.3125,1044
1885396.3750,-89
1885396.4375,-1181
1885396.5000,353
1885396.5625,3115
1885396.6250,3789
1885396.6875,1929
1885396.7500,535
1885396.8125,1381
1885396.8750,3652
1885396.9375,4418
1885397.0000,2726
1885397.0625,338
1885397.1250,-55
1885397.1875,2163
1885397.2500,4722
1885397.3125,3574
1885397.3750,-76
1885397.4375,-2153
1885397.5000,-1149
1885397.5625,681
1885397.6250,709
1885397.6875,-902
1885397.7500,-2633
1885397.8125,-1794
1885397.8750,1049
1885397.9375,2870
1885398.0000,274
1885398.0625,-2369
1885398.1250,-2674
1885398.1875,-2776
1885398.2500,-2595
1885398.3125,-3065
1885398.3750,-4358
1885398.4375,-3774
1885398.5000,-1527
1885398.5625,-135
1885398.6250,-57
1885398.6875,732
1885398.7500,323
1885398.8125,-411
1885398.8750,-1369
1885398.9375,-3012
1885399.0000,-3256
1885399.0625,-1282
1885399.1250,354
1885399.1875,902
1885399.2500,37
1885399.3125,-1153
1885399.3750,-2151
1885399.4375,-1573
1885399.5000,-321
1885399.5625,-493
1885399.6250,-1681
1885399.6875,-1924
1885399.7500,-423
1885399.8125,1752
1885399.8750,1683
1885399.9375,-479
1885400.0000,-1852
1885400.0625,-2091
1885400.1250,-1847
1885400.1875,-1349
1885400.2500,-997
1885400.3125,-1972
1885400.3750,-2789
1885400.4375,-1945
1885400.5000,-1722
1885400.5625,-2907
1885400.6250,-3806
1885400.6875,-3257
1885400.7500,-1520
1885400.8125,359
1885400.8750,771
1885400.9375,243
1885401.0000,418
1885401.0625,1032
1885401.1250,223
1885401.1875,-399
1885401.2500,-947
1885401.3125,-2265
1885401.3750,-3785
1885401.4375,-3437
1885401.5000,-1747
1885401.5625,-1209
1885401.6250,-2042
1885401.6875,-1559
1885401.7500,914
1885401.8125,2054
1885401.8750,679
1885401.9375,-2021
1885402.0000,-3942
1885402.0625,-4911
1885402.1250,-4689
1885402.1875,-3771
1885402.2500,-3996
1885402.3125,-4266
1885402.3750,-3611
1885402.4375,-2799
1885402.5000,-1851
1885402.5625,-1985
1885402.6250,-4471
1885402.6875,-6582
1885402.7500,-6753
1885402.8125,-5712
1885402.8750,-4569
1885402.9375,-4540
1885403.0000,-4241
1885403.0625,-1880
1885403.1250,1588
1885403.1875,2852
1885403.2500,1201
1885403.3125,-1306
1885403.3750,-3639
1885403.4375,-4845
1885403.5000,-4335
1885403.5625,-3461
1885403.6250,-3960
1885403.6875,-3921
1885403.7500,-2377
1885403.8125,-644
1885403.8750,-165
1885403.9375,-976
1885404.0000,-1789
1885404.0625,-1302
1885404.1250,-18
1885404.1875,30
1885404.2500,-796
1885404.3125,-1109
1885404.3750,-321
1885404.4375,1331
1885404.5000,1690
1885404.5625,-296
1885404.6250,-2350
1885404.6875,-2869
1885404.7500,-1783
1885404.8125,-355
1885404.8750,-1109
1885404.9375,-4507
1885405.0000,-6909
1885405.0625,-5930
1885405.1250,-3329
1885405.1875,-1736
1885405.2500,-2285
1885405.3125,-3768
1885405.3750,-4240
1885405.4375,-3107
1885405.5000,-1348
1885405.5625,-623
1885405.6250,-1591
1885405.6875,-3140
1885405.7500,-4140
1885405.8125,-4437
1885405.8750,-4534
1885405.9375,-5060
1885406.0000,-5454
1885406.0625,-4412
1885406.1250,-2391
1885406.1875,-1382
1885406.2500,-1529
1885406.3125,-699
1885406.3750,891
1885406.4375,1537
1885406.5000,467
1885406.5625,-2092
1885406.6250,-4460
1885406.6875,-4770
1885406.7500,-3799
1885406.8125,-3280
1885406.8750,-3336
1885406.9375,-3324
1885407.0000,-3760
1885407.0625,-4334
1885407.1250,-3950
1885407.1875,-3125
1885407.2500,-3557
1885407.3125,-4541
1885407.3750,-4773
1885407.4375,-4695
1885407.5000,-4180
1885407.5625,-2710
1885407.6250,-1267
1885407.6875,-815
1885407.7500,-192
1885407.8125,232
1885407.8750,-761
1885407.9375,-2643
1885408.0000,-3691
1885408.0625,-3073
1885408.1250,-1960
1885408.1875,-1691
1885408.2500,-2599
1885408.3125,-2888
1885408.3750,-1420
1885408.4375,-227
1885408.5000,70
1885408.5625,708
1885408.6250,930
1885408.6875,-36
1885408.7500,-1854
1885408.8125,-3448
1885408.8750,-3970
1885408.9375,-2960
1885409.0000,-986
1885409.0625,-13
1885409.1250,-2028
1885409.1875,-3963
1885409.2500,-3482
1885409.3125,-1354
1885409.3750,1232
1885409.4375,2061
1885409.5000,-430
1885409.5625,-4067
1885409.6250,-6194
1885409.6875,-6626
1885409.7500,-5607
1885409.8125,-2768
1885409.8750,893
1885409.9375,2791
1885410.0000,1235
1885410.0625,-2673
1885410.1250,-6534
1885410.1875,-7183
1885410.2500,-5644
1885410.3125,-3837
1885410.3750,-2052
1885410.4375,-1740
1885410.5000,-3014
1885410.5625,-3287
1885410.6250,-2623
1885410.6875,-2236
1885410.7500,-1315
1885410.8125,-471
1885410.8750,-179
1885410.9375,-109
1885411.0000,-167
1885411.0625,-942
1885411.1250,-2085
1885411.1875,-2898
1885411.2500,-3606
1885411.3125,-2519
1885411.3750,319
1885411.4375,2501
1885411.5000,1092
1885411.5625,-1232
1885411.6250,-2564
1885411.6875,-3312
1885411.7500,-2964
1885411.8125,-2623
1885411.8750,-3549
1885411.9375,-4179
1885412.0000,-3339
1885412.0625,-2935
1885412.1250,-2394
1885412.1875,-2586
1885412.2500,-4898
1885412.3125,-5571
1885412.3750,-4194
1885412.4375,-3696
1885412.5000,-3088
1885412.5625,-672
1885412.6250,581
1885412.6875,958
1885412.7500,1111
1885412.8125,-464
1885412.8750,-2513
1885412.9375,-3202
1885413.0000,-3828
1885413.0625,-3528
1885413.1250,-2108
1885413.1875,-1288
1885413.2500,-1301
1885413.3125,-861
1885413.3750,-555
1885413.4375,-620
1885413.5000,-726
1885413.5625,-48
1885413.6250,363
1885413.6875,-932
1885413.7500,-2747
1885413.8125,-2610
1885413.8750,-535
1885413.9375,1962
1885414.0000,3655
1885414.0625,2660
1885414.1250,-1098
1885414.1875,-3826
1885414.2500,-3787
1885414.3125,-2019
1885414.3750,-804
1885414.4375,-893
1885414.5000,-1132
1885414.5625,-201
1885414.6250,891
1885414.6875,-66
1885414.7500,-1416
1885414.8125,-1389
1885414.8750,-141
1885414.9375,695
1885415.0000,-147
1885415.0625,-1803
1885415.1250,-2100
1885415.1875,-982
1885415.2500,778
1885415.3125,2445
1885415.3750,2756
1885415.4375,2040
1885415.5000,1512
1885415.5625,1375
1885415.6250,1197
1885415.6875,428
1885415.7500,884
1885415.8125,3073
1885415.8750,5605
1885415.9375,7027
1885416.0000,6805
1885416.0625,5079
1885416.1250,3072
1885416.1875,2154
1885416.2500,1717
1885416.3125,1018
1885416.3750,111
1885416.4375,-11
1885416.5000,1182
1885416.5625,3169
1885416.6250,3968
1885416.6875,3278
1885416.7500,2393
1885416.8125,1474
1885416.8750,326
1885416.9375,-1300
1885417.0000,-2385
1885417.0625,-2443
1885417.1250,-1367
1885417.1875,1124
1885417.2500,3921
1885417.3125,5213
1885417.3750,3992
1885417.4375,1042
1885417.5000,-773
1885417.5625,-35
1885417.6250,1262
1885417.6875,1438
1885417.7500,727
1885417.8125,511
1885417.8750,1799
1885417.9375,3882
1885434.0000,2272
1885434.0625,2934
1885434.1250,4358
1885434.1875,5600
1885434.2500,5130
1885434.3125,3835
1885434.3750,3907
1885434.4375,4291
1885434.5000,3418
1885434.5625,1582
1885434.6250,-8
1885434.6875,-158
1885434.7500,812
1885434.8125,1556
1885434.8750,1666
1885434.9375,337
1885435.0000,-1422
1885435.0625,-1010
1885435.1250,217
1885435.1875,-321
1885435.2500,-2658
1885435.3125,-4153
1885435.3750,-3549
1885435.4375,-2359
1885435.5000,-773
1885435.5625,-499
1885435.6250,-1815
1885435.6875,-3009
1885435.7500,-814
1885435.8125,1211
1885435.8750,383
1885435.9375,-1660
1885436.0000,-2286
1885436.0625,-971
1885436.1250,822
1885436.1875,585
1885436.2500,-896
1885436.3125,-1200
1885436.3750,524
1885436.4375,1543
1885436.5000,1531
1885436.5625,575
1885436.6250,-258
1885436.6875,-405
1885436.7500,-279
1885436.8125,195
1885436.8750,484
1885436.9375,-113
1885437.0000,-360
1885437.0625,258
1885437.1250,911
1885437.1875,916
1885437.2500,417
1885437.3125,264
1885437.3750,1573
1885437.4375,2439
1885437.5000,976
1885437.5625,-2215
1885437.6250,-3504
1885437.6875,-1767
1885437.7500,163
1885437.8125,-594
1885437.8750,-2461
1885437.9375,-2806
1885438.0000,-2709
1885438.0625,-1783
1885438.1250,-857
1885438.1875,-2031
1885438.2500,-3631
1885438.3125,-3440
1885438.3750,-1675
1885438.4375,48
1885438.5000,-299
1885438.5625,-1791
1885438.6250,-1651
1885438.6875,1069
1885438.7500,2894
1885438.8125,1745
1885438.8750,381
1885438.9375,44
1885439.0000,364
1885439.0625,888
1885439.1250,2089
1885439.1875,1663
1885439.2500,-294
1885439.3125,-951
1885439.3750,404
1885439.4375,768
1885439.5000,-665
1885439.5625,-2257
1885439.6250,-2517
1885439.6875,-1576
1885439.7500,-1516
1885439.8125,-3417
1885439.8750,-5579
1885439.9375,-5312
1885440.0000,-2752
1885440.0625,-1530
1885440.1250,-2362
1885440.1875,-2498
1885440.2500,-2144
1885440.3125,-882
1885440.3750,771
1885440.4375,300
1885440.5000,-2192
1885440.5625,-3634
1885440.6250,-3137
1885440.6875,-1460
1885440.7500,-640
1885440.8125,-1747
1885440.8750,-4275
1885440.9375,-4618
1885441.0000,-1699
1885441.0625,594
1885441.1250,-319
1885441.1875,-2866
1885441.2500,-4031
1885441.3125,-2591
1885441.3750,-130
1885441.4375,362
1885441.5000,-787
1885441.5625,-1785
1885441.6250,-915
1885441.6875,1012
1885441.7500,1492
1885441.8125,-150
1885441.8750,-1360
1885441.9375,-691
1885442.0000,14
1885442.0625,-438
1885442.1250,-1574
1885442.1875,-2251
1885442.2500,-1654
1885442.3125,-1081
1885442.3750,-1351
1885442.4375,-3080
1885442.5000,-5682
1885442.5625,-6321
1885442.6250,-4470
1885442.6875,-2000
1885442.7500,-1569
1885442.8125,-3387
1885442.8750,-4393
1885442.9375,-2495
1885443.0000,608
1885443.0625,1650
1885443.1250,282
1885443.1875,-1214
1885443.2500,-1414
1885443.3125,340
1885443.3750,2266
1885443.4375,1413
1885443.5000,-1054
1885443.5625,-1407
1885443.6250,-180
1885443.6875,27
1885443.7500,-1842
1885443.8125,-4544
1885443.8750,-5411
1885443.9375,-3362
1885444.0000,-563
1885444.0625,-592
1885444.1250,-3107
1885444.1875,-4851
1885444.2500,-3417
1885444.3125,-1440
1885444.3750,-2400
1885444.4375,-5633
1885444.5000,-7778
1885444.5625,-7011
1885444.6250,-4376
1885444.6875,-2479
1885444.7500,-1931
1885444.8125,-2188
1885444.8750,-2552
1885444.9375,-2115
1885445.0000,-1966
1885445.0625,-3797
1885445.1250,-5875
1885445.1875,-5957
1885445.2500,-4352
1885445.3125,-3161
1885445.3750,-3706
1885445.4375,-4954
1885445.5000,-4791
1885445.5625,-2509
1885445.6250,166
1885445.6875,780
1885445.7500,-1693
1885445.8125,-4693
1885445.8750,-4329
1885445.9375,-1415
1885446.0000,-334
1885446.0625,-1933
1885446.1250,-3471
1885446.1875,-2773
1885446.2500,189
1885446.3125,1948
1885446.3750,115
1885446.4375,-2652
1885446.5000,-3350
1885446.5625,-2126
1885446.6250,638
1885446.6875,1738
1885446.7500,287
1885446.8125,-1338
1885446.8750,-631
1885446.9375,-1794
1885447.0000,-5754
1885447.0625,-7115
1885447.1250,-2241
1885447.1875,3559
1885447.2500,3884
1885447.3125,-988
1885447.3750,-6657
1885447.4375,-8015
1885447.5000,-5337
1885447.5625,-1355
1885447.6250,3086
1885447.6875,5402
1885447.7500,3406
1885447.8125,976
1885447.8750,365
1885447.9375,77
1885448.0000,255
1885448.0625,1049
1885448.1250,1710
1885448.1875,1176
1885448.2500,-327
1885448.3125,-1384
1885448.3750,-2066
1885448.4375,-2684
1885448.5000,-3418
1885448.5625,-3187
1885448.6250,-2203
1885448.6875,-1103
1885448.7500,-1558
1885448.8125,-1743
1885448.8750,-558
1885448.9375,-277
1885449.0000,-13
1885449.0625,1032
1885449.1250,659
1885449.1875,-326
1885449.2500,-62
1885449.3125,-792
1885449.3750,-1312
1885449.4375,-401
1885449.5000,-1476
1885449.5625,-3523
1885449.6250,-3734
1885449.6875,-4999
1885449.7500,-5965
1885449.8125,-3570
1885449.8750,-2281
1885449.9375,-3768
1885450.0000,-4379
1885450.0625,-3565
1885450.1250,-2440
1885450.1875,-509
1885450.2500,403
1885450.3125,299
1885450.3750,523
1885450.4375,1028
1885450.5000,824
1885450.5625,596
1885450.6250,458
1885450.6875,-219
1885450.7500,-1100
1885450.8125,-882
1885450.8750,449
1885450.9375,550
1885451.0000,-805
1885451.0625,-1462
1885451.1250,-46
1885451.1875,2014
1885451.2500,3241
1885451.3125,3415
1885451.3750,1712
1885451.4375,-510
1885451.5000,-603
1885451.5625,1349
1885451.6250,2873
1885451.6875,3033
1885451.7500,2659
1885451.8125,1993
1885451.8750,1048
1885451.9375,-1240
1885452.0000,-3068
1885452.0625,-2158
1885452.1250,500
1885452.1875,1649
1885452.2500,868
1885452.3125,134
1885452.3750,-142
1885452.4375,-971
1885452.5000,-1573
1885452.5625,-984
1885452.6250,-112
1885452.6875,1026
1885452.7500,1975
1885452.8125,1811
1885452.8750,638
1885452.9375,-436
1885453.0000,14
1885453.0625,1256
1885453.1250,1490
1885453.1875,1140
1885453.2500,636
1885453.3125,66
1885453.3750,-202
1885453.4375,347
1885453.5000,688
1885453.5625,943
1885453.6250,1984
1885453.6875,3775
1885453.7500,5306
1885453.8125,5489
1885453.8750,4840
1885453.9375,4651
1885454.0000,5280
1885454.0625,4720
1885454.1250,2905
1885454.1875,1385
1885454.2500,625
1885454.3125,423
1885454.3750,506
1885454.4375,686
1885454.5000,1207
1885454.5625,2169
1885454.6250,2544
1885454.6875,1299
1885454.7500,192
1885454.8125,681
1885454.8750,1601
1885454.9375,1870
1885455.0000,1506
1885455.0625,1491
1885455.1250,2372
1885455.1875,3380
1885455.2500,4009
1885455.3125,3959
1885455.3750,3435
1885455.4375,3750
1885455.5000,5019
1885455.5625,6517
1885455.6250,7166
1885455.6875,6607
1885455.7500,5000
1885455.8125,3200
1885455.8750,2960
1885455.9375,4183
1885456.0000,4546
1885456.0625,3852
1885456.1250,3234
1885456.1875,3177
1885456.2500,4359
1885456.3125,6032
1885456.3750,5873
1885456.4375,3920
1885456.5000,2699
1885456.5625,2793
1885456.6250,3005
1885456.6875,3103
1885456.7500,3170
1885456.8125,3186
1885456.8750,3746
1885456.9375,4278
1885457.0000,3903
1885457.0625,3011
1885457.1250,2668
1885457.1875,3201
1885457.2500,4118
1885457.3125,4383
1885457.3750,3864
1885457.4375,3714
1885457.5000,4709
1885457.5625,5855
1885457.6250,6474
1885457.6875,5896
1885457.7500,4251
1885457.8125,3331
1885457.8750,4815
1885457.9375,7661
1885458.0000,8991
1885458.0625,8052
1885458.1250,6745
1885458.1875,7468
1885458.2500,9485
1885458.3125,9490
1885458.3750,6781
1885458.4375,4123
1885458.5000,3731
1885458.5625,5316
1885458.6250,6498
1885458.6875,5703
1885458.7500,4540
1885458.8125,5041
1885458.8750,6867
1885458.9375,8086
1885459.0000,6640
1885459.0625,4041
1885459.1250,2800
1885459.1875,3110
1885459.2500,4013
1885459.3125,4707
1885459.3750,3769
1885459.4375,2033
1885459.5000,1764
1885459.5625,3616
1885459.6250,5490
1885459.6875,5940
1885459.7500,5178
1885459.8125,4337
1885459.8750,4591
1885459.9375,5596
1885460.0000,5926
1885460.0625,5443
1885460.1250,5831
1885460.1875,7415
1885460.2500,8397
1885460.3125,7330
1885460.3750,5554
1885460.4375,5502
1885460.5000,6705
1885460.5625,7188
1885460.6250,6368
1885460.6875,5252
1885460.7500,4202
1885460.8125,3787
1885460.8750,5254
1885460.9375,7646
1885461.0000,7821
1885461.0625,5893
1885461.1250,4735
1885461.1875,5230
1885461.2500,5927
1885461.3125,5868
1885461.3750,4869
1885461.4375,4011
1885461.5000,3369
1885461.5625,2890
1885461.6250,3531
1885461.6875,4608
1885461.7500,4421
1885461.8125,3880
1885461.8750,4600
1885461.9375,5471
1885462.0000,4967
1885462.0625,3412
1885462.1250,3261
1885462.1875,4530
1885462.2500,5726
1885462.3125,5717
1885462.3750,4480
1885462.4375,3939
1885462.5000,4837
1885462.5625,6272
1885462.6250,7479
1885462.6875,7237
1885462.7500,5882
1885462.8125,5931
1885462.8750,6847
1885462.9375,6553
1885463.0000,5546
1885463.0625,5013
1885463.1250,4919
1885463.1875,4553
1885463.2500,3600
1885463.3125,2380
1885463.3750,2383
1885463.4375,4991
1885463.5000,7669
1885463.5625,8990
1885463.6250,7763
1885463.6875,3577
1885463.7500,153
1885463.8125,2334
1885463.8750,5479
1885463.9375,6283
1885464.0000,4709
1885464.0625,3038
1885464.1250,2178
1885464.1875,3685
1885464.2500,2524
1885464.3125,-2454
1885464.3750,-3482
1885464.4375,1043
1885464.5000,6022
1885464.5625,6470
1885464.6250,3317
1885464.6875,-1647
1885464.7500,-2722
1885464.8125,440
1885464.8750,3782
1885464.9375,5557
1885465.0000,7208
1885465.0625,6711
1885465.1250,4563
1885465.1875,3026
1885465.2500,2821
1885465.3125,4101
1885465.3750,3975
1885465.4375,2469
1885465.5000,3445
1885465.5625,5741
1885465.6250,5360
1885465.6875,3028
1885465.7500,1308
1885465.8125,865
1885465.8750,665
1885465.9375,-1167
1885466.0000,-1761
1885466.0625,-1603
1885466.1250,-1590
1885466.1875,-978
1885466.2500,-1412
1885466.3125,-1200
1885466.3750,926
1885466.4375,493
1885466.5000,-2641
1885466.5625,-3006
1885466.6250,-2640
1885466.6875,-3425
1885466.7500,-2103
1885466.8125,-2229
1885466.8750,-2567
1885466.9375,603
1885467.0000,1751
1885467.0625,1109
1885467.1250,4252
1885467.1875,7263
1885467.2500,5565
1885467.3125,2491
1885467.3750,395
1885467.4375,16
1885467.5000,1434
1885467.5625,770
1885467.6250,-471
1885467.6875,2579
1885467.7500,7270
1885467.8125,8739
1885467.8750,6961
1885467.9375,3484
1885468.0000,1141
1885468.0625,1250
1885468.1250,2832
1885468.1875,3923
1885468.2500,2754
1885468.3125,739
1885468.3750,1873
1885468.4375,6021
1885468.5000,7413
1885468.5625,4036
1885468.6250,521
1885468.6875,-1179
1885468.7500,-1274
1885468.8125,114
1885468.8750,-61
1885468.9375,-2176
1885469.0000,-1220
1885469.0625,2619
1885469.1250,4728
1885469.1875,4915
1885469.2500,1882
1885469.3125,-2065
1885469.3750,-1175
1885469.4375,3035
1885469.5000,5350
1885469.5625,4294
1885469.6250,1761
1885469.6875,499
1885469.7500,1195
1885469.8125,1116
1885469.8750,573
1885469.9375,-223
1885470.0000,-1845
1885470.0625,-1729
1885470.1250,308
1885470.1875,1506
1885470.2500,1037
1885470.3125,27
1885470.3750,2
1885470.4375,1929
1885470.5000,3219
1885470.5625,1163
1885470.6250,-1979
1885470.6875,-2632
1885470.7500,-45
1885470.8125,1918
1885470.8750,956
1885470.9375,-1571
1885471.0000,-3589
1885471.0625,-2909
1885471.1250,-317
1885471.1875,1007
1885471.2500,-773
1885471.3125,-2894
1885471.3750,-2652
1885471.4375,-77
1885471.5000,2111
1885471.5625,1880
1885471.6250,727
1885471.6875,164
1885471.7500,795
1885471.8125,2679
1885471.8750,4602
1885471.9375,4195
1885472.0000,2373
1885472.0625,1716
1885472.1250,2906
1885472.1875,4789
1885472.2500,4559
1885472.3125,2280
1885472.3750,1888
1885472.4375,3491
1885472.5000,4435
1885472.5625,3303
1885472.6250,1014
1885472.6875,-1064
1885472.7500,-1018
1885472.8125,230
1885472.8750,-1288
1885472.9375,-3453
1885473.0000,-4639
1885473.0625,-3739
1885473.1250,-1427
1885473.1875,1664
1885473.2500,2082
1885473.3125,-1414
1885473.3750,-3532
1885473.4375,-2418
1885473.5000,-531
1885473.5625,-50
1885473.6250,-1557
1885473.6875,-2824
1885473.7500,-1084
1885473.8125,2233
1885473.8750,2224
1885473.9375,-1406
1885474.0000,-3938
1885474.0625,-2771
1885474.1250,668
1885474.1875,2413
1885474.2500,764
1885474.3125,-524
1885474.3750,514
1885474.4375,2436
1885474.5000,2379
1885474.5625,462
1885474.6250,-308
1885474.6875,521
1885474.7500,1997
1885474.8125,3309
1885474.8750,2685
1885474.9375,690
1885475.0000,-642
1885475.0625,-715
1885475.1250,31
1885475.1875,-966
1885475.2500,-3615
1885475.3125,-4560
1885475.3750,-1473
1885475.4375,1512
1885475.5000,1545
1885475.5625,-636
1885475.6250,-3440
1885475.6875,-4155
1885475.7500,-2280
1885475.8125,-1012
1885475.8750,-1337
1885475.9375,-2106
1885476.0000,-2275
1885476.0625,-1068
1885476.1250,129
1885476.1875,-566
1885476.2500,-3517
1885476.3125,-4173
1885476.3750,-2259
1885476.4375,-537
1885476.5000,-1262
1885476.5625,-2323
1885476.6250,-2369
1885476.6875,-1245
1885476.7500,426
1885476.8125,1287
1885476.8750,623
1885476.9375,-1068
1885477.0000,-970
1885477.0625,808
1885477.1250,2287
1885477.1875,1656
1885477.2500,-1015
1885477.3125,-3018
1885477.3750,-1873
1885477.4375,-100
1885477.5000,-1416
1885477.5625,-4433
1885477.6250,-5401
1885477.6875,-4135
1885477.7500,-2027
1885477.8125,-943
1885477.8750,-2280
1885477.9375,-5064
1885478.0000,-5909
1885478.0625,-4377
1885478.1250,-3296
1885478.1875,-3846
1885478.2500,-3881
1885478.3125,-1851
1885478.3750,48
1885478.4375,1374
1885478.5000,1176
1885478.5625,-269
1885478.6250,-881
1885478.6875,565
1885478.7500,1504
1885478.8125,-362
1885478.8750,-3318
1885478.9375,-4525
1885479.0000,-2612
1885479.0625,924
1885479.1250,2409
1885479.1875,-568
1885479.2500,-4192
1885479.3125,-3407
1885479.3750,-58
1885479.4375,1348
1885479.5000,-874
1885479.5625,-4469
1885479.6250,-5317
1885479.6875,-2742
1885479.7500,157
1885479.8125,-500
1885479.8750,-3938
1885479.9375,-5371
1885480.0000,-3143
1885480.0625,-804
1885480.1250,-1612
1885480.1875,-4174
1885480.2500,-5937
1885480.3125,-4809
1885480.3750,-2373
1885480.4375,-2417
1885480.5000,-5079
1885480.5625,-7364
1885480.6250,-6307
1885480.6875,-2140
1885480.7500,900
1885480.8125,-187
1885480.8750,-2905
1885480.9375,-3355
1885481.0000,-826
1885481.0625,1651
1885481.1250,777
1885481.1875,-2514
1885481.2500,-3531
1885481.3125,-483
1885481.3750,3206
1885481.4375,4351
1885481.5000,1839
1885481.5625,-1843
1885481.6250,-2189
1885481.6875,548
1885481.7500,894
1885481.8125,-2194
1885481.8750,-4894
1885481.9375,-4357
1885586.0000,4888
1885586.0625,2064
1885586.1250,-1551
1885586.1875,-2141
1885586.2500,-28
1885586.3125,1836
1885586.3750,630
1885586.4375,-1730
1885586.5000,-1512
1885586.5625,992
1885586.6250,1466
1885586.6875,-1186
1885586.7500,-3587
1885586.8125,-3377
1885586.8750,-1109
1885586.9375,232
1885587.0000,-785
1885587.0625,-1826
1885587.1250,-1521
1885587.1875,402
1885587.2500,1770
1885587.3125,714
1885587.3750,-1058
1885587.4375,-831
1885587.5000,1544
1885587.5625,3926
1885587.6250,4467
1885587.6875,2769
1885587.7500,496
1885587.8125,111
1885587.8750,2435
1885587.9375,4131
1885588.0000,2920
1885588.0625,291
1885588.1250,-150
1885588.1875,1210
1885588.2500,1644
1885588.3125,867
1885588.3750,-830
1885588.4375,-1733
1885588.5000,-843
1885588.5625,405
1885588.6250,702
1885588.6875,312
1885588.7500,-1098
1885588.8125,-2381
1885588.8750,-2428
1885588.9375,-2591
1885589.0000,-4581
1885589.0625,-4837
1885589.1250,-2518
1885589.1875,153
1885589.2500,579
1885589.3125,-322
1885589.3750,-318
1885589.4375,344
1885589.5000,263
1885589.5625,-129
1885589.6250,-863
1885589.6875,-3551
1885589.7500,-4769
1885589.8125,-2495
1885589.8750,851
1885589.9375,1956
1885590.0000,319
1885590.0625,-1622
1885590.1250,-1022
1885590.1875,1312
1885590.2500,1675
1885590.3125,-1658
1885590.3750,-5241
1885590.4375,-6137
1885590.5000,-5150
1885590.5625,-3428
1885590.6250,-3136
1885590.6875,-4098
1885590.7500,-3332
1885590.8125,-1792
1885590.8750,-1578
1885590.9375,-2612
1885591.0000,-4015
1885591.0625,-4866
1885591.1250,-3795
1885591.1875,-2197
1885591.2500,-3041
1885591.3125,-4910
1885591.3750,-4537
1885591.4375,-1753
1885591.5000,343
1885591.5625,831
1885591.6250,-497
1885591.6875,-2753
1885591.7500,-4189
1885591.8125,-3844
1885591.8750,-2748
1885591.9375,-2633
1885592.0000,-3504
1885592.0625,-4186
1885592.1250,-2763
1885592.1875,307
1885592.2500,2514
1885592.3125,3097
1885592.3750,3038
1885592.4375,2887
1885592.5000,2379
1885592.5625,1120
1885592.6250,155
1885592.6875,-218
1885592.7500,-605
1885592.8125,-1422
1885592.8750,-1979
1885592.9375,-2225
1885593.0000,-1895
1885593.0625,-1074
1885593.1250,-994
1885593.1875,-1321
1885593.2500,-2321
1885593.3125,-4324
1885593.3750,-5567
1885593.4375,-4739
1885593.5000,-3082
1885593.5625,-1333
1885593.6250,-915
1885593.6875,-2393
1885593.7500,-3234
1885593.8125,-2134
1885593.8750,-756
1885593.9375,-301
1885594.0000,-1710
1885594.0625,-4537
1885594.1250,-5669
1885594.1875,-3974
1885594.2500,-2399
1885594.3125,-2851
1885594.3750,-3587
1885594.4375,-3126
1885594.5000,-1934
1885594.5625,-1296
1885594.6250,-1312
1885594.6875,-1239
1885594.7500,-1067
1885594.8125,-853
1885594.8750,-642
1885594.9375,-1225
1885595.0000,-2425
1885595.0625,-2772
1885595.1250,-2275
1885595.1875,-1834
1885595.2500,-2844
1885595.3125,-5331
1885595.3750,-6521
1885595.4375,-4424
1885595.5000,-1174
1885595.5625,-421
1885595.6250,-2259
1885595.6875,-3575
1885595.7500,-2795
1885595.8125,-1665
1885595.8750,-2282
1885595.9375,-4379
1885596.0000,-6232
1885596.0625,-6134
1885596.1250,-4128
1885596.1875,-1739
1885596.2500,-1344
1885596.3125,-3090
1885596.3750,-4785
1885596.4375,-4374
1885596.5000,-2420
1885596.5625,-1645
1885596.6250,-2943
1885596.6875,-4268
1885596.7500,-3629
1885596.8125,-1645
1885596.8750,-625
1885596.9375,-1329
1885597.0000,-2524
1885597.0625,-2443
1885597.1250,-1301
1885597.1875,-1132
1885597.2500,-2810
1885597.3125,-4218
1885597.3750,-3784
1885597.4375,-2093
1885597.5000,-1537
1885597.5625,-2276
1885597.6250,-3190
1885597.6875,-2562
1885597.7500,-401
1885597.8125,940
1885597.8750,-93
1885597.9375,-3009
1885598.0000,-5272
1885598.0625,-4656
1885598.1250,-1890
1885598.1875,-909
1885598.2500,-2599
1885598.3125,-4531
1885598.3750,-4115
1885598.4375,-1284
1885598.5000,1702
1885598.5625,2811
1885598.6250,1811
1885598.6875,-71
1885598.7500,-1048
1885598.8125,-835
1885598.8750,-671
1885598.9375,-820
1885599.0000,-234
1885599.0625,1175
1885599.1250,2360
1885599.1875,2948
1885599.2500,2816
1885599.3125,2641
1885599.3750,2641
1885599.4375,2018
1885599.5000,580
1885599.5625,-857
1885599.6250,-1359
1885599.6875,-497
1885599.7500,675
1885599.8125,836
1885599.8750,215
1885599.9375,-354
1885600.0000,-321
1885600.0625,730
1885600.1250,1206
1885600.1875,515
1885600.2500,-661
1885600.3125,-1165
1885600.3750,-1132
1885600.4375,-626
1885600.5000,-749
1885600.5625,-2112
1885600.6250,-3150
1885600.6875,-2968
1885600.7500,-2151
1885600.8125,-1313
1885600.8750,-1217
1885600.9375,-1985
1885601.0000,-1767
1885601.0625,-527
1885601.1250,74
1885601.1875,-26
1885601.2500,-69
1885601.3125,78
1885601.3750,373
1885601.4375,719
1885601.5000,581
1885601.5625,369
1885601.6250,240
1885601.6875,221
1885601.7500,448
1885601.8125,451
1885601.8750,478
1885601.9375,1304
1885602.0000,2326
1885602.0625,2449
1885602.1250,1657
1885602.1875,1472
1885602.2500,1803
1885602.3125,1878
1885602.3750,1631
1885602.4375,1345
1885602.5000,1641
1885602.5625,2714
1885602.6250,3201
1885602.6875,2516
1885602.7500,1563
1885602.8125,503
1885602.8750,-281
1885602.9375,-450
1885603.0000,-59
1885603.0625,320
1885603.1250,483
1885603.1875,1070
1885603.2500,2143
1885603.3125,2361
1885603.3750,1424
1885603.4375,209
1885603.5000,-604
1885603.5625,-264
1885603.6250,1388
1885603.6875,3138
1885603.7500,3832
1885603.8125,4000
1885603.8750,3987
1885603.9375,3927
1885604.0000,3626
1885604.0625,2930
1885604.1250,2520
1885604.1875,3068
1885604.2500,3313
1885604.3125,2540
1885604.3750,1979
1885604.4375,2687
1885604.5000,4274
1885604.5625,5180
1885604.6250,4806
1885604.6875,3694
1885604.7500,2975
1885604.8125,2896
1885604.8750,2604
1885604.9375,1190
1885605.0000,-645
1885605.0625,-1441
1885605.1250,-602
1885605.1875,1122
1885605.2500,2321
1885605.3125,2169
1885605.3750,1583
1885605.4375,1653
1885605.5000,2812
1885605.5625,4148
1885605.6250,4188
1885605.6875,3098
1885605.7500,2624
1885605.8125,3441
1885605.8750,5151
1885605.9375,6662
1885606.0000,6028
1885606.0625,5368
1885606.1250,6378
1885606.1875,7394
1885606.2500,6932
1885606.3125,5697
1885606.3750,5159
1885606.4375,5366
1885606.5000,5476
1885606.5625,5027
1885606.6250,4535
1885606.6875,4471
1885606.7500,5377
1885606.8125,6229
1885606.8750,6068
1885606.9375,4698
1885607.0000,3494
1885607.0625,3171
1885607.1250,3845
1885607.1875,5223
1885607.2500,5636
1885607.3125,3941
1885607.3750,1964
1885607.4375,1938
1885607.5000,3006
1885607.5625,3341
1885607.6250,2324
1885607.6875,1270
1885607.7500,1166
1885607.8125,1771
1885607.8750,2124
1885607.9375,2040
1885608.0000,2390
1885608.0625,3401
1885608.1250,4726
1885608.1875,6489
1885608.2500,7961
1885608.3125,8301
1885608.3750,8369
1885608.4375,8894
1885608.5000,8944
1885608.5625,8160
1885608.6250,7112
1885608.6875,6240
1885608.7500,6546
1885608.8125,8187
1885608.8750,8887
1885608.9375,8610
1885609.0000,8837
1885609.0625,9199
1885609.1250,8774
1885609.1875,8173
1885609.2500,7557
1885609.3125,6215
1885609.3750,5039
1885609.4375,5142
1885609.5000,5695
1885609.5625,5782
1885609.6250,5556
1885609.6875,5346
1885609.7500,5797
1885609.8125,6592
1885609.8750,6573
1885609.9375,5558
1885610.0000,4372
1885610.0625,3893
1885610.1250,4403
1885610.1875,4816
1885610.2500,4114
1885610.3125,3563
1885610.3750,4539
1885610.4375,5239
1885610.5000,5361
1885610.5625,6550
1885610.6250,7780
1885610.6875,7637
1885610.7500,7351
1885610.8125,7291
1885610.8750,7183
1885610.9375,7354
1885611.0000,7628
1885611.0625,8583
1885611.1250,9808
1885611.1875,9244
1885611.2500,7375
1885611.3125,6824
1885611.3750,7586
1885611.4375,8326
1885611.5000,8183
1885611.5625,6680
1885611.6250,4691
1885611.6875,3983
1885611.7500,5312
1885611.8125,7705
1885611.8750,8484
1885611.9375,6170
1885612.0000,3189
1885612.0625,2762
1885612.1250,4670
1885612.1875,6350
1885612.2500,6058
1885612.3125,4041
1885612.3750,2369
1885612.4375,2413
1885612.5000,3266
1885612.5625,3763
1885612.6250,3323
1885612.6875,2859
1885612.7500,3597
1885612.8125,4276
1885612.8750,4625
1885612.9375,4943
1885613.0000,4018
1885613.0625,3176
1885613.1250,4743
1885613.1875,6101
1885613.2500,6548
1885613.3125,6189
1885613.3750,5880
1885613.4375,6353
1885613.5000,7317
1885613.5625,5250
1885613.6250,2156
1885613.6875,4179
1885613.7500,10633
1885613.8125,14768
1885613.8750,12121
1885613.9375,7077
1885614.0000,2581
1885614.0625,815
1885614.1250,607
1885614.1875,1273
1885614.2500,3427
1885614.3125,6825
1885614.3750,7229
1885614.4375,3781
1885614.5000,-450
1885614.5625,-1883
1885614.6250,451
1885614.6875,2597
1885614.7500,3361
1885614.8125,4616
1885614.8750,4597
1885614.9375,2479
1885615.0000,822
1885615.0625,8
1885615.1250,-390
1885615.1875,827
1885615.2500,2529
1885615.3125,5588
1885615.3750,7618
1885615.4375,6862
1885615.5000,4772
1885615.5625,2254
1885615.6250,3088
1885615.6875,6924
1885615.7500,6576
1885615.8125,1689
1885615.8750,533
1885615.9375,2525
1885616.0000,4409
1885616.0625,6844
1885616.1250,5892
1885616.1875,2697
1885616.2500,2690
1885616.3125,2615
1885616.3750,1036
1885616.4375,2050
1885616.5000,3338
1885616.5625,2724
1885616.6250,2688
1885616.6875,3293
1885616.7500,2535
1885616.8125,1567
1885616.8750,384
1885616.9375,1425
1885617.0000,4706
1885617.0625,6394
1885617.1250,5317
1885617.1875,2772
1885617.2500,561
1885617.3125,1280
1885617.3750,4029
1885617.4375,5213
1885617.5000,4488
1885617.5625,3047
1885617.6250,2830
1885617.6875,4706
1885617.7500,6214
1885617.8125,4422
1885617.8750,1898
1885617.9375,2223
1885642.0000,4771
1885642.0625,3282
1885642.1250,1625
1885642.1875,844
1885642.2500,885
1885642.3125,1310
1885642.3750,1211
1885642.4375,183
1885642.5000,-704
1885642.5625,44
1885642.6250,654
1885642.6875,-809
1885642.7500,-3328
1885642.8125,-4254
1885642.8750,-2598
1885642.9375,-16
1885643.0000,785
1885643.0625,-174
1885643.1250,-201
1885643.1875,1701
1885643.2500,3873
1885643.3125,4076
1885643.3750,2387
1885643.4375,692
1885643.5000,-140
1885643.5625,217
1885643.6250,1599
1885643.6875,2447
1885643.7500,2820
1885643.8125,4200
1885643.8750,5808
1885643.9375,6281
1885644.0000,5799
1885644.0625,5164
1885644.1250,4883
1885644.1875,5505
1885644.2500,6593
1885644.3125,6852
1885644.3750,5399
1885644.4375,3871
1885644.5000,4282
1885644.5625,5382
1885644.6250,5697
1885644.6875,4746
1885644.7500,2958
1885644.8125,2557
1885644.8750,4179
1885644.9375,5342
1885645.0000,4346
1885645.0625,2821
1885645.1250,2722
1885645.1875,3256
1885645.2500,3478
1885645.3125,3079
1885645.3750,1716
1885645.4375,11
1885645.5000,-423
1885645.5625,637
1885645.6250,1779
1885645.6875,2075
1885645.7500,1767
1885645.8125,2386
1885645.8750,4465
1885645.9375,6095
1885646.0000,5856
1885646.0625,4852
1885646.1250,4960
1885646.1875,6763
1885646.2500,9045
1885646.3125,9549
1885646.3750,7775
1885646.4375,5995
1885646.5000,6633
1885646.5625,8578
1885646.6250,9711
1885646.6875,9339
1885646.7500,8794
1885646.8125,8564
1885646.8750,8467
1885646.9375,7968
1885647.0000,6411
1885647.0625,4264
1885647.1250,3307
1885647.1875,4236
1885647.2500,5338
1885647.3125,5017
1885647.3750,3127
1885647.4375,1615
1885647.5000,2848
1885647.5625,5148
1885647.6250,5030
1885647.6875,2913
1885647.7500,1989
1885647.8125,3023
1885647.8750,4845
1885647.9375,6143
1885648.0000,5708
1885648.0625,4378
1885648.1250,3437
1885648.1875,3148
1885648.2500,3417
1885648.3125,4795
1885648.3750,6054
1885648.4375,6549
1885648.5000,7323
1885648.5625,8078
1885648.6250,7783
1885648.6875,7149
1885648.7500,7270
1885648.8125,7735
1885648.8750,7247
1885648.9375,5513
1885649.0000,4398
1885649.0625,5229
1885649.1250,7237
1885649.1875,8168
1885649.2500,5867
1885649.3125,2509
1885649.3750,1749
1885649.4375,3119
1885649.5000,4567
1885649.5625,5182
1885649.6250,4411
1885649.6875,3153
1885649.7500,2802
1885649.8125,2922
1885649.8750,3353
1885649.9375,3407
1885650.0000,2176
1885650.0625,784
1885650.1250,1334
1885650.1875,3796
1885650.2500,4984
1885650.3125,3080
1885650.3750,1523
1885650.4375,2256
1885650.5000,4002
1885650.5625,5142
1885650.6250,5210
1885650.6875,3422
1885650.7500,3181
1885650.8125,5187
1885650.8750,6683
1885650.9375,6729
1885651.0000,6147
1885651.0625,5223
1885651.1250,5192
1885651.1875,5913
1885651.2500,2880
1885651.3125,-506
1885651.3750,1935
1885651.4375,8237
1885651.5000,11344
1885651.5625,8535
1885651.6250,2524
1885651.6875,-2369
1885651.7500,-2454
1885651.8125,284
1885651.8750,3410
1885651.9375,5841
1885652.0000,5972
1885652.0625,3995
1885652.1250,2700
1885652.1875,2873
1885652.2500,2824
1885652.3125,946
1885652.3750,-2450
1885652.4375,-2757
1885652.5000,125
1885652.5625,736
1885652.6250,-1668
1885652.6875,-3644
1885652.7500,-3681
1885652.8125,-1811
1885652.8750,675
1885652.9375,2670
1885653.0000,3835
1885653.0625,3707
1885653.1250,4495
1885653.1875,4631
1885653.2500,3546
1885653.3125,5121
1885653.3750,6834
1885653.4375,4475
1885653.5000,2902
1885653.5625,4616
1885653.6250,4572
1885653.6875,4356
1885653.7500,5061
1885653.8125,4043
1885653.8750,4979
1885653.9375,6067
1885654.0000,3370
1885654.0625,2464
1885654.1250,5341
1885654.1875,5432
1885654.2500,2233
1885654.3125,-260
1885654.3750,-2312
1885654.4375,-2429
1885654.5000,-790
1885654.5625,-500
1885654.6250,8
1885654.6875,1769
1885654.7500,2794
1885654.8125,2873
1885654.8750,3030
1885654.9375,1645
1885655.0000,-829
1885655.0625,-1514
1885655.1250,209
1885655.1875,1937
1885655.2500,1551
1885655.3125,1057
1885655.3750,2097
1885655.4375,4335
1885655.5000,4794
1885655.5625,4052
1885655.6250,3077
1885655.6875,1793
1885655.7500,3018
1885655.8125,6234
1885655.8750,6815
1885655.9375,4593
1885656.0000,3209
1885656.0625,4194
1885656.1250,6922
1885656.1875,7891
1885656.2500,4165
1885656.3125,80
1885656.3750,-1446
1885656.4375,-47
1885656.5000,2531
1885656.5625,3706
1885656.6250,2494
1885656.6875,1534
1885656.7500,1107
1885656.8125,505
1885656.8750,203
1885656.9375,-831
1885657.0000,-1689
1885657.0625,-1438
1885657.1250,-949
1885657.1875,-1017
1885657.2500,-481
1885657.3125,816
1885657.3750,1977
1885657.4375,3178
1885657.5000,3906
1885657.5625,2395
1885657.6250,-258
1885657.6875,-274
1885657.7500,2724
1885657.8125,4646
1885657.8750,3789
1885657.9375,1799
1885658.0000,1486
1885658.0625,3350
1885658.1250,4967
1885658.1875,4751
1885658.2500,3392
1885658.3125,1900
1885658.3750,1919
1885658.4375,4512
1885658.5000,6529
1885658.5625,5086
1885658.6250,1354
1885658.6875,-1612
1885658.7500,-1061
1885658.8125,1948
1885658.8750,3149
1885658.9375,1010
1885659.0000,-1059
1885659.0625,-1057
1885659.1250,453
1885659.1875,2404
1885659.2500,2457
1885659.3125,1143
1885659.3750,600
1885659.4375,1216
1885659.5000,1775
1885659.5625,1450
1885659.6250,572
1885659.6875,987
1885659.7500,2577
1885659.8125,2638
1885659.8750,915
1885659.9375,-361
1885660.0000,473
1885660.0625,3038
1885660.1250,5059
1885660.1875,5205
1885660.2500,3516
1885660.3125,1148
1885660.3750,399
1885660.4375,1566
1885660.5000,1927
1885660.5625,1075
1885660.6250,791
1885660.6875,1414
1885660.7500,3307
1885660.8125,4417
1885660.8750,2362
1885660.9375,-920
1885661.0000,-2379
1885661.0625,-2124
1885661.1250,-126
1885661.1875,1139
1885661.2500,-284
1885661.3125,-1782
1885661.3750,-1279
1885661.4375,750
1885661.5000,2062
1885661.5625,1361
1885661.6250,-580
1885661.6875,-1765
1885661.7500,-1296
1885661.8125,-1029
1885661.8750,-2020
1885661.9375,-3733
1885662.0000,-2930
1885662.0625,-1274
1885662.1250,80
1885662.1875,419
1885662.2500,-494
1885662.3125,-1007
1885662.3750,387
1885662.4375,1275
1885662.5000,642
1885662.5625,62
1885662.6250,-165
1885662.6875,-614
1885662.7500,278
1885662.8125,1127
1885662.8750,936
1885662.9375,405
1885663.0000,-291
1885663.0625,-407
1885663.1250,1664
1885663.1875,3223
1885663.2500,1213
1885663.3125,-2794
1885663.3750,-4081
1885663.4375,-2568
1885663.5000,-1003
1885663.5625,-513
1885663.6250,-1126
1885663.6875,-2379
1885663.7500,-2416
1885663.8125,-1533
1885663.8750,-978
1885663.9375,-1647
1885664.0000,-3530
1885664.0625,-5208
1885664.1250,-4509
1885664.1875,-2268
1885664.2500,-2212
1885664.3125,-3102
1885664.3750,-2944
1885664.4375,-2503
1885664.5000,-2879
1885664.5625,-2979
1885664.6250,-2169
1885664.6875,-769
1885664.7500,371
1885664.8125,1037
1885664.8750,1262
1885664.9375,1318
1885665.0000,337
1885665.0625,-929
1885665.1250,-989
1885665.1875,-1025
1885665.2500,-1286
1885665.3125,-771
1885665.3750,1341
1885665.4375,2938
1885665.5000,2686
1885665.5625,38
1885665.6250,-2251
1885665.6875,-3271
1885665.7500,-3831
1885665.8125,-4036
1885665.8750,-3663
1885665.9375,-3982
1885666.0000,-4358
1885666.0625,-2618
1885666.1250,-124
1885666.1875,639
1885666.2500,-764
1885666.3125,-3633
1885666.3750,-5316
1885666.4375,-4085
1885666.5000,-3410
1885666.5625,-4273
1885666.6250,-4932
1885666.6875,-4304
1885666.7500,-1829
1885666.8125,666
1885666.8750,785
1885666.9375,-752
1885667.0000,-1709
1885667.0625,-1264
1885667.1250,-962
1885667.1875,-1810
1885667.2500,-3047
1885667.3125,-2544
1885667.3750,108
1885667.4375,3220
1885667.5000,3353
1885667.5625,58
1885667.6250,-2424
1885667.6875,-1675
1885667.7500,-170
1885667.8125,-896
1885667.8750,-2651
1885667.9375,-3530
1885668.0000,-2047
1885668.0625,1060
1885668.1250,3290
1885668.1875,3198
1885668.2500,1513
1885668.3125,-733
1885668.3750,-1947
1885668.4375,-1686
1885668.5000,-883
1885668.5625,-614
1885668.6250,-968
1885668.6875,-447
1885668.7500,714
1885668.8125,1052
1885668.8750,206
1885668.9375,-513
1885669.0000,-784
1885669.0625,-815
1885669.1250,-1784
1885669.1875,-2909
1885669.2500,-2000
1885669.3125,-78
1885669.3750,797
1885669.4375,446
1885669.5000,-828
1885669.5625,-2411
1885669.6250,-3100
1885669.6875,-2973
1885669.7500,-2599
1885669.8125,-2683
1885669.8750,-3474
1885669.9375,-3649
1885670.0000,-2369
1885670.0625,-776
1885670.1250,-281
1885670.1875,-718
1885670.2500,-1749
1885670.3125,-2962
1885670.3750,-3654
1885670.4375,-4537
1885670.5000,-5679
1885670.5625,-6215
1885670.6250,-5793
1885670.6875,-4584
1885670.7500,-4192
1885670.8125,-4910
1885670.8750,-5695
1885670.9375,-5970
1885671.0000,-5978
1885671.0625,-6065
1885671.1250,-6479
1885671.1875,-6766
1885671.2500,-5794
1885671.3125,-4424
1885671.3750,-2985
1885671.4375,-2077
1885671.5000,-2868
1885671.5625,-3892
1885671.6250,-2634
1885671.6875,-687
1885671.7500,-583
1885671.8125,-1599
1885671.8750,-2959
1885671.9375,-4235
1885672.0000,-3931
1885672.0625,-2188
1885672.1250,-1277
1885672.1875,-1898
1885672.2500,-2516
1885672.3125,-1628
1885672.3750,175
1885672.4375,629
1885672.5000,-941
1885672.5625,-3163
1885672.6250,-4313
1885672.6875,-3190
1885672.7500,-834
1885672.8125,272
1885672.8750,-540
1885672.9375,-1523
1885673.0000,-1682
1885673.0625,-1570
1885673.1250,-1896
1885673.1875,-2816
1885673.2500,-3039
1885673.3125,-2389
1885673.3750,-2548
1885673.4375,-3148
1885673.5000,-3310
1885673.5625,-2779
1885673.6250,-1621
1885673.6875,-776
1885673.7500,-1030
1885673.8125,-1935
1885673.8750,-2065
1885673.9375,-950
1885674.0000,-13
1885674.0625,-1417
1885674.1250,-3997
1885674.1875,-5295
1885674.2500,-4824
1885674.3125,-2807
1885674.3750,-559
1885674.4375,-127
1885674.5000,-1560
1885674.5625,-3166
1885674.6250,-3002
1885674.6875,-1277
1885674.7500,73
1885674.8125,-725
1885674.8750,-2085
1885674.9375,-3110
1885675.0000,-3622
1885675.0625,-2485
1885675.1250,64
1885675.1875,941
1885675.2500,-681
1885675.3125,-2737
1885675.3750,-4207
1885675.4375,-5107
1885675.5000,-4310
1885675.5625,-2520
1885675.6250,-736
1885675.6875,440
1885675.7500,-401
1885675.8125,-2743
1885675.8750,-3772
1885675.9375,-3406
1885676.0000,-2649
1885676.0625,-2360
1885676.1250,-3449
1885676.1875,-4033
1885676.2500,-2310
1885676.3125,681
1885676.3750,1802
1885676.4375,961
1885676.5000,-419
1885676.5625,-1617
1885676.6250,-1195
1885676.6875,448
1885676.7500,1524
1885676.8125,2635
1885676.8750,3875
1885676.9375,3536
1885677.0000,2381
1885677.0625,1528
1885677.1250,521
1885677.1875,23
1885677.2500,200
1885677.3125,-373
1885677.3750,-1487
1885677.4375,-1791
1885677.5000,-1601
1885677.5625,-1484
1885677.6250,-1100
1885677.6875,-1044
1885677.7500,-1596
1885677.8125,-2152
1885677.8750,-2766
1885677.9375,-3339
1885678.0000,-2957
1885678.0625,-1794
1885678.1250,-1430
1885678.1875,-1596
1885678.2500,-1514
1885678.3125,-732
1885678.3750,503
1885678.4375,1473
1885678.5000,1733
1885678.5625,938
1885678.6250,29
1885678.6875,256
1885678.7500,1694
1885678.8125,2982
1885678.8750,3663
1885678.9375,3395
1885679.0000,3042
1885679.0625,3373
1885679.1250,3648
1885679.1875,3728
1885679.2500,4041
1885679.3125,4596
1885679.3750,4501
1885679.4375,3637
1885679.5000,2899
1885679.5625,2755
1885679.6250,3680
1885679.6875,5304
1885679.7500,6092
1885679.8125,6258
1885679.8750,6517
1885679.9375,5818
1885680.0000,4247
1885680.0625,3155
1885680.1250,2815
1885680.1875,3209
1885680.2500,3342
1885680.3125,1815
1885680.3750,-151
1885680.4375,-816
1885680.5000,-759
1885680.5625,-696
1885680.6250,-937
1885680.6875,-1608
1885680.7500,-1691
1885680.8125,-1145
1885680.8750,-594
1885680.9375,2
1885681.0000,847
1885681.0625,1329
1885681.1250,1506
1885681.1875,1287
1885681.2500,1712
1885681.3125,3037
1885681.3750,3867
1885681.4375,4526
1885681.5000,5317
1885681.5625,5391
1885681.6250,4551
1885681.6875,4361
1885681.7500,5301
1885681.8125,6262
1885681.8750,5708
1885681.9375,4201
1885682.0000,3566
1885682.0625,4571
1885682.1250,6504
1885682.1875,7550
1885682.2500,6740
1885682.3125,4294
1885682.3750,3086
1885682.4375,3435
1885682.5000,4095
1885682.5625,5052
1885682.6250,5267
1885682.6875,3976
1885682.7500,2914
1885682.8125,3078
1885682.8750,3576
1885682.9375,3803
1885683.0000,4231
1885683.0625,4335
1885683.1250,4124
1885683.1875,4588
1885683.2500,5143
1885683.3125,5104
1885683.3750,4613
1885683.4375,4112
1885683.5000,3921
1885683.5625,3904
1885683.6250,4591
1885683.6875,5779
1885683.7500,6559
1885683.8125,6900
1885683.8750,6979
1885683.9375,7120
1885684.0000,7681
1885684.0625,7369
1885684.1250,5814
1885684.1875,3932
1885684.2500,3316
1885684.3125,4809
1885684.3750,6622
1885684.4375,7545
1885684.5000,8025
1885684.5625,8611
1885684.6250,8541
1885684.6875,8235
1885684.7500,8388
1885684.8125,8083
1885684.8750,6065
1885684.9375,3642
1885685.0000,2320
1885685.0625,2597
1885685.1250,4030
1885685.1875,5021
1885685.2500,4080
1885685.3125,2279
1885685.3750,1875
1885685.4375,2254
1885685.5000,3038
1885685.5625,4254
1885685.6250,4386
1885685.6875,2302
1885685.7500,952
1885685.8125,1833
1885685.8750,4266
1885685.9375,6889
1885686.0000,7958
1885686.0625,6428
1885686.1250,4003
1885686.1875,3856
1885686.2500,6178
1885686.3125,8260
1885686.3750,7550
1885686.4375,6167
1885686.5000,6882
1885686.5625,8249
1885686.6250,8317
1885686.6875,8158
1885686.7500,8718
1885686.8125,8826
1885686.8750,6917
1885686.9375,4697
1885687.0000,4595
1885687.0625,6059
1885687.1250,7067
1885687.1875,6793
1885687.2500,5131
1885687.3125,3374
1885687.3750,2556
1885687.4375,2827
1885687.5000,3024
1885687.5625,2655
1885687.6250,1856
1885687.6875,1768
1885687.7500,2258
1885687.8125,2787
1885687.8750,4161
1885687.9375,4973
1885688.0000,4986
1885688.0625,5270
1885688.1250,5512
1885688.1875,4254
1885688.2500,4044
1885688.3125,4663
1885688.3750,6918
1885688.4375,8676
1885688.5000,9031
1885688.5625,7305
1885688.6250,5509
1885688.6875,3133
1885688.7500,412
1885688.8125,1280
1885688.8750,7103
1885688.9375,11509
1885689.0000,9894
1885689.0625,4975
1885689.1250,1034
1885689.1875,-1015
1885689.2500,-1175
1885689.3125,1963
1885689.3750,7126
1885689.4375,8857
1885689.5000,4443
1885689.5625,-1377
1885689.6250,-4489
1885689.6875,-3722
1885689.7500,585
1885689.8125,3970
1885689.8750,4017
1885689.9375,2477
1885690.0000,874
1885690.0625,540
1885690.1250,1667
1885690.1875,1910
1885690.2500,46
1885690.3125,-1596
1885690.3750,-1170
1885690.4375,1330
1885690.5000,2504
1885690.5625,1874
1885690.6250,2798
1885690.6875,3843
1885690.7500,4016
1885690.8125,5294
1885690.8750,5510
1885690.9375,4347
1885691.0000,4056
1885691.0625,3523
1885691.1250,4043
1885691.1875,6571
1885691.2500,7614
1885691.3125,6346
1885691.3750,5138
1885691.4375,2641
1885691.5000,-145
1885691.5625,865
1885691.6250,3377
1885691.6875,4704
1885691.7500,4236
1885691.8125,2094
1885691.8750,610
1885691.9375,664
1885692.0000,-166
1885692.0625,-410
1885692.1250,1772
1885692.1875,4229
1885692.2500,4323
1885692.3125,3016
1885692.3750,1112
1885692.4375,185
1885692.5000,348
1885692.5625,-170
1885692.6250,-1103
1885692.6875,-1494
1885692.7500,-1824
1885692.8125,-1850
1885692.8750,206
1885692.9375,3167
1885693.0000,4603
1885693.0625,4589
1885693.1250,3559
1885693.1875,1511
1885693.2500,846
1885693.3125,1754
1885693.3750,2966
1885693.4375,4166
1885693.5000,5283
1885693.5625,6205
1885693.6250,6304
1885693.6875,4317
1885693.7500,1569
1885693.8125,232
1885693.8750,663
1885693.9375,2815
1885694.0000,4108
1885694.0625,2463
1885694.1250,4
1885694.1875,-715
1885694.2500,307
1885694.3125,2716
1885694.3750,4937
1885694.4375,5445
1885694.5000,5151
1885694.5625,5594
1885694.6250,6095
1885694.6875,5327
1885694.7500,2945
1885694.8125,659
1885694.8750,-284
1885694.9375,777
1885695.0000,1885
1885695.0625,1460
1885695.1250,67
1885695.1875,-441
1885695.2500,1257
1885695.3125,3602
1885695.3750,3675
1885695.4375,1560
1885695.5000,492
1885695.5625,1250
1885695.6250,2789
1885695.6875,3009
1885695.7500,2278
1885695.8125,1868
1885695.8750,2510
1885695.9375,3838
1885696.0000,4803
1885696.0625,4626
1885696.1250,3312
1885696.1875,1981
1885696.2500,2194
1885696.3125,3513
1885696.3750,3791
1885696.4375,2523
1885696.5000,2148
1885696.5625,2992
1885696.6250,3696
1885696.6875,3697
1885696.7500,2800
1885696.8125,2293
1885696.8750,2653
1885696.9375,1974
1885697.0000,-6
1885697.0625,-1675
1885697.1250,-2543
1885697.1875,-1626
1885697.2500,474
1885697.3125,1651
1885697.3750,377
1885697.4375,-1650
1885697.5000,-1787
1885697.5625,709
1885697.6250,3645
1885697.6875,4360
1885697.7500,1684
1885697.8125,-1665
1885697.8750,-2564
1885697.9375,-1856
1885698.0000,-989
1885698.0625,-500
1885698.1250,-587
1885698.1875,-675
1885698.2500,312
1885698.3125,1863
1885698.3750,2771
1885698.4375,2700
1885698.5000,1479
1885698.5625,-188
1885698.6250,-187
1885698.6875,812
1885698.7500,1111
1885698.8125,711
1885698.8750,338
1885698.9375,250
1885699.0000,461
1885699.0625,364
1885699.1250,-67
1885699.1875,163
1885699.2500,151
1885699.3125,-1042
1885699.3750,-2485
1885699.4375,-2839
1885699.5000,-2617
1885699.5625,-1034
1885699.6250,1008
1885699.6875,1108
1885699.7500,-68
1885699.8125,-767
1885699.8750,819
1885699.9375,2281
1885700.0000,1837
1885700.0625,-1157
1885700.1250,-4230
1885700.1875,-3853
1885700.2500,-1238
1885700.3125,36
1885700.3750,95
1885700.4375,453
1885700.5000,969
1885700.5625,227
1885700.6250,-140
1885700.6875,46
1885700.7500,501
1885700.8125,702
1885700.8750,484
1885700.9375,-536
1885701.0000,-1140
1885701.0625,-799
1885701.1250,-441
1885701.1875,-1324
1885701.2500,-2039
1885701.3125,-2429
1885701.3750,-3444
1885701.4375,-3320
1885701.5000,-1080
1885701.5625,370
1885701.6250,-538
1885701.6875,-2881
1885701.7500,-3518
1885701.8125,-1441
1885701.8750,80
1885701.9375,-1192
1885702.0000,-2657
1885702.0625,-2487
1885702.1250,-2135
1885702.1875,-1975
1885702.2500,-2531
1885702.3125,-3192
1885702.3750,-3158
1885702.4375,-2703
1885702.5000,-2556
1885702.5625,-3195
1885702.6250,-3978
1885702.6875,-3515
1885702.7500,-2125
1885702.8125,-223
1885702.8750,124
1885702.9375,-654
1885703.0000,-298
1885703.0625,790
1885703.1250,613
1885703.1875,-838
1885703.2500,-1617
1885703.3125,-1645
1885703.3750,-728
1885703.4375,136
1885703.5000,636
1885703.5625,82
1885703.6250,-764
1885703.6875,-739
1885703.7500,107
1885703.8125,661
1885703.8750,-909
1885703.9375,-3787
1885704.0000,-4755
1885704.0625,-2825
1885704.1250,-933
1885704.1875,-1708
1885704.2500,-3534
1885704.3125,-4681
1885704.3750,-4573
1885704.4375,-3619
1885704.5000,-2774
1885704.5625,-3117
1885704.6250,-3839
1885704.6875,-3186
1885704.7500,-1520
1885704.8125,562
1885704.8750,1680
1885704.9375,1188
1885705.0000,145
1885705.0625,310
1885705.1250,660
1885705.1875,143
1885705.2500,-207
1885705.3125,825
1885705.3750,2440
1885705.4375,2395
1885705.5000,346
1885705.5625,-2505
1885705.6250,-3951
1885705.6875,-2711
1885705.7500,-406
1885705.8125,612
1885705.8750,301
1885705.9375,323
1885706.0000,1432
1885706.0625,3325
1885706.1250,3947
1885706.1875,2018
1885706.2500,-486
1885706.3125,-1622
1885706.3750,-1668
1885706.4375,-1474
1885706.5000,-1791
1885706.5625,-2661
1885706.6250,-3172
1885706.6875,-2279
1885706.7500,-1495
1885706.8125,-2111
1885706.8750,-3366
1885706.9375,-4135
1885707.0000,-4118
1885707.0625,-3335
1885707.1250,-3067
1885707.1875,-3980
1885707.2500,-3827
1885707.3125,-1914
1885707.3750,-391
1885707.4375,232
1885707.5000,227
1885707.5625,-1036
1885707.6250,-2558
1885707.6875,-2320
1885707.7500,-1322
1885707.8125,-1245
1885707.8750,-1800
1885707.9375,-2529
1885708.0000,-2697
1885708.0625,-1724
1885708.1250,-926
1885708.1875,-1923
1885708.2500,-3937
1885708.3125,-4286
1885708.3750,-2166
1885708.4375,-764
1885708.5000,-1826
1885708.5625,-4355
1885708.6250,-6316
1885708.6875,-6452
1885708.7500,-4873
1885708.8125,-3624
1885708.8750,-3930
1885708.9375,-5153
1885709.0000,-5555
1885709.0625,-4900
1885709.1250,-4570
1885709.1875,-4989
1885709.2500,-5451
1885709.3125,-5657
1885709.3750,-5959
1885709.4375,-6048
1885709.5000,-5999
1885709.5625,-5398
1885709.6250,-3254
1885709.6875,-1060
1885709.7500,-595
1885709.8125,-1354
1885709.8750,-1529
1885709.9375,-1159
1885710.0000,-1356
1885710.0625,-1921
1885710.1250,-2311
1885710.1875,-3131
1885710.2500,-3735
1885710.3125,-3041
1885710.3750,-1271
1885710.4375,-113
1885710.5000,-1433
1885710.5625,-3965
1885710.6250,-5101
1885710.6875,-4332
1885710.7500,-2978
1885710.8125,-2853
1885710.8750,-4071
1885710.9375,-4883
1885711.0000,-4421
1885711.0625,-2456
1885711.1250,-742
1885711.1875,-356
1885711.2500,-1032
1885711.3125,-1402
1885711.3750,-1641
1885711.4375,-2257
1885711.5000,-2542
1885711.5625,-2455
1885711.6250,-1710
1885711.6875,-994
1885711.7500,-825
1885711.8125,-987
1885711.8750,-1064
1885711.9375,-1359
1885712.0000,-1827
1885712.0625,-2115
1885712.1250,-3250
1885712.1875,-4312
1885712.2500,-3791
1885712.3125,-1983
1885712.3750,-274
1885712.4375,768
1885712.5000,99
1885712.5625,-1333
1885712.6250,-1368
1885712.6875,-822
1885712.7500,-1032
1885712.8125,-2115
1885712.8750,-3376
1885712.9375,-3716
1885713.0000,-2877
1885713.0625,-1922
1885713.1250,-2840
1885713.1875,-3902
1885713.2500,-3369
1885713.3125,-2385
1885713.3750,-2403
1885713.4375,-3990
1885713.5000,-6706
1885713.5625,-8664
1885713.6250,-7962
1885713.6875,-5418
1885713.7500,-2602
1885713.8125,-1271
1885713.8750,-1606
1885713.9375,-1872
1885746.0000,-2468
1885746.0625,-3423
1885746.1250,-5748
1885746.1875,-8154
1885746.2500,-8504
1885746.3125,-6719
1885746.3750,-5447
1885746.4375,-6039
1885746.5000,-6935
1885746.5625,-6275
1885746.6250,-4285
1885746.6875,-3356
1885746.7500,-4514
1885746.8125,-6694
1885746.8750,-8047
1885746.9375,-7061
1885747.0000,-4866
1885747.0625,-3769
1885747.1250,-3852
1885747.1875,-3879
1885747.2500,-3353
1885747.3125,-2390
1885747.3750,-2171
1885747.4375,-4098
1885747.5000,-6623
1885747.5625,-6746
1885747.6250,-4874
1885747.6875,-4028
1885747.7500,-4695
1885747.8125,-5290
1885747.8750,-4949
1885747.9375,-4232
1885748.0000,-3902
1885748.0625,-3761
1885748.1250,-3797
1885748.1875,-3536
1885748.2500,-1415
1885748.3125,1469
1885748.3750,2636
1885748.4375,722
1885748.5000,-3377
1885748.5625,-6127
1885748.6250,-4380
1885748.6875,-1603
1885748.7500,-717
1885748.8125,-2024
1885748.8750,-2786
1885748.9375,-2269
1885749.0000,-1044
1885749.0625,-3289
1885749.1250,-8339
1885749.1875,-9808
1885749.2500,-4784
1885749.3125,1760
1885749.3750,3942
1885749.4375,811
1885749.5000,-4115
1885749.5625,-5090
1885749.6250,-2722
1885749.6875,-322
1885749.7500,1689
1885749.8125,2829
1885749.8750,1038
1885749.9375,-973
1885750.0000,-2328
1885750.0625,-3300
1885750.1250,-2240
1885750.1875,-1306
1885750.2500,-1893
1885750.3125,-2255
1885750.3750,-2623
1885750.4375,-3444
1885750.5000,-2878
1885750.5625,-1275
1885750.6250,-2287
1885750.6875,-5585
1885750.7500,-7027
1885750.8125,-5099
1885750.8750,-3432
1885750.9375,-3339
1885751.0000,-3824
1885751.0625,-5392
1885751.1250,-5811
1885751.1875,-3374
1885751.2500,-1765
1885751.3125,-2745
1885751.3750,-3720
1885751.4375,-4729
1885751.5000,-4363
1885751.5625,-1537
1885751.6250,-1415
1885751.6875,-4579
1885751.7500,-5914
1885751.8125,-5211
1885751.8750,-3061
1885751.9375,897
1885752.0000,2662
1885752.0625,1088
1885752.1250,-1225
1885752.1875,-3007
1885752.2500,-2818
1885752.3125,-1231
1885752.3750,-1521
1885752.4375,-1577
1885752.5000,915
1885752.5625,2689
1885752.6250,2069
1885752.6875,1045
1885752.7500,517
1885752.8125,959
1885752.8750,1416
1885752.9375,-80
1885753.0000,-2324
1885753.0625,-3118
1885753.1250,-1798
1885753.1875,592
1885753.2500,1970
1885753.3125,1612
1885753.3750,291
1885753.4375,-308
1885753.5000,-135
1885753.5625,-94
1885753.6250,-186
1885753.6875,-635
1885753.7500,-1341
1885753.8125,-1288
1885753.8750,87
1885753.9375,1707
